party_id,full_name,address_line,suburb,state,postcode,risk_rating,segment,updated_at,marketing_consent
P000000,Bao Nguyen,380 Braddon Road,Braddon,ACT,2612,LOW,RETAIL,2026-01-15T00:00:00,N
P000001,Ines Smith,303 Surry Hills Road,Surry Hills,NSW,2010,LOW,RETAIL,2026-01-15T00:00:00,Y
P000002,Ines Nguyen,288 Brunswick Road,Brunswick,VIC,3056,HIGH,PREMIUM,2026-01-15T00:00:00,N
P000003,Dana Muller,302 Fremantle Road,Fremantle,WA,6160,LOW,STUDENT,2026-01-15T00:00:00,Y
P000004,Grace Kim,85 Braddon Road,Braddon,ACT,2612,MEDIUM,RETAIL,2026-03-15T09:00:00,N
P000005,Bao Kim,177 Fremantle Road,Fremantle,WA,6160,LOW,PREMIUM,2026-01-15T00:00:00,Y
P000006,Bao Silva,41 Norwood Road,Norwood,SA,5067,HIGH,PREMIUM,2026-01-15T00:00:00,N
P000007,Jai Rossi,254 Norwood Terrace,Norwood,SA,5067,HIGH,RETAIL,2026-03-15T16:45:00,Y
P000008,Bao Rossi,52 Fortitude Valley Road,Fortitude Valley,QLD,4006,MEDIUM,PREMIUM,2026-01-15T00:00:00,N
P000009,Carlos Kim,182 West End Road,West End,QLD,4101,MEDIUM,PREMIUM,2026-01-15T00:00:00,Y
P000010,Bao Okafor,274 Braddon Road,Braddon,ACT,2612,LOW,RETAIL,2026-01-15T00:00:00,N
P000011,Ines Rossi,351 Fortitude Valley Road,Fortitude Valley,QLD,4006,LOW,RETAIL,2026-01-15T00:00:00,Y
P000012,Fatima Silva,324 Fitzroy Road,Fitzroy,VIC,3065,HIGH,STUDENT,2026-02-15T09:00:00,N
P000013,Dana Muller,203 West End Road,West End,QLD,4101,HIGH,RETAIL,2026-01-15T00:00:00,Y
P000014,Carlos Rossi,382 Fortitude Valley Road,Fortitude Valley,QLD,4006,MEDIUM,PREMIUM,2026-01-15T00:00:00,N
P000015,Jai Silva,186 Fremantle Road,Fremantle,WA,6160,LOW,RETAIL,2026-01-15T00:00:00,Y
P000016,Alice Smith,79 Surry Hills Road,Surry Hills,NSW,2010,HIGH,RETAIL,2026-01-15T00:00:00,N
P000017,Grace Silva,97 Battery Point Road,Battery Point,TAS,7004,HIGH,RETAIL,2026-01-15T09:00:00,Y
P000018,Alice Smith,350 Norwood Road,Norwood,SA,5067,MEDIUM,STUDENT,2026-01-15T00:00:00,N
P000019,Bao Patel,43 Surry Hills Road,Surry Hills,NSW,2010,LOW,SENIOR,2026-03-15T09:00:00,Y
P000020,Eitan Haddad,391 Nightcliff Road,Nightcliff,NT,0810,LOW,STUDENT,2026-01-15T00:00:00,N
P000021,Ines Rossi,79 Fortitude Valley Road,Fortitude Valley,QLD,4006,LOW,RETAIL,2026-01-15T00:00:00,Y
P000022,Alice Kim,251 Norwood Road,Norwood,SA,5067,,SENIOR,2026-01-15T00:00:00,N
P000023,Dana Nguyen,124 Fortitude Valley Road,Fortitude Valley,QLD,4006,LOW,RETAIL,2026-01-15T00:00:00,Y
P000024,Bao Haddad,393 Subiaco Road,Subiaco,WA,6008,HIGH,RETAIL,2026-01-15T00:00:00,N
P000025,Carlos Patel,271 Norwood Road,Norwood,SA,5067,MEDIUM,SENIOR,2026-01-15T00:00:00,Y
P000026,Dana Patel,342 Norwood Road,Norwood,SA,5067,HIGH,RETAIL,2026-03-15T09:00:00,N
P000027,Hiro Smith,82 Surry Hills Road,Surry Hills,NSW,2010,MEDIUM,RETAIL,2026-02-15T09:00:00,Y
P000028,Dana Rossi,248 Braddon Road,Braddon,ACT,2612,HIGH,RETAIL,2026-01-15T09:00:00,N
P000029,Alice Kim,37 Surry Hills Road,Surry Hills,NSW,2010,MEDIUM,PREMIUM,2026-01-15T00:00:00,Y
P000030,Ines Okafor,371 Brunswick Road,Brunswick,VIC,3056,HIGH,RETAIL,2026-01-15T00:00:00,N
P000031,Hiro Silva,182 Fitzroy Road,Fitzroy,VIC,3065,HIGH,RETAIL,2026-03-15T09:00:00,Y
P000032,Grace Muller,374 Fremantle Road,Fremantle,WA,6160,HIGH,SENIOR,2026-01-15T00:00:00,N
P000033,Alice Silva,54 Fortitude Valley Road,Fortitude Valley,QLD,4006,LOW,RETAIL,2026-03-15T09:00:00,Y
P000034,Ines Muller,268 Braddon Road,Braddon,ACT,2612,MEDIUM,RETAIL,2026-03-15T09:00:00,N
P000035,Hiro Haddad,51 Surry Hills Road,Surry Hills,NSW,2010,HIGH,STUDENT,2026-01-15T00:00:00,Y
P000036,Dana Okafor,13 Brunswick Road,Brunswick,VIC,3056,LOW,STUDENT,2026-03-15T09:00:00,N
P000037,Carlos Silva,164 Fortitude Valley Road,Fortitude Valley,QLD,4006,MEDIUM,SENIOR,2026-02-15T09:00:00,Y
P000038,Eitan Silva,357 Subiaco Road,Subiaco,WA,6008,HIGH,PREMIUM,2026-01-15T00:00:00,N
P000039,Carlos Rossi,152 Subiaco Road,Subiaco,WA,6008,LOW,RETAIL,2026-01-15T00:00:00,Y
P000040,Alice Kim,8 Newtown Road,Newtown,NSW,2042,MEDIUM,RETAIL,2026-03-15T09:00:00,N
P000041,Carlos Nguyen,146 Fremantle Road,Fremantle,WA,6160,LOW,RETAIL,2026-01-15T09:00:00,Y
P000042,Dana Silva,62 Surry Hills Road,Surry Hills,NSW,2010,HIGH,RETAIL,2026-01-15T00:00:00,N
P000043,Alice Smith,215 Battery Point Road,Battery Point,TAS,7004,HIGH,RETAIL,2026-01-15T00:00:00,Y
P000044,Dana Kim,102 Fremantle Road,Fremantle,WA,6160,LOW,PREMIUM,2026-03-15T09:00:00,N
P000045,Hiro Kim,385 Fortitude Valley Road,Fortitude Valley,QLD,4006,LOW,RETAIL,2026-01-15T00:00:00,Y
P000046,Bao Smith,276 Battery Point Road,Battery Point,TAS,7004,MEDIUM,RETAIL,2026-01-15T00:00:00,N
P000047,Bao Rossi,190 West End Road,West End,QLD,4101,MEDIUM,STUDENT,2026-01-15T00:00:00,Y
P000048,Eitan Haddad,5 Nightcliff Road,Nightcliff,NT,0810,HIGH,RETAIL,2026-01-15T00:00:00,N
P000049,Bao Okafor,136 Braddon Road,Braddon,ACT,2612,LOW,PREMIUM,2026-01-15T00:00:00,Y
P000050,Eitan Patel,310 Fitzroy Road,Fitzroy,VIC,3065,MEDIUM,RETAIL,2026-01-15T00:00:00,N
P000051,Eitan Haddad,142 Norwood Road,Norwood,SA,5067,LOW,RETAIL,2026-03-15T09:00:00,Y
P000052,Eitan Nguyen,2 Fremantle Road,Fremantle,WA,6160,LOW,PREMIUM,2026-01-15T00:00:00,N
P000053,Carlos Muller,283 Fortitude Valley Road,Fortitude Valley,QLD,4006,HIGH,RETAIL,2026-01-15T00:00:00,Y
P000054,Carlos Haddad,19 Surry Hills Road,Surry Hills,NSW,2010,HIGH,RETAIL,2026-01-15T00:00:00,N
P000055,Carlos Nguyen,158 Fremantle Road,Fremantle,WA,6160,LOW,STUDENT,2026-01-15T00:00:00,Y
P000056,Dana Smith,182 Brunswick Road,Brunswick,VIC,3056,MEDIUM,SENIOR,2026-01-15T00:00:00,N
P000057,Carlos Rossi,206 Fremantle Road,Fremantle,WA,6160,LOW,STUDENT,2026-01-15T09:00:00,Y
P000058,Carlos Kim,211 Newtown Road,Newtown,NSW,2042,HIGH,STUDENT,2026-01-15T00:00:00,N
P000059,Carlos Smith,196 Fortitude Valley Road,Fortitude Valley,QLD,4006,MEDIUM,RETAIL,2026-01-15T00:00:00,Y
P000060,Fatima Patel,2 Subiaco Road,Subiaco,WA,6008,HIGH,RETAIL,2026-01-15T09:00:00,N
P000061,Eitan Smith,396 West End Road,West End,QLD,4101,HIGH,RETAIL,2026-01-15T00:00:00,Y
P000062,Ines Kim,15 Braddon Road,Braddon,ACT,2612,MEDIUM,RETAIL,2026-01-15T00:00:00,N
P000063,Alice Smith,306 Fortitude Valley Road,Fortitude Valley,QLD,4006,HIGH,STUDENT,2026-01-15T00:00:00,Y
P000064,Jai Haddad,60 Fremantle Road,Fremantle,WA,6160,HIGH,RETAIL,2026-01-15T00:00:00,N
P000065,Grace Nguyen,267 Newtown Road,Newtown,NSW,2042,HIGH,PREMIUM,2026-01-15T00:00:00,Y
P000066,Dana Kim,264 Braddon Road,Braddon,ACT,2612,HIGH,SENIOR,2026-02-15T09:00:00,N
P000067,Fatima Smith,217 Fremantle Road,Fremantle,WA,6160,HIGH,RETAIL,2026-03-15T09:00:00,Y
P000068,Fatima Silva,357 Fremantle Road,Fremantle,WA,6160,LOW,RETAIL,2026-01-15T00:00:00,N
P000069,Grace Okafor,316 Braddon Road,Braddon,ACT,2612,MEDIUM,RETAIL,2026-01-15T00:00:00,Y
P000070,Eitan Patel,108 Newtown Road,Newtown,NSW,2042,HIGH,PREMIUM,2026-01-15T00:00:00,N
P000071,Hiro Muller,227 West End Road,West End,QLD,4101,HIGH,RETAIL,2026-01-15T00:00:00,Y
P000072,Carlos Smith,363 Subiaco Road,Subiaco,WA,6008,HIGH,PREMIUM,2026-01-15T09:00:00,N
P000073,Dana Patel,400 Nightcliff Road,Nightcliff,NT,0810,LOW,RETAIL,2026-02-15T09:00:00,Y
P000074,Hiro Smith,139 Subiaco Road,Subiaco,WA,6008,HIGH,RETAIL,2026-01-15T09:00:00,N
P000075,Grace Muller,223 Braddon Road,Braddon,ACT,2612,HIGH,PREMIUM,2026-01-15T09:00:00,Y
P000076,Grace Rossi,91 Surry Hills Road,Surry Hills,NSW,2010,HIGH,RETAIL,2026-01-15T00:00:00,N
P000077,Ines Rossi,63 Newtown Road,Newtown,NSW,2042,MEDIUM,PREMIUM,2026-01-15T00:00:00,Y
P000078,Jai Kim,387 Norwood Road,Norwood,SA,5067,HIGH,STUDENT,2026-01-15T00:00:00,N
P000079,Grace Haddad,229 Norwood Road,Norwood,SA,5067,HIGH,STUDENT,2026-01-15T00:00:00,Y
P000080,Eitan Rossi,288 Braddon Road,Braddon,ACT,2612,HIGH,RETAIL,2026-02-15T09:00:00,N
P000081,Eitan Muller,40 Brunswick Road,Brunswick,VIC,3056,LOW,RETAIL,2026-01-15T00:00:00,Y
P000082,Ines Smith,71 West End Road,West End,QLD,4101,MEDIUM,PREMIUM,2026-01-15T00:00:00,N
P000083,Dana Smith,213 Nightcliff Road,Nightcliff,NT,0810,HIGH,RETAIL,2026-01-15T00:00:00,Y
P000084,Dana Silva,150 Braddon Road,Braddon,ACT,2612,HIGH,SENIOR,2026-03-15T09:00:00,N
P000085,Jai Silva,245 Newtown Road,Newtown,NSW,2042,,RETAIL,2026-01-15T00:00:00,Y
P000086,Grace Haddad,143 Fitzroy Road,Fitzroy,VIC,3065,HIGH,STUDENT,2026-02-15T09:00:00,N
P000087,Dana Patel,224 Subiaco Road,Subiaco,WA,6008,MEDIUM,RETAIL,2026-01-15T00:00:00,Y
P000088,Grace Okafor,240 Braddon Road,Braddon,ACT,2612,HIGH,RETAIL,2026-01-15T00:00:00,N
P000089,Jai Nguyen,43 Fremantle Road,Fremantle,WA,6160,LOW,STUDENT,2026-01-15T00:00:00,Y
P000090,Alice Patel,83 Subiaco Road,Subiaco,WA,6008,MEDIUM,RETAIL,2026-03-15T09:00:00,N
P000091,Eitan Silva,337 Nightcliff Road,Nightcliff,NT,0810,MEDIUM,RETAIL,2026-02-15T09:00:00,Y
P000092,Alice Kim,115 Norwood Road,Norwood,SA,5067,HIGH,RETAIL,2026-01-15T00:00:00,N
P000093,Dana Rossi,311 Fremantle Road,Fremantle,WA,6160,LOW,RETAIL,2026-03-15T09:00:00,Y
P000094,Bao Rossi,239 Braddon Road,Braddon,ACT,2612,MEDIUM,RETAIL,2026-01-15T00:00:00,N
P000095,Bao Okafor,160 Battery Point Road,Battery Point,TAS,7004,LOW,SENIOR,2026-01-15T00:00:00,Y
P000096,Grace Silva,367 Battery Point Road,Battery Point,TAS,7004,HIGH,PREMIUM,2026-01-15T00:00:00,N
P000097,Dana Smith,357 Braddon Road,Braddon,ACT,2612,HIGH,PREMIUM,2026-01-15T00:00:00,Y
P000098,Jai Nguyen,302 Brunswick Road,Brunswick,VIC,3056,HIGH,RETAIL,2026-02-15T09:00:00,N
P000099,Fatima Nguyen,216 Norwood Road,Norwood,SA,5067,LOW,RETAIL,2026-01-15T00:00:00,Y
P000125,Dana Okafor,137 Norwood Road,Norwood,SA,5067,LOW,RETAIL,2026-01-15T00:00:00,Y
P000126,Jai Patel,225 Fortitude Valley Road,Fortitude Valley,QLD,4006,HIGH,RETAIL,2026-01-15T00:00:00,N
P000127,Eitan Haddad,277 Fremantle Road,Fremantle,WA,6160,LOW,RETAIL,2026-01-15T00:00:00,Y
P000128,Fatima Patel,14 Fremantle Road,Fremantle,WA,6160,HIGH,STUDENT,2026-01-15T00:00:00,N
P000129,Jai Nguyen,211 Battery Point Road,Battery Point,TAS,7004,MEDIUM,RETAIL,2026-03-15T09:00:00,Y
P000130,Hiro Haddad,334 Fitzroy Road,Fitzroy,VIC,3065,MEDIUM,RETAIL,2026-01-15T00:00:00,N
P000131,Grace Muller,47 Battery Point Road,Battery Point,TAS,7004,MEDIUM,RETAIL,2026-01-15T00:00:00,Y
P000132,Bao Okafor,169 Braddon Road,Braddon,ACT,2612,MEDIUM,RETAIL,2026-01-15T00:00:00,N
P000133,Ines Nguyen,233 Fremantle Road,Fremantle,WA,6160,MEDIUM,RETAIL,2026-01-15T00:00:00,Y
P000134,Ines Nguyen,337 Fremantle Road,Fremantle,WA,6160,MEDIUM,RETAIL,2026-01-15T00:00:00,N
P000135,Ines Kim,319 Brunswick Road,Brunswick,VIC,3056,HIGH,RETAIL,2026-01-15T00:00:00,Y
P000136,Dana Patel,18 Nightcliff Road,Nightcliff,NT,0810,MEDIUM,RETAIL,2026-02-15T09:00:00,N
P000137,Hiro Smith,15 Nightcliff Road,Nightcliff,NT,0810,HIGH,STUDENT,2026-01-15T00:00:00,Y
P000138,Carlos Patel,283 Nightcliff Road,Nightcliff,NT,0810,,RETAIL,2026-01-15T00:00:00,N
P000139,Bao Muller,61 Brunswick Road,Brunswick,VIC,3056,LOW,RETAIL,2026-01-15T00:00:00,Y
P000140,Eitan Haddad,362 Nightcliff Road,Nightcliff,NT,0810,MEDIUM,SENIOR,2026-01-15T00:00:00,N
P000141,Hiro Haddad,94 Surry Hills Road,Surry Hills,NSW,2010,HIGH,RETAIL,2026-01-15T09:00:00,Y
P000142,Bao Patel,84 Fitzroy Road,Fitzroy,VIC,3065,MEDIUM,RETAIL,2026-02-15T09:00:00,N
P000143,Eitan Nguyen,145 Norwood Road,Norwood,SA,5067,HIGH,RETAIL,2026-01-15T00:00:00,Y
P000144,Hiro Okafor,229 Braddon Road,Braddon,ACT,2612,MEDIUM,RETAIL,2026-01-15T00:00:00,N
P000145,Grace Muller,165 Norwood Road,Norwood,SA,5067,HIGH,RETAIL,2026-01-15T00:00:00,Y
P000146,Dana Silva,23 Fremantle Road,Fremantle,WA,6160,MEDIUM,PREMIUM,2026-01-15T00:00:00,N
P000147,Grace Okafor,254 Fremantle Road,Fremantle,WA,6160,LOW,RETAIL,2026-01-15T00:00:00,Y
P000148,Fatima Smith,400 Fortitude Valley Road,Fortitude Valley,QLD,4006,MEDIUM,RETAIL,2026-02-15T09:00:00,N
P000149,Grace Okafor,39 Fitzroy Road,Fitzroy,VIC,3065,MEDIUM,RETAIL,2026-01-15T00:00:00,Y
P000150,Grace Smith,169 Nightcliff Road,Nightcliff,NT,0810,HIGH,RETAIL,2026-01-15T00:00:00,N
P000151,Hiro Haddad,19 West End Road,West End,QLD,4101,LOW,PREMIUM,2026-01-15T00:00:00,Y
P000152,Dana Smith,223 Fortitude Valley Road,Fortitude Valley,QLD,4006,HIGH,PREMIUM,2026-01-15T00:00:00,N
P000153,Hiro Okafor,356 Surry Hills Road,Surry Hills,NSW,2010,LOW,RETAIL,2026-01-15T00:00:00,Y
P000154,Eitan Kim,192 Newtown Road,Newtown,NSW,2042,LOW,RETAIL,2026-01-15T00:00:00,N
P000155,Carlos Okafor,90 Battery Point Road,Battery Point,TAS,7004,MEDIUM,PREMIUM,2026-01-15T00:00:00,Y
P000156,Hiro Okafor,119 Brunswick Road,Brunswick,VIC,3056,MEDIUM,RETAIL,2026-01-15T00:00:00,N
P000157,Alice Muller,111 Brunswick Road,Brunswick,VIC,3056,LOW,RETAIL,2026-03-15T09:00:00,Y
P000158,Jai Patel,328 West End Road,West End,QLD,4101,HIGH,RETAIL,2026-01-15T00:00:00,N
P000159,Dana Silva,248 Fortitude Valley Road,Fortitude Valley,QLD,4006,MEDIUM,RETAIL,2026-01-15T00:00:00,Y
P000160,Eitan Patel,397 Norwood Road,Norwood,SA,5067,HIGH,RETAIL,2026-01-15T09:00:00,N
P000161,Jai Nguyen,311 Newtown Road,Newtown,NSW,2042,MEDIUM,STUDENT,2026-01-15T00:00:00,Y
P000162,Jai Kim,113 Brunswick Road,Brunswick,VIC,3056,HIGH,RETAIL,2026-01-15T00:00:00,N
P000163,Carlos Smith,322 Nightcliff Road,Nightcliff,NT,0810,MEDIUM,STUDENT,2026-01-15T00:00:00,Y
P000164,Jai Kim,375 Newtown Road,Newtown,NSW,2042,MEDIUM,RETAIL,2026-01-15T00:00:00,N
P000165,Carlos Rossi,68 Fremantle Road,Fremantle,WA,6160,MEDIUM,RETAIL,2026-01-15T00:00:00,Y
P000166,Carlos Patel,247 Fortitude Valley Road,Fortitude Valley,QLD,4006,MEDIUM,PREMIUM,2026-01-15T00:00:00,N
P000167,Bao Muller,51 Battery Point Road,Battery Point,TAS,7004,LOW,STUDENT,2026-02-15T09:00:00,Y
P000168,Grace Haddad,188 Nightcliff Road,Nightcliff,NT,0810,MEDIUM,RETAIL,2026-01-15T00:00:00,N
P000169,Bao Muller,48 Norwood Road,Norwood,SA,5067,HIGH,RETAIL,2026-03-15T09:00:00,Y
P000170,Fatima Smith,346 Fremantle Road,Fremantle,WA,6160,LOW,PREMIUM,2026-01-15T00:00:00,N
P000171,Fatima Rossi,26 Norwood Road,Norwood,SA,5067,MEDIUM,SENIOR,2026-01-15T09:00:00,Y
P000172,Grace Smith,188 Fremantle Road,Fremantle,WA,6160,LOW,RETAIL,2026-03-15T09:00:00,N
P000173,Bao Smith,103 Nightcliff Road,Nightcliff,NT,0810,LOW,RETAIL,2026-01-15T09:00:00,Y
P000174,Ines Silva,301 West End Road,West End,QLD,4101,LOW,STUDENT,2026-01-15T00:00:00,N
P000175,Bao Muller,108 Surry Hills Road,Surry Hills,NSW,2010,MEDIUM,RETAIL,2026-02-15T09:00:00,Y
P000176,Dana Muller,228 West End Road,West End,QLD,4101,MEDIUM,RETAIL,2026-01-15T00:00:00,N
P000177,Fatima Haddad,331 Braddon Road,Braddon,ACT,2612,MEDIUM,RETAIL,2026-01-15T00:00:00,Y
P000178,Hiro Smith,340 Surry Hills Road,Surry Hills,NSW,2010,HIGH,RETAIL,2026-01-15T00:00:00,N
P000179,Alice Kim,125 Newtown Road,Newtown,NSW,2042,HIGH,RETAIL,2026-01-15T00:00:00,Y
P000180,Dana Rossi,120 Norwood Road,Norwood,SA,5067,LOW,STUDENT,2026-01-15T00:00:00,N
P000181,Alice Patel,75 Battery Point Road,Battery Point,TAS,7004,HIGH,RETAIL,2026-01-15T00:00:00,Y
P000182,Bao Nguyen,68 Fitzroy Road,Fitzroy,VIC,3065,,STUDENT,2026-01-15T00:00:00,N
P000183,Jai Kim,9 Brunswick Road,Brunswick,VIC,3056,LOW,RETAIL,2026-01-15T00:00:00,Y
P000184,Ines Smith,382 Fremantle Road,Fremantle,WA,6160,MEDIUM,STUDENT,2026-01-15T00:00:00,N
P000185,Jai Smith,232 Norwood Road,Norwood,SA,5067,HIGH,RETAIL,2026-01-15T00:00:00,Y
P000186,Ines Patel,235 Braddon Road,Braddon,ACT,2612,LOW,RETAIL,2026-01-15T00:00:00,N
P000187,Grace Silva,352 Subiaco Road,Subiaco,WA,6008,HIGH,SENIOR,2026-01-15T00:00:00,Y
P000188,Bao Kim,321 Surry Hills Road,Surry Hills,NSW,2010,LOW,RETAIL,2026-02-15T09:00:00,N
P000189,Jai Haddad,365 Braddon Road,Braddon,ACT,2612,HIGH,RETAIL,2026-01-15T00:00:00,Y
P000190,Ines Silva,51 Subiaco Road,Subiaco,WA,6008,LOW,STUDENT,2026-01-15T00:00:00,N
P000191,Ines Rossi,221 Braddon Road,Braddon,ACT,2612,LOW,RETAIL,2026-01-15T00:00:00,Y
P000192,Grace Silva,374 Subiaco Road,Subiaco,WA,6008,MEDIUM,RETAIL,2026-01-15T00:00:00,N
P000193,Fatima Okafor,352 Fortitude Valley Road,Fortitude Valley,QLD,4006,LOW,RETAIL,2026-01-15T00:00:00,Y
P000194,Bao Silva,50 Surry Hills Road,Surry Hills,NSW,2010,MEDIUM,STUDENT,2026-01-15T00:00:00,N
P000195,Alice Haddad,288 Norwood Road,Norwood,SA,5067,LOW,RETAIL,2026-01-15T00:00:00,Y
P000196,Grace Nguyen,10 Fremantle Road,Fremantle,WA,6160,MEDIUM,RETAIL,2026-02-15T09:00:00,N
P000197,Dana Okafor,207 Surry Hills Road,Surry Hills,NSW,2010,LOW,RETAIL,2026-03-15T09:00:00,Y
P000198,Fatima Smith,391 Norwood Road,Norwood,SA,5067,LOW,STUDENT,2026-01-15T00:00:00,N
P000199,Jai Haddad,31 Norwood Road,Norwood,SA,5067,HIGH,STUDENT,2026-01-15T09:00:00,Y
P000200,Alice Okafor,140 Fortitude Valley Road,Fortitude Valley,QLD,4006,MEDIUM,SENIOR,2026-01-15T00:00:00,N
P000201,Alice Okafor,74 West End Road,West End,QLD,4101,MEDIUM,RETAIL,2026-01-15T00:00:00,Y
P000202,Alice Smith,68 Fremantle Road,Fremantle,WA,6160,MEDIUM,RETAIL,2026-01-15T09:00:00,N
P000203,Carlos Kim,166 Fremantle Road,Fremantle,WA,6160,HIGH,RETAIL,2026-01-15T09:00:00,Y
P000204,Carlos Okafor,387 Newtown Road,Newtown,NSW,2042,HIGH,RETAIL,2026-01-15T00:00:00,N
P000205,Grace Muller,311 Subiaco Road,Subiaco,WA,6008,MEDIUM,RETAIL,2026-01-15T00:00:00,Y
P000206,Bao Kim,164 Newtown Road,Newtown,NSW,2042,HIGH,PREMIUM,2026-03-15T09:00:00,N
P000207,Ines Patel,316 Fitzroy Road,Fitzroy,VIC,3065,HIGH,RETAIL,2026-03-15T09:00:00,Y
P000208,Eitan Rossi,393 Brunswick Road,Brunswick,VIC,3056,MEDIUM,RETAIL,2026-01-15T00:00:00,N
P000209,Alice Muller,383 Surry Hills Road,Surry Hills,NSW,2010,LOW,RETAIL,2026-01-15T00:00:00,Y
P000210,Dana Haddad,287 Nightcliff Road,Nightcliff,NT,0810,MEDIUM,RETAIL,2026-01-15T00:00:00,N
P000211,Alice Silva,216 Battery Point Road,Battery Point,TAS,7004,LOW,STUDENT,2026-03-15T09:00:00,Y
P000212,Grace Silva,364 Battery Point Road,Battery Point,TAS,7004,MEDIUM,RETAIL,2026-01-15T00:00:00,N
P000213,Fatima Okafor,317 Newtown Road,Newtown,NSW,2042,HIGH,SENIOR,2026-01-15T00:00:00,Y
P000214,Grace Smith,125 Surry Hills Road,Surry Hills,NSW,2010,MEDIUM,RETAIL,2026-01-15T00:00:00,N
P000215,Eitan Kim,114 Fremantle Road,Fremantle,WA,6160,LOW,RETAIL,2026-01-15T00:00:00,Y
P000216,Bao Haddad,222 Nightcliff Road,Nightcliff,NT,0810,MEDIUM,RETAIL,2026-02-15T09:00:00,N
P000217,Carlos Rossi,53 Braddon Road,Braddon,ACT,2612,LOW,RETAIL,2026-01-15T00:00:00,Y
P000218,Bao Okafor,396 Fitzroy Road,Fitzroy,VIC,3065,MEDIUM,STUDENT,2026-01-15T00:00:00,N
P000219,Hiro Kim,322 Battery Point Road,Battery Point,TAS,7004,MEDIUM,RETAIL,2026-01-15T00:00:00,Y
P000220,Eitan Patel,197 Fortitude Valley Road,Fortitude Valley,QLD,4006,HIGH,RETAIL,2026-02-15T09:00:00,N
P000221,Hiro Nguyen,269 Fremantle Road,Fremantle,WA,6160,MEDIUM,RETAIL,2026-01-15T09:00:00,Y
P000222,Jai Haddad,197 Surry Hills Road,Surry Hills,NSW,2010,HIGH,SENIOR,2026-01-15T00:00:00,N
P000223,Alice Muller,306 Subiaco Road,Subiaco,WA,6008,MEDIUM,PREMIUM,2026-02-15T09:00:00,Y
P000224,Carlos Nguyen,231 Norwood Road,Norwood,SA,5067,MEDIUM,SENIOR,2026-01-15T00:00:00,N
P000225,Ines Okafor,21 Surry Hills Road,Surry Hills,NSW,2010,MEDIUM,SENIOR,2026-01-15T00:00:00,Y
P000226,Ines Okafor,187 Norwood Road,Norwood,SA,5067,MEDIUM,RETAIL,2026-01-15T00:00:00,N
P000227,Jai Nguyen,324 West End Road,West End,QLD,4101,LOW,RETAIL,2026-01-15T00:00:00,Y
P000228,Grace Patel,213 Surry Hills Road,Surry Hills,NSW,2010,HIGH,SENIOR,2026-01-15T09:00:00,N
P000229,Carlos Kim,42 Battery Point Road,Battery Point,TAS,7004,LOW,SENIOR,2026-01-15T00:00:00,Y
P000230,Grace Okafor,305 Fortitude Valley Road,Fortitude Valley,QLD,4006,LOW,RETAIL,2026-01-15T00:00:00,N
P000231,Fatima Okafor,344 Fremantle Road,Fremantle,WA,6160,HIGH,SENIOR,2026-01-15T00:00:00,Y
P000232,Bao Silva,167 Newtown Road,Newtown,NSW,2042,MEDIUM,RETAIL,2026-03-15T09:00:00,N
P000233,Fatima Muller,99 Brunswick Road,Brunswick,VIC,3056,LOW,RETAIL,2026-01-15T00:00:00,Y
P000234,Bao Haddad,395 Fortitude Valley Road,Fortitude Valley,QLD,4006,HIGH,STUDENT,2026-01-15T00:00:00,N
P000235,Fatima Okafor,302 Norwood Road,Norwood,SA,5067,LOW,RETAIL,2026-01-15T09:00:00,Y
P000236,Jai Okafor,353 Nightcliff Road,Nightcliff,NT,0810,MEDIUM,RETAIL,2026-03-15T09:00:00,N
P000237,Dana Muller,313 Nightcliff Road,Nightcliff,NT,0810,HIGH,STUDENT,2026-01-15T00:00:00,Y
P000238,Ines Rossi,162 Fortitude Valley Road,Fortitude Valley,QLD,4006,MEDIUM,SENIOR,2026-03-15T09:00:00,N
P000239,Fatima Muller,237 Brunswick Road,Brunswick,VIC,3056,MEDIUM,RETAIL,2026-01-15T00:00:00,Y
P000240,Carlos Rossi,310 Fremantle Road,Fremantle,WA,6160,MEDIUM,RETAIL,2026-01-15T00:00:00,N
P000241,Fatima Haddad,53 Subiaco Road,Subiaco,WA,6008,HIGH,STUDENT,2026-01-15T00:00:00,Y
P000242,Bao Okafor,163 Brunswick Road,Brunswick,VIC,3056,HIGH,RETAIL,2026-01-15T09:00:00,N
P000243,Bao Rossi,231 Fremantle Road,Fremantle,WA,6160,LOW,RETAIL,2026-01-15T00:00:00,Y
P000244,Ines Kim,121 Fremantle Road,Fremantle,WA,6160,LOW,RETAIL,2026-01-15T00:00:00,N
P000245,Fatima Smith,211 Surry Hills Road,Surry Hills,NSW,2010,LOW,RETAIL,2026-03-15T09:00:00,Y
P000246,Hiro Okafor,389 Fortitude Valley Road,Fortitude Valley,QLD,4006,MEDIUM,PREMIUM,2026-01-15T00:00:00,N
P000247,Alice Patel,111 Surry Hills Road,Surry Hills,NSW,2010,HIGH,SENIOR,2026-01-15T00:00:00,Y
P000248,Ines Silva,331 Norwood Road,Norwood,SA,5067,LOW,RETAIL,2026-02-15T09:00:00,N
P000249,Dana Silva,153 Battery Point Road,Battery Point,TAS,7004,MEDIUM,RETAIL,2026-01-15T09:00:00,Y
P000250,Jai Haddad,333 Norwood Road,Norwood,SA,5067,HIGH,RETAIL,2026-03-15T09:00:00,N
P000251,Eitan Silva,1 Fitzroy Road,Fitzroy,VIC,3065,LOW,RETAIL,2026-01-15T00:00:00,Y
P000252,Bao Haddad,185 Fitzroy Road,Fitzroy,VIC,3065,HIGH,RETAIL,2026-01-15T00:00:00,N
P000253,Ines Nguyen,200 Norwood Road,Norwood,SA,5067,LOW,PREMIUM,2026-01-15T00:00:00,Y
P000254,Eitan Nguyen,174 Newtown Road,Newtown,NSW,2042,MEDIUM,RETAIL,2026-03-15T09:00:00,N
P000255,Bao Kim,69 Braddon Road,Braddon,ACT,2612,HIGH,RETAIL,2026-01-15T00:00:00,Y
P000256,Carlos Muller,357 Braddon Road,Braddon,ACT,2612,LOW,STUDENT,2026-01-15T00:00:00,N
P000257,Hiro Nguyen,65 Nightcliff Road,Nightcliff,NT,0810,LOW,STUDENT,2026-02-15T09:00:00,Y
P000258,Eitan Haddad,377 Battery Point Road,Battery Point,TAS,7004,HIGH,RETAIL,2026-01-15T09:00:00,N
P000259,Dana Patel,183 Newtown Road,Newtown,NSW,2042,LOW,STUDENT,2026-01-15T00:00:00,Y
P000260,Eitan Smith,398 Battery Point Road,Battery Point,TAS,7004,MEDIUM,PREMIUM,2026-01-15T09:00:00,N
P000261,Fatima Okafor,51 Fremantle Road,Fremantle,WA,6160,MEDIUM,SENIOR,2026-02-15T09:00:00,Y
P000262,Eitan Smith,373 Norwood Road,Norwood,SA,5067,MEDIUM,PREMIUM,2026-01-15T00:00:00,N
P000263,Ines Patel,165 Fitzroy Road,Fitzroy,VIC,3065,MEDIUM,PREMIUM,2026-01-15T00:00:00,Y
P000264,Hiro Silva,86 Fortitude Valley Road,Fortitude Valley,QLD,4006,MEDIUM,RETAIL,2026-01-15T00:00:00,N
P000265,Fatima Silva,327 Fremantle Road,Fremantle,WA,6160,LOW,RETAIL,2026-01-15T09:00:00,Y
P000266,Grace Kim,244 Battery Point Road,Battery Point,TAS,7004,HIGH,RETAIL,2026-01-15T09:00:00,N
P000267,Carlos Muller,18 Newtown Road,Newtown,NSW,2042,LOW,STUDENT,2026-01-15T00:00:00,Y
P000268,Fatima Silva,291 West End Road,West End,QLD,4101,,RETAIL,2026-01-15T00:00:00,N
P000269,Fatima Kim,228 Subiaco Road,Subiaco,WA,6008,HIGH,RETAIL,2026-01-15T00:00:00,Y
P000270,Grace Kim,181 Brunswick Road,Brunswick,VIC,3056,LOW,RETAIL,2026-03-15T09:00:00,N
P000271,Hiro Haddad,199 Fitzroy Road,Fitzroy,VIC,3065,LOW,RETAIL,2026-01-15T00:00:00,Y
P000272,Hiro Rossi,314 Fortitude Valley Road,Fortitude Valley,QLD,4006,MEDIUM,RETAIL,2026-01-15T00:00:00,N
P000273,Bao Muller,89 Fitzroy Road,Fitzroy,VIC,3065,MEDIUM,SENIOR,2026-01-15T00:00:00,Y
P000274,Fatima Kim,364 Braddon Road,Braddon,ACT,2612,HIGH,RETAIL,2026-01-15T00:00:00,N
P000275,Carlos Okafor,186 Fortitude Valley Road,Fortitude Valley,QLD,4006,LOW,SENIOR,2026-01-15T00:00:00,Y
P000276,Dana Muller,14 Fitzroy Road,Fitzroy,VIC,3065,HIGH,RETAIL,2026-01-15T00:00:00,N
P000277,Carlos Smith,97 Fremantle Road,Fremantle,WA,6160,HIGH,PREMIUM,2026-03-15T09:00:00,Y
P000278,Grace Silva,295 Norwood Road,Norwood,SA,5067,MEDIUM,PREMIUM,2026-01-15T00:00:00,N
P000279,Hiro Haddad,177 Subiaco Road,Subiaco,WA,6008,HIGH,PREMIUM,2026-01-15T00:00:00,Y
P000280,Carlos Silva,79 Subiaco Road,Subiaco,WA,6008,LOW,STUDENT,2026-02-15T09:00:00,N
P000281,Carlos Patel,172 Surry Hills Road,Surry Hills,NSW,2010,HIGH,RETAIL,2026-03-15T09:00:00,Y
P000282,Eitan Smith,129 Norwood Road,Norwood,SA,5067,HIGH,RETAIL,2026-01-15T00:00:00,N
P000283,Eitan Haddad,48 Braddon Road,Braddon,ACT,2612,LOW,RETAIL,2026-01-15T00:00:00,Y
P000284,Carlos Okafor,338 Battery Point Road,Battery Point,TAS,7004,HIGH,RETAIL,2026-01-15T00:00:00,N
P000285,Alice Nguyen,42 Battery Point Road,Battery Point,TAS,7004,HIGH,STUDENT,2026-01-15T00:00:00,Y
P000286,Dana Silva,317 Fortitude Valley Road,Fortitude Valley,QLD,4006,MEDIUM,STUDENT,2026-01-15T00:00:00,N
P000287,Eitan Patel,248 Norwood Road,Norwood,SA,5067,HIGH,RETAIL,2026-01-15T00:00:00,Y
P000288,Bao Nguyen,81 Subiaco Road,Subiaco,WA,6008,MEDIUM,RETAIL,2026-01-15T00:00:00,N
P000289,Jai Okafor,256 West End Road,West End,QLD,4101,MEDIUM,PREMIUM,2026-01-15T09:00:00,Y
P000290,Grace Okafor,390 West End Road,West End,QLD,4101,HIGH,RETAIL,2026-01-15T00:00:00,N
P000291,Hiro Smith,137 Brunswick Road,Brunswick,VIC,3056,LOW,RETAIL,2026-01-15T00:00:00,Y
P000292,Grace Silva,128 Fortitude Valley Road,Fortitude Valley,QLD,4006,LOW,STUDENT,2026-01-15T00:00:00,N
P000293,Fatima Rossi,391 Battery Point Road,Battery Point,TAS,7004,HIGH,RETAIL,2026-01-15T00:00:00,Y
P000294,Hiro Nguyen,47 Fortitude Valley Road,Fortitude Valley,QLD,4006,HIGH,RETAIL,2026-01-15T00:00:00,N
P000295,Dana Kim,25 Brunswick Road,Brunswick,VIC,3056,MEDIUM,RETAIL,2026-01-15T00:00:00,Y
P000296,Hiro Patel,275 Braddon Road,Braddon,ACT,2612,,RETAIL,2026-01-15T00:00:00,N
P000297,Eitan Kim,392 Fitzroy Road,Fitzroy,VIC,3065,LOW,RETAIL,2026-01-15T00:00:00,Y
P000298,Ines Rossi,151 Subiaco Road,Subiaco,WA,6008,LOW,RETAIL,2026-02-15T09:00:00,N
P000299,Ines Patel,246 Braddon Road,Braddon,ACT,2612,LOW,RETAIL,2026-02-15T09:00:00,Y
P000300,Grace Kim,316 Nightcliff Road,Nightcliff,NT,0810,MEDIUM,STUDENT,2026-01-15T09:00:00,N
P000301,Jai Haddad,206 Brunswick Road,Brunswick,VIC,3056,LOW,RETAIL,2026-01-15T00:00:00,Y
P000302,Fatima Muller,266 Nightcliff Road,Nightcliff,NT,0810,HIGH,STUDENT,2026-01-15T00:00:00,N
P000303,Fatima Kim,286 Surry Hills Road,Surry Hills,NSW,2010,HIGH,PREMIUM,2026-03-15T09:00:00,Y
P000304,Jai Kim,260 Fortitude Valley Road,Fortitude Valley,QLD,4006,HIGH,RETAIL,2026-01-15T00:00:00,N
P000305,Eitan Muller,9 Battery Point Road,Battery Point,TAS,7004,HIGH,RETAIL,2026-01-15T00:00:00,Y
P000306,Jai Patel,372 Fremantle Road,Fremantle,WA,6160,HIGH,RETAIL,2026-01-15T00:00:00,N
P000307,Eitan Rossi,322 Fitzroy Road,Fitzroy,VIC,3065,MEDIUM,RETAIL,2026-02-15T09:00:00,Y
P000308,Jai Silva,76 Braddon Road,Braddon,ACT,2612,LOW,RETAIL,2026-01-15T00:00:00,N
P000309,Bao Rossi,10 Nightcliff Road,Nightcliff,NT,0810,MEDIUM,RETAIL,2026-01-15T00:00:00,Y
P000310,Dana Silva,257 Nightcliff Road,Nightcliff,NT,0810,MEDIUM,STUDENT,2026-01-15T00:00:00,N
P000311,Alice Okafor,266 Nightcliff Road,Nightcliff,NT,0810,MEDIUM,SENIOR,2026-01-15T00:00:00,Y
P000312,Ines Silva,161 Subiaco Road,Subiaco,WA,6008,MEDIUM,SENIOR,2026-01-15T00:00:00,N
P000313,Ines Kim,347 West End Road,West End,QLD,4101,HIGH,PREMIUM,2026-01-15T00:00:00,Y
P000314,Eitan Muller,99 Nightcliff Road,Nightcliff,NT,0810,MEDIUM,RETAIL,2026-01-15T00:00:00,N
P000315,Eitan Patel,361 Brunswick Road,Brunswick,VIC,3056,HIGH,RETAIL,2026-01-15T00:00:00,Y
P000316,Fatima Haddad,370 Subiaco Road,Subiaco,WA,6008,LOW,RETAIL,2026-01-15T00:00:00,N
P000317,Grace Silva,370 Braddon Road,Braddon,ACT,2612,LOW,RETAIL,2026-03-15T09:00:00,Y
P000318,Bao Kim,227 Fortitude Valley Road,Fortitude Valley,QLD,4006,HIGH,RETAIL,2026-01-15T00:00:00,N
P000319,Ines Patel,288 Brunswick Road,Brunswick,VIC,3056,LOW,RETAIL,2026-01-15T00:00:00,Y
P000320,Jai Rossi,125 Nightcliff Road,Nightcliff,NT,0810,HIGH,RETAIL,2026-01-15T00:00:00,N
P000321,Alice Smith,212 Brunswick Road,Brunswick,VIC,3056,MEDIUM,RETAIL,2026-01-15T00:00:00,Y
P000322,Alice Haddad,81 Fitzroy Road,Fitzroy,VIC,3065,MEDIUM,RETAIL,2026-01-15T00:00:00,N
P000323,Eitan Kim,382 Fortitude Valley Road,Fortitude Valley,QLD,4006,LOW,PREMIUM,2026-03-15T09:00:00,Y
P000324,Ines Nguyen,90 Brunswick Road,Brunswick,VIC,3056,LOW,SENIOR,2026-01-15T00:00:00,N
P000325,Grace Muller,96 Newtown Road,Newtown,NSW,2042,MEDIUM,STUDENT,2026-01-15T00:00:00,Y
P000326,Eitan Smith,172 Newtown Road,Newtown,NSW,2042,HIGH,RETAIL,2026-01-15T00:00:00,N
P000327,Carlos Haddad,378 Fremantle Road,Fremantle,WA,6160,LOW,RETAIL,2026-01-15T09:00:00,Y
P000328,Hiro Patel,368 Nightcliff Road,Nightcliff,NT,0810,HIGH,RETAIL,2026-01-15T00:00:00,N
P000329,Jai Rossi,90 Fortitude Valley Road,Fortitude Valley,QLD,4006,HIGH,STUDENT,2026-01-15T00:00:00,Y
P000330,Ines Kim,45 Fremantle Road,Fremantle,WA,6160,LOW,RETAIL,2026-01-15T00:00:00,N
P000331,Hiro Kim,329 Fortitude Valley Road,Fortitude Valley,QLD,4006,,RETAIL,2026-02-15T09:00:00,Y
P000332,Eitan Kim,387 Norwood Road,Norwood,SA,5067,HIGH,RETAIL,2026-01-15T09:00:00,N
P000333,Fatima Rossi,32 Braddon Road,Braddon,ACT,2612,MEDIUM,RETAIL,2026-01-15T00:00:00,Y
P000334,Ines Patel,354 Fremantle Road,Fremantle,WA,6160,MEDIUM,RETAIL,2026-01-15T00:00:00,N
P000335,Dana Okafor,245 Brunswick Road,Brunswick,VIC,3056,HIGH,SENIOR,2026-01-15T00:00:00,Y
P000336,Grace Haddad,242 West End Road,West End,QLD,4101,HIGH,STUDENT,2026-01-15T00:00:00,N
P000337,Jai Smith,270 Brunswick Road,Brunswick,VIC,3056,HIGH,RETAIL,2026-01-15T00:00:00,Y
P000338,Bao Nguyen,281 Battery Point Road,Battery Point,TAS,7004,LOW,RETAIL,2026-01-15T00:00:00,N
P000339,Carlos Kim,267 Fitzroy Road,Fitzroy,VIC,3065,HIGH,RETAIL,2026-01-15T00:00:00,Y
P000340,Hiro Smith,262 Battery Point Road,Battery Point,TAS,7004,LOW,RETAIL,2026-01-15T00:00:00,N
P000341,Grace Muller,289 Norwood Road,Norwood,SA,5067,MEDIUM,PREMIUM,2026-01-15T00:00:00,Y
P000342,Alice Silva,131 Fortitude Valley Road,Fortitude Valley,QLD,4006,HIGH,RETAIL,2026-01-15T00:00:00,N
P000343,Alice Silva,390 Fremantle Road,Fremantle,WA,6160,HIGH,SENIOR,2026-03-15T09:00:00,Y
P000344,Hiro Nguyen,147 Surry Hills Road,Surry Hills,NSW,2010,LOW,STUDENT,2026-01-15T00:00:00,N
P000345,Grace Kim,196 Nightcliff Road,Nightcliff,NT,0810,MEDIUM,RETAIL,2026-01-15T00:00:00,Y
P000346,Ines Okafor,335 Braddon Road,Braddon,ACT,2612,LOW,RETAIL,2026-01-15T00:00:00,N
P000347,Grace Haddad,66 Norwood Road,Norwood,SA,5067,LOW,STUDENT,2026-01-15T00:00:00,Y
P000348,Eitan Muller,345 Newtown Road,Newtown,NSW,2042,MEDIUM,RETAIL,2026-01-15T00:00:00,N
P000349,Dana Muller,178 Brunswick Road,Brunswick,VIC,3056,LOW,SENIOR,2026-01-15T00:00:00,Y
P000350,Bao Nguyen,339 Nightcliff Road,Nightcliff,NT,0810,LOW,RETAIL,2026-01-15T00:00:00,N
P000351,Bao Nguyen,229 Surry Hills Road,Surry Hills,NSW,2010,HIGH,STUDENT,2026-01-15T00:00:00,Y
P000352,Alice Silva,225 Brunswick Road,Brunswick,VIC,3056,LOW,STUDENT,2026-01-15T00:00:00,N
P000353,Carlos Haddad,346 Fitzroy Road,Fitzroy,VIC,3065,HIGH,RETAIL,2026-03-15T09:00:00,Y
P000354,Jai Kim,122 Battery Point Road,Battery Point,TAS,7004,LOW,SENIOR,2026-01-15T00:00:00,N
P000355,Dana Silva,154 Norwood Road,Norwood,SA,5067,HIGH,SENIOR,2026-01-15T00:00:00,Y
P000356,Carlos Silva,285 Nightcliff Road,Nightcliff,NT,0810,MEDIUM,SENIOR,2026-01-15T00:00:00,N
P000357,Grace Haddad,164 Braddon Road,Braddon,ACT,2612,MEDIUM,RETAIL,2026-01-15T00:00:00,Y
P000358,Carlos Haddad,243 Fremantle Road,Fremantle,WA,6160,LOW,RETAIL,2026-01-15T00:00:00,N
P000359,Carlos Muller,30 Nightcliff Road,Nightcliff,NT,0810,MEDIUM,RETAIL,2026-01-15T00:00:00,Y
P000360,Grace Rossi,131 Fitzroy Road,Fitzroy,VIC,3065,HIGH,RETAIL,2026-01-15T00:00:00,N
P000361,Fatima Smith,345 Norwood Road,Norwood,SA,5067,LOW,RETAIL,2026-03-15T09:00:00,Y
P000362,Jai Nguyen,38 Fremantle Road,Fremantle,WA,6160,HIGH,PREMIUM,2026-01-15T00:00:00,N
P000363,Dana Muller,107 Norwood Road,Norwood,SA,5067,MEDIUM,RETAIL,2026-01-15T00:00:00,Y
P000364,Dana Rossi,380 Newtown Road,Newtown,NSW,2042,MEDIUM,SENIOR,2026-01-15T00:00:00,N
P000365,Jai Rossi,204 Nightcliff Road,Nightcliff,NT,0810,HIGH,RETAIL,2026-01-15T00:00:00,Y
P000366,Grace Muller,274 Fortitude Valley Road,Fortitude Valley,QLD,4006,MEDIUM,RETAIL,2026-01-15T00:00:00,N
P000367,Hiro Muller,52 Nightcliff Road,Nightcliff,NT,0810,HIGH,RETAIL,2026-02-15T09:00:00,Y
P000368,Dana Kim,149 Norwood Road,Norwood,SA,5067,HIGH,STUDENT,2026-02-15T09:00:00,N
P000369,Carlos Nguyen,134 Nightcliff Road,Nightcliff,NT,0810,HIGH,RETAIL,2026-01-15T00:00:00,Y
P000370,Eitan Okafor,101 Fremantle Road,Fremantle,WA,6160,MEDIUM,RETAIL,2026-01-15T00:00:00,N
P000371,Hiro Haddad,336 Brunswick Road,Brunswick,VIC,3056,MEDIUM,RETAIL,2026-01-15T00:00:00,Y
P000372,Hiro Muller,316 Subiaco Road,Subiaco,WA,6008,MEDIUM,RETAIL,2026-02-15T09:00:00,N
P000373,Ines Muller,95 Nightcliff Road,Nightcliff,NT,0810,HIGH,SENIOR,2026-01-15T00:00:00,Y
P000374,Ines Nguyen,76 Nightcliff Road,Nightcliff,NT,0810,HIGH,RETAIL,2026-03-15T09:00:00,N
P000375,Grace Okafor,323 Newtown Road,Newtown,NSW,2042,HIGH,RETAIL,2026-01-15T00:00:00,Y
P000376,Ines Muller,192 Brunswick Road,Brunswick,VIC,3056,HIGH,PREMIUM,2026-01-15T00:00:00,N
P000377,Hiro Muller,171 Fortitude Valley Road,Fortitude Valley,QLD,4006,,RETAIL,2026-03-15T09:00:00,Y
P000378,Alice Haddad,370 Newtown Road,Newtown,NSW,2042,MEDIUM,RETAIL,2026-01-15T00:00:00,N
P000379,Grace Okafor,55 Nightcliff Road,Nightcliff,NT,0810,HIGH,RETAIL,2026-01-15T00:00:00,Y
P000380,Jai Haddad,130 Brunswick Road,Brunswick,VIC,3056,MEDIUM,STUDENT,2026-01-15T00:00:00,N
P000381,Fatima Silva,79 Fremantle Road,Fremantle,WA,6160,HIGH,RETAIL,2026-01-15T09:00:00,Y
P000382,Bao Nguyen,48 Braddon Road,Braddon,ACT,2612,MEDIUM,RETAIL,2026-01-15T00:00:00,N
P000383,Alice Okafor,220 Newtown Road,Newtown,NSW,2042,MEDIUM,PREMIUM,2026-02-15T09:00:00,Y
P000384,Jai Smith,271 West End Road,West End,QLD,4101,LOW,RETAIL,2026-01-15T00:00:00,N
P000385,Jai Muller,139 Nightcliff Road,Nightcliff,NT,0810,LOW,PREMIUM,2026-01-15T00:00:00,Y
P000386,Ines Nguyen,92 Fortitude Valley Road,Fortitude Valley,QLD,4006,MEDIUM,RETAIL,2026-01-15T00:00:00,N
P000387,Jai Okafor,386 Brunswick Road,Brunswick,VIC,3056,MEDIUM,SENIOR,2026-01-15T00:00:00,Y
P000388,Carlos Rossi,291 Fortitude Valley Road,Fortitude Valley,QLD,4006,MEDIUM,PREMIUM,2026-01-15T00:00:00,N
P000389,Fatima Silva,88 Fitzroy Road,Fitzroy,VIC,3065,HIGH,PREMIUM,2026-01-15T09:00:00,Y
P000390,Fatima Nguyen,159 Braddon Road,Braddon,ACT,2612,LOW,RETAIL,2026-03-15T09:00:00,N
P000391,Jai Silva,397 Battery Point Road,Battery Point,TAS,7004,HIGH,RETAIL,2026-01-15T00:00:00,Y
P000392,Hiro Rossi,183 Subiaco Road,Subiaco,WA,6008,MEDIUM,RETAIL,2026-01-15T00:00:00,N
P000393,Jai Silva,162 Fremantle Road,Fremantle,WA,6160,MEDIUM,STUDENT,2026-01-15T09:00:00,Y
P000394,Bao Smith,138 Nightcliff Road,Nightcliff,NT,0810,HIGH,STUDENT,2026-01-15T00:00:00,N
P000395,Grace Kim,266 Brunswick Road,Brunswick,VIC,3056,LOW,SENIOR,2026-02-15T09:00:00,Y
P000396,Fatima Patel,53 Subiaco Road,Subiaco,WA,6008,LOW,RETAIL,2026-01-15T00:00:00,N
P000397,Ines Haddad,209 Norwood Road,Norwood,SA,5067,LOW,RETAIL,2026-01-15T00:00:00,Y
P000398,Jai Kim,321 Fortitude Valley Road,Fortitude Valley,QLD,4006,,RETAIL,2026-03-15T09:00:00,N
P000399,Ines Rossi,378 Battery Point Road,Battery Point,TAS,7004,HIGH,RETAIL,2026-03-15T09:00:00,Y
P000400,Eitan Patel,138 Fitzroy Road,Fitzroy,VIC,3065,LOW,RETAIL,2026-01-15T00:00:00,N
P000401,Grace Patel,25 Fitzroy Road,Fitzroy,VIC,3065,MEDIUM,RETAIL,2026-03-15T09:00:00,Y
P000402,Hiro Rossi,235 Brunswick Road,Brunswick,VIC,3056,MEDIUM,RETAIL,2026-01-15T00:00:00,N
P000403,Fatima Silva,169 Fremantle Road,Fremantle,WA,6160,MEDIUM,STUDENT,2026-01-15T00:00:00,Y
P000404,Jai Okafor,154 Braddon Road,Braddon,ACT,2612,HIGH,RETAIL,2026-01-15T00:00:00,N
P000405,Carlos Silva,216 Subiaco Road,Subiaco,WA,6008,HIGH,PREMIUM,2026-01-15T09:00:00,Y
P000406,Dana Kim,193 Battery Point Road,Battery Point,TAS,7004,MEDIUM,RETAIL,2026-01-15T00:00:00,N
P000407,Dana Haddad,152 West End Road,West End,QLD,4101,HIGH,RETAIL,2026-03-15T09:00:00,Y
P000408,Hiro Rossi,225 Nightcliff Road,Nightcliff,NT,0810,HIGH,RETAIL,2026-01-15T00:00:00,N
P000409,Hiro Okafor,277 Norwood Road,Norwood,SA,5067,MEDIUM,PREMIUM,2026-01-15T09:00:00,Y
P000410,Grace Silva,353 Fitzroy Road,Fitzroy,VIC,3065,HIGH,RETAIL,2026-03-15T09:00:00,N
P000411,Ines Haddad,384 Subiaco Road,Subiaco,WA,6008,LOW,STUDENT,2026-01-15T09:00:00,Y
P000412,Ines Smith,56 West End Road,West End,QLD,4101,HIGH,PREMIUM,2026-01-15T00:00:00,N
P000413,Jai Nguyen,289 Fitzroy Road,Fitzroy,VIC,3065,HIGH,PREMIUM,2026-01-15T00:00:00,Y
P000414,Grace Smith,6 West End Road,West End,QLD,4101,LOW,RETAIL,2026-01-15T00:00:00,N
P000415,Ines Rossi,153 Battery Point Road,Battery Point,TAS,7004,MEDIUM,STUDENT,2026-03-15T09:00:00,Y
P000416,Ines Okafor,218 Braddon Road,Braddon,ACT,2612,MEDIUM,RETAIL,2026-03-15T09:00:00,N
P000417,Bao Smith,374 Fremantle Road,Fremantle,WA,6160,MEDIUM,RETAIL,2026-01-15T00:00:00,Y
P000418,Ines Muller,179 Brunswick Road,Brunswick,VIC,3056,MEDIUM,PREMIUM,2026-01-15T00:00:00,N
P000419,Fatima Smith,361 Surry Hills Road,Surry Hills,NSW,2010,HIGH,RETAIL,2026-03-15T09:00:00,Y
P000420,Bao Okafor,380 West End Road,West End,QLD,4101,LOW,RETAIL,2026-01-15T00:00:00,N
P000421,Ines Silva,237 West End Road,West End,QLD,4101,MEDIUM,PREMIUM,2026-01-15T00:00:00,Y
P000422,Grace Silva,15 Fitzroy Road,Fitzroy,VIC,3065,LOW,RETAIL,2026-01-15T00:00:00,N
P000423,Grace Nguyen,361 Fremantle Road,Fremantle,WA,6160,MEDIUM,STUDENT,2026-01-15T00:00:00,Y
P000424,Jai Smith,275 Surry Hills Road,Surry Hills,NSW,2010,MEDIUM,RETAIL,2026-01-15T00:00:00,N
P000425,Eitan Muller,271 Surry Hills Road,Surry Hills,NSW,2010,MEDIUM,RETAIL,2026-01-15T00:00:00,Y
P000426,Grace Smith,179 Battery Point Road,Battery Point,TAS,7004,MEDIUM,PREMIUM,2026-01-15T00:00:00,N
P000427,Eitan Smith,345 Braddon Road,Braddon,ACT,2612,LOW,RETAIL,2026-01-15T00:00:00,Y
P000428,Carlos Kim,356 Surry Hills Road,Surry Hills,NSW,2010,MEDIUM,RETAIL,2026-01-15T00:00:00,N
P000429,Jai Silva,17 Fremantle Road,Fremantle,WA,6160,HIGH,RETAIL,2026-03-15T09:00:00,Y
P000430,Carlos Haddad,86 Braddon Road,Braddon,ACT,2612,LOW,RETAIL,2026-01-15T00:00:00,N
P000431,Jai Nguyen,184 Subiaco Road,Subiaco,WA,6008,MEDIUM,RETAIL,2026-01-15T00:00:00,Y
P000432,Ines Haddad,335 Fremantle Road,Fremantle,WA,6160,HIGH,RETAIL,2026-01-15T00:00:00,N
P000433,Hiro Muller,86 Nightcliff Road,Nightcliff,NT,0810,LOW,STUDENT,2026-01-15T00:00:00,Y
P000434,Eitan Nguyen,171 West End Road,West End,QLD,4101,MEDIUM,RETAIL,2026-02-15T09:00:00,N
P000435,Jai Muller,282 Subiaco Road,Subiaco,WA,6008,HIGH,RETAIL,2026-01-15T00:00:00,Y
P000436,Fatima Haddad,388 Norwood Road,Norwood,SA,5067,HIGH,RETAIL,2026-01-15T00:00:00,N
P000437,Grace Smith,377 Brunswick Road,Brunswick,VIC,3056,LOW,RETAIL,2026-01-15T00:00:00,Y
P000438,Hiro Patel,179 Newtown Road,Newtown,NSW,2042,LOW,RETAIL,2026-01-15T00:00:00,N
P000439,Dana Rossi,378 Surry Hills Road,Surry Hills,NSW,2010,MEDIUM,STUDENT,2026-01-15T00:00:00,Y
P000440,Grace Okafor,316 Battery Point Road,Battery Point,TAS,7004,LOW,STUDENT,2026-01-15T00:00:00,N
P000441,Jai Kim,52 Norwood Road,Norwood,SA,5067,HIGH,RETAIL,2026-01-15T09:00:00,Y
P000442,Eitan Patel,294 Nightcliff Road,Nightcliff,NT,0810,HIGH,SENIOR,2026-01-15T00:00:00,N
P000443,Bao Okafor,385 Braddon Road,Braddon,ACT,2612,LOW,SENIOR,2026-01-15T00:00:00,Y
P000444,Carlos Okafor,201 Surry Hills Road,Surry Hills,NSW,2010,MEDIUM,STUDENT,2026-02-15T09:00:00,N
P000445,Grace Muller,73 Braddon Road,Braddon,ACT,2612,MEDIUM,PREMIUM,2026-01-15T00:00:00,Y
P000446,Hiro Smith,138 West End Road,West End,QLD,4101,LOW,RETAIL,2026-02-15T09:00:00,N
P000447,Eitan Kim,233 Nightcliff Road,Nightcliff,NT,0810,MEDIUM,RETAIL,2026-01-15T00:00:00,Y
P000448,Bao Muller,326 Nightcliff Road,Nightcliff,NT,0810,MEDIUM,STUDENT,2026-01-15T00:00:00,N
P000449,Grace Rossi,220 Norwood Road,Norwood,SA,5067,MEDIUM,RETAIL,2026-01-15T00:00:00,Y
P000450,Fatima Haddad,296 Fortitude Valley Road,Fortitude Valley,QLD,4006,MEDIUM,STUDENT,2026-01-15T00:00:00,N
P000451,Alice Nguyen,51 Braddon Road,Braddon,ACT,2612,MEDIUM,RETAIL,2026-01-15T00:00:00,Y
P000452,Hiro Muller,1 Fitzroy Road,Fitzroy,VIC,3065,MEDIUM,RETAIL,2026-01-15T00:00:00,N
P000453,Carlos Patel,82 Nightcliff Road,Nightcliff,NT,0810,MEDIUM,RETAIL,2026-01-15T00:00:00,Y
P000454,Eitan Smith,191 West End Road,West End,QLD,4101,HIGH,RETAIL,2026-01-15T00:00:00,N
P000455,Eitan Rossi,220 Fremantle Road,Fremantle,WA,6160,HIGH,RETAIL,2026-01-15T00:00:00,Y
P000456,Hiro Smith,68 Brunswick Road,Brunswick,VIC,3056,HIGH,PREMIUM,2026-01-15T00:00:00,N
P000457,Alice Kim,62 Newtown Road,Newtown,NSW,2042,MEDIUM,PREMIUM,2026-01-15T00:00:00,Y
P000458,Bao Rossi,322 Subiaco Road,Subiaco,WA,6008,LOW,RETAIL,2026-03-15T09:00:00,N
P000459,Eitan Okafor,196 West End Road,West End,QLD,4101,LOW,PREMIUM,2026-01-15T00:00:00,Y
P000460,Carlos Smith,272 Braddon Road,Braddon,ACT,2612,HIGH,PREMIUM,2026-01-15T00:00:00,N
P000461,Fatima Rossi,322 Subiaco Road,Subiaco,WA,6008,MEDIUM,PREMIUM,2026-01-15T00:00:00,Y
P000462,Dana Smith,52 Subiaco Road,Subiaco,WA,6008,LOW,RETAIL,2026-01-15T00:00:00,N
P000463,Fatima Silva,162 Fremantle Road,Fremantle,WA,6160,LOW,RETAIL,2026-01-15T00:00:00,Y
P000464,Dana Haddad,308 Surry Hills Road,Surry Hills,NSW,2010,HIGH,RETAIL,2026-01-15T00:00:00,N
P000465,Alice Patel,106 Nightcliff Road,Nightcliff,NT,0810,HIGH,RETAIL,2026-01-15T00:00:00,Y
P000466,Eitan Nguyen,123 Fremantle Road,Fremantle,WA,6160,LOW,RETAIL,2026-01-15T00:00:00,N
P000467,Jai Smith,271 Braddon Road,Braddon,ACT,2612,LOW,SENIOR,2026-01-15T00:00:00,Y
P000468,Carlos Silva,292 West End Road,West End,QLD,4101,HIGH,PREMIUM,2026-01-15T00:00:00,N
P000469,Bao Nguyen,301 Subiaco Road,Subiaco,WA,6008,MEDIUM,RETAIL,2026-01-15T00:00:00,Y
P000470,Grace Haddad,147 Newtown Road,Newtown,NSW,2042,HIGH,STUDENT,2026-01-15T00:00:00,N
P000471,Grace Smith,267 Fitzroy Road,Fitzroy,VIC,3065,HIGH,RETAIL,2026-02-15T09:00:00,Y
P000472,Eitan Smith,262 Surry Hills Road,Surry Hills,NSW,2010,LOW,RETAIL,2026-01-15T00:00:00,N
P000473,Jai Smith,159 Fremantle Road,Fremantle,WA,6160,HIGH,SENIOR,2026-01-15T00:00:00,Y
P000474,Alice Rossi,162 Nightcliff Road,Nightcliff,NT,0810,LOW,RETAIL,2026-01-15T09:00:00,N
P000475,Alice Patel,168 Subiaco Road,Subiaco,WA,6008,HIGH,RETAIL,2026-01-15T09:00:00,Y
P000476,Carlos Nguyen,84 Newtown Road,Newtown,NSW,2042,MEDIUM,RETAIL,2026-01-15T00:00:00,N
P000477,Eitan Okafor,191 Nightcliff Road,Nightcliff,NT,0810,MEDIUM,PREMIUM,2026-01-15T00:00:00,Y
P000478,Alice Kim,228 Fremantle Road,Fremantle,WA,6160,LOW,RETAIL,2026-03-15T09:00:00,N
P000479,Bao Muller,234 Battery Point Road,Battery Point,TAS,7004,LOW,RETAIL,2026-01-15T00:00:00,Y
P000480,Carlos Kim,152 Norwood Road,Norwood,SA,5067,LOW,STUDENT,2026-03-15T09:00:00,N
P000481,Bao Rossi,380 Braddon Road,Braddon,ACT,2612,LOW,STUDENT,2026-01-15T00:00:00,Y
P000482,Dana Nguyen,242 Newtown Road,Newtown,NSW,2042,LOW,RETAIL,2026-01-15T00:00:00,N
P000483,Ines Silva,115 Newtown Road,Newtown,NSW,2042,MEDIUM,SENIOR,2026-01-15T00:00:00,Y
P000484,Eitan Smith,293 West End Road,West End,QLD,4101,HIGH,PREMIUM,2026-01-15T00:00:00,N
P000485,Carlos Rossi,265 Newtown Road,Newtown,NSW,2042,MEDIUM,RETAIL,2026-01-15T00:00:00,Y
P000486,Eitan Patel,168 Subiaco Road,Subiaco,WA,6008,MEDIUM,RETAIL,2026-01-15T00:00:00,N
P000487,Eitan Patel,246 Fremantle Road,Fremantle,WA,6160,MEDIUM,RETAIL,2026-03-15T09:00:00,Y
P000488,Dana Haddad,390 Subiaco Road,Subiaco,WA,6008,LOW,RETAIL,2026-01-15T00:00:00,N
P000489,Alice Rossi,278 Fremantle Road,Fremantle,WA,6160,HIGH,STUDENT,2026-01-15T00:00:00,Y
P000490,Alice Silva,378 West End Road,West End,QLD,4101,LOW,RETAIL,2026-01-15T00:00:00,N
P000491,Grace Muller,31 Brunswick Road,Brunswick,VIC,3056,LOW,PREMIUM,2026-01-15T00:00:00,Y
P000492,Alice Rossi,267 Surry Hills Road,Surry Hills,NSW,2010,MEDIUM,RETAIL,2026-01-15T00:00:00,N
P000493,Bao Smith,259 Nightcliff Road,Nightcliff,NT,0810,MEDIUM,RETAIL,2026-01-15T00:00:00,Y
P000494,Alice Silva,340 Battery Point Road,Battery Point,TAS,7004,LOW,RETAIL,2026-01-15T00:00:00,N
P000495,Grace Kim,163 West End Road,West End,QLD,4101,LOW,RETAIL,2026-01-15T00:00:00,Y
P000496,Carlos Smith,80 Brunswick Road,Brunswick,VIC,3056,MEDIUM,RETAIL,2026-01-15T00:00:00,N
P000497,Bao Haddad,184 Fremantle Road,Fremantle,WA,6160,LOW,RETAIL,2026-01-15T00:00:00,Y
P000498,Eitan Smith,47 Subiaco Road,Subiaco,WA,6008,HIGH,RETAIL,2026-01-15T00:00:00,N
P000499,Jai Nguyen,111 Nightcliff Road,Nightcliff,NT,0810,MEDIUM,RETAIL,2026-01-15T00:00:00,Y
P000500,Dana Kim,203 Nightcliff Road,Nightcliff,NT,0810,HIGH,RETAIL,2026-01-15T00:00:00,N
P000501,Alice Silva,232 Fitzroy Road,Fitzroy,VIC,3065,HIGH,RETAIL,2026-01-15T00:00:00,Y
P000502,Bao Okafor,63 Subiaco Road,Subiaco,WA,6008,,STUDENT,2026-01-15T00:00:00,N
P000503,Carlos Rossi,206 Brunswick Road,Brunswick,VIC,3056,HIGH,SENIOR,2026-01-15T00:00:00,Y
P000504,Jai Patel,39 Surry Hills Road,Surry Hills,NSW,2010,,RETAIL,2026-01-15T00:00:00,N
P000505,Hiro Okafor,48 Braddon Road,Braddon,ACT,2612,MEDIUM,RETAIL,2026-01-15T00:00:00,Y
P000506,Alice Okafor,294 Subiaco Road,Subiaco,WA,6008,HIGH,RETAIL,2026-01-15T00:00:00,N
P000507,Grace Silva,89 Newtown Road,Newtown,NSW,2042,LOW,RETAIL,2026-01-15T00:00:00,Y
P000508,Carlos Nguyen,261 West End Road,West End,QLD,4101,LOW,PREMIUM,2026-01-15T09:00:00,N
P000509,Grace Haddad,246 Subiaco Road,Subiaco,WA,6008,MEDIUM,RETAIL,2026-01-15T00:00:00,Y
P000510,Dana Haddad,128 Fremantle Road,Fremantle,WA,6160,HIGH,STUDENT,2026-01-15T00:00:00,N
P000511,Fatima Muller,158 Surry Hills Road,Surry Hills,NSW,2010,MEDIUM,SENIOR,2026-01-15T09:00:00,Y
P000512,Fatima Silva,5 Surry Hills Road,Surry Hills,NSW,2010,MEDIUM,RETAIL,2026-02-15T09:00:00,N
P000513,Eitan Nguyen,242 Newtown Road,Newtown,NSW,2042,HIGH,SENIOR,2026-01-15T00:00:00,Y
P000514,Bao Rossi,337 Fitzroy Road,Fitzroy,VIC,3065,HIGH,STUDENT,2026-01-15T00:00:00,N
P000515,Alice Rossi,295 Nightcliff Road,Nightcliff,NT,0810,MEDIUM,RETAIL,2026-01-15T00:00:00,Y
P000516,Carlos Rossi,304 Fitzroy Road,Fitzroy,VIC,3065,HIGH,PREMIUM,2026-01-15T00:00:00,N
P000517,Alice Kim,59 Fremantle Road,Fremantle,WA,6160,HIGH,SENIOR,2026-03-15T09:00:00,Y
P000518,Ines Patel,348 Braddon Road,Braddon,ACT,2612,LOW,RETAIL,2026-02-15T09:00:00,N
P000519,Dana Nguyen,270 Battery Point Road,Battery Point,TAS,7004,MEDIUM,SENIOR,2026-01-15T00:00:00,Y
P000520,Carlos Kim,224 Nightcliff Road,Nightcliff,NT,0810,MEDIUM,RETAIL,2026-03-15T09:00:00,N
P000521,Jai Okafor,397 Fitzroy Road,Fitzroy,VIC,3065,HIGH,STUDENT,2026-01-15T00:00:00,Y
P000522,Fatima Silva,301 Surry Hills Road,Surry Hills,NSW,2010,MEDIUM,RETAIL,2026-01-15T00:00:00,N
P000523,Grace Muller,333 Fitzroy Road,Fitzroy,VIC,3065,HIGH,SENIOR,2026-01-15T00:00:00,Y
P000524,Jai Kim,115 Nightcliff Road,Nightcliff,NT,0810,LOW,RETAIL,2026-01-15T00:00:00,N
P000525,Eitan Okafor,91 Nightcliff Road,Nightcliff,NT,0810,HIGH,SENIOR,2026-01-15T00:00:00,Y
P000526,Jai Nguyen,94 Fremantle Road,Fremantle,WA,6160,HIGH,RETAIL,2026-01-15T00:00:00,N
P000527,Bao Muller,73 Battery Point Road,Battery Point,TAS,7004,LOW,RETAIL,2026-01-15T00:00:00,Y
P000528,Carlos Smith,363 West End Road,West End,QLD,4101,HIGH,STUDENT,2026-01-15T00:00:00,N
P000529,Alice Patel,108 Subiaco Road,Subiaco,WA,6008,LOW,RETAIL,2026-01-15T00:00:00,Y
P000530,Alice Nguyen,198 Surry Hills Road,Surry Hills,NSW,2010,MEDIUM,SENIOR,2026-01-15T00:00:00,N
P000531,Hiro Silva,180 Fremantle Road,Fremantle,WA,6160,LOW,STUDENT,2026-01-15T00:00:00,Y
P000532,Dana Okafor,118 Surry Hills Road,Surry Hills,NSW,2010,LOW,RETAIL,2026-03-15T09:00:00,N
P000533,Eitan Smith,305 Brunswick Road,Brunswick,VIC,3056,MEDIUM,RETAIL,2026-03-15T09:00:00,Y
P000534,Ines Smith,174 Surry Hills Road,Surry Hills,NSW,2010,HIGH,STUDENT,2026-01-15T00:00:00,N
P000535,Alice Silva,335 Nightcliff Road,Nightcliff,NT,0810,MEDIUM,RETAIL,2026-01-15T00:00:00,Y
P000536,Fatima Rossi,98 Surry Hills Road,Surry Hills,NSW,2010,HIGH,PREMIUM,2026-01-15T00:00:00,N
P000537,Ines Patel,339 Nightcliff Road,Nightcliff,NT,0810,LOW,RETAIL,2026-01-15T00:00:00,Y
P000538,Jai Haddad,195 Fremantle Road,Fremantle,WA,6160,MEDIUM,RETAIL,2026-03-15T09:00:00,N
P000539,Eitan Muller,103 Surry Hills Road,Surry Hills,NSW,2010,LOW,RETAIL,2026-01-15T00:00:00,Y
P000540,Bao Muller,60 Fortitude Valley Road,Fortitude Valley,QLD,4006,MEDIUM,RETAIL,2026-01-15T00:00:00,N
P000541,Eitan Smith,329 Braddon Road,Braddon,ACT,2612,LOW,RETAIL,2026-01-15T00:00:00,Y
P000542,Fatima Okafor,229 Fremantle Road,Fremantle,WA,6160,MEDIUM,RETAIL,2026-01-15T00:00:00,N
P000543,Eitan Nguyen,78 Brunswick Road,Brunswick,VIC,3056,HIGH,RETAIL,2026-01-15T00:00:00,Y
P000544,Fatima Haddad,212 Braddon Road,Braddon,ACT,2612,HIGH,RETAIL,2026-01-15T00:00:00,N
P000545,Grace Haddad,215 Newtown Road,Newtown,NSW,2042,HIGH,STUDENT,2026-01-15T00:00:00,Y
P000546,Jai Rossi,396 Brunswick Road,Brunswick,VIC,3056,MEDIUM,SENIOR,2026-01-15T09:00:00,N
P000547,Alice Haddad,293 Nightcliff Road,Nightcliff,NT,0810,HIGH,PREMIUM,2026-01-15T00:00:00,Y
P000548,Carlos Smith,48 Fremantle Road,Fremantle,WA,6160,LOW,SENIOR,2026-03-15T09:00:00,N
P000549,Carlos Nguyen,217 Brunswick Road,Brunswick,VIC,3056,HIGH,RETAIL,2026-01-15T00:00:00,Y
P000550,Carlos Patel,164 Braddon Road,Braddon,ACT,2612,LOW,RETAIL,2026-01-15T00:00:00,N
P000551,Grace Haddad,69 Brunswick Road,Brunswick,VIC,3056,HIGH,RETAIL,2026-01-15T09:00:00,Y
P000552,Jai Haddad,19 Nightcliff Road,Nightcliff,NT,0810,LOW,RETAIL,2026-03-15T09:00:00,N
P000553,Jai Smith,388 Fortitude Valley Road,Fortitude Valley,QLD,4006,LOW,STUDENT,2026-02-15T09:00:00,Y
P000554,Fatima Silva,237 Nightcliff Road,Nightcliff,NT,0810,MEDIUM,RETAIL,2026-03-15T09:00:00,N
P000555,Alice Okafor,142 Subiaco Road,Subiaco,WA,6008,HIGH,PREMIUM,2026-01-15T00:00:00,Y
P000556,Grace Nguyen,284 Battery Point Road,Battery Point,TAS,7004,MEDIUM,PREMIUM,2026-03-15T09:00:00,N
P000557,Hiro Patel,215 Braddon Road,Braddon,ACT,2612,,STUDENT,2026-02-15T09:00:00,Y
P000558,Eitan Patel,262 Fortitude Valley Road,Fortitude Valley,QLD,4006,HIGH,RETAIL,2026-02-15T09:00:00,N
P000559,Carlos Patel,381 Brunswick Road,Brunswick,VIC,3056,MEDIUM,RETAIL,2026-01-15T00:00:00,Y
P000560,Jai Smith,97 Fremantle Road,Fremantle,WA,6160,MEDIUM,PREMIUM,2026-01-15T00:00:00,N
P000561,Fatima Nguyen,264 Norwood Road,Norwood,SA,5067,LOW,RETAIL,2026-01-15T00:00:00,Y
P000562,Grace Okafor,400 Norwood Road,Norwood,SA,5067,HIGH,RETAIL,2026-01-15T00:00:00,N
P000563,Dana Nguyen,128 Brunswick Road,Brunswick,VIC,3056,,RETAIL,2026-01-15T00:00:00,Y
P000564,Dana Patel,241 Brunswick Road,Brunswick,VIC,3056,HIGH,RETAIL,2026-03-15T09:00:00,N
P000565,Alice Rossi,309 Brunswick Road,Brunswick,VIC,3056,MEDIUM,RETAIL,2026-03-15T09:00:00,Y
P000566,Jai Haddad,180 Subiaco Road,Subiaco,WA,6008,MEDIUM,PREMIUM,2026-01-15T00:00:00,N
P000567,Bao Patel,250 Fortitude Valley Road,Fortitude Valley,QLD,4006,LOW,STUDENT,2026-03-15T09:00:00,Y
P000568,Dana Rossi,347 Brunswick Road,Brunswick,VIC,3056,HIGH,RETAIL,2026-01-15T00:00:00,N
P000569,Alice Muller,400 Nightcliff Road,Nightcliff,NT,0810,HIGH,STUDENT,2026-03-15T09:00:00,Y
P000570,Eitan Patel,365 Brunswick Road,Brunswick,VIC,3056,HIGH,RETAIL,2026-01-15T00:00:00,N
P000571,Fatima Muller,130 Fremantle Road,Fremantle,WA,6160,MEDIUM,PREMIUM,2026-01-15T00:00:00,Y
P000572,Grace Smith,4 Battery Point Road,Battery Point,TAS,7004,HIGH,SENIOR,2026-01-15T00:00:00,N
P000573,Ines Patel,211 Fremantle Road,Fremantle,WA,6160,MEDIUM,RETAIL,2026-03-15T09:00:00,Y
P000574,Fatima Patel,49 Brunswick Road,Brunswick,VIC,3056,HIGH,RETAIL,2026-02-15T09:00:00,N
P000575,Ines Rossi,175 Norwood Road,Norwood,SA,5067,HIGH,RETAIL,2026-03-15T09:00:00,Y
P000576,Carlos Nguyen,336 West End Road,West End,QLD,4101,MEDIUM,RETAIL,2026-01-15T00:00:00,N
P000577,Grace Silva,378 Fremantle Road,Fremantle,WA,6160,,PREMIUM,2026-01-15T00:00:00,Y
P000578,Dana Kim,67 Surry Hills Road,Surry Hills,NSW,2010,HIGH,RETAIL,2026-03-15T09:00:00,N
P000579,Fatima Haddad,154 Subiaco Road,Subiaco,WA,6008,HIGH,STUDENT,2026-01-15T00:00:00,Y
P000580,Eitan Smith,242 Fitzroy Road,Fitzroy,VIC,3065,MEDIUM,PREMIUM,2026-01-15T00:00:00,N
P000581,Carlos Kim,336 Norwood Road,Norwood,SA,5067,MEDIUM,RETAIL,2026-01-15T00:00:00,Y
P000582,Grace Kim,191 Fortitude Valley Road,Fortitude Valley,QLD,4006,MEDIUM,RETAIL,2026-01-15T00:00:00,N
P000583,Hiro Nguyen,325 Surry Hills Road,Surry Hills,NSW,2010,HIGH,RETAIL,2026-01-15T00:00:00,Y
P000584,Ines Smith,349 Brunswick Road,Brunswick,VIC,3056,MEDIUM,RETAIL,2026-01-15T00:00:00,N
P000585,Carlos Rossi,176 Fitzroy Road,Fitzroy,VIC,3065,HIGH,STUDENT,2026-01-15T00:00:00,Y
P000586,Carlos Kim,367 Subiaco Road,Subiaco,WA,6008,LOW,RETAIL,2026-01-15T00:00:00,N
P000587,Carlos Kim,325 Braddon Road,Braddon,ACT,2612,MEDIUM,RETAIL,2026-01-15T00:00:00,Y
P000588,Jai Okafor,251 Fitzroy Road,Fitzroy,VIC,3065,LOW,RETAIL,2026-01-15T00:00:00,N
P000589,Grace Silva,220 Fremantle Road,Fremantle,WA,6160,MEDIUM,RETAIL,2026-01-15T00:00:00,Y
P000590,Dana Kim,375 Fitzroy Road,Fitzroy,VIC,3065,HIGH,RETAIL,2026-02-15T09:00:00,N
P000591,Alice Rossi,116 Braddon Road,Braddon,ACT,2612,MEDIUM,RETAIL,2026-01-15T00:00:00,Y
P000592,Grace Haddad,302 Surry Hills Road,Surry Hills,NSW,2010,LOW,STUDENT,2026-01-15T00:00:00,N
P000593,Eitan Muller,373 Fortitude Valley Road,Fortitude Valley,QLD,4006,HIGH,RETAIL,2026-01-15T00:00:00,Y
P000594,Carlos Kim,251 Braddon Road,Braddon,ACT,2612,LOW,RETAIL,2026-01-15T00:00:00,N
P000595,Alice Rossi,115 Fremantle Road,Fremantle,WA,6160,LOW,RETAIL,2026-01-15T00:00:00,Y
P000596,Jai Haddad,87 Newtown Road,Newtown,NSW,2042,HIGH,PREMIUM,2026-01-15T00:00:00,N
P000597,Grace Patel,395 Newtown Road,Newtown,NSW,2042,LOW,RETAIL,2026-01-15T00:00:00,Y
P000598,Bao Nguyen,25 Newtown Road,Newtown,NSW,2042,MEDIUM,RETAIL,2026-01-15T00:00:00,N
P000599,Ines Patel,243 Surry Hills Road,Surry Hills,NSW,2010,LOW,PREMIUM,2026-01-15T00:00:00,Y
P000600,Alice Patel,260 Surry Hills Road,Surry Hills,NSW,2010,HIGH,RETAIL,2026-02-15T09:00:00,N
P000601,Jai Okafor,215 Battery Point Road,Battery Point,TAS,7004,LOW,RETAIL,2026-01-15T00:00:00,Y
P000602,Bao Patel,250 Braddon Road,Braddon,ACT,2612,MEDIUM,RETAIL,2026-01-15T09:00:00,N
P000603,Eitan Haddad,104 Brunswick Road,Brunswick,VIC,3056,MEDIUM,RETAIL,2026-01-15T00:00:00,Y
P000604,Ines Muller,107 Newtown Road,Newtown,NSW,2042,MEDIUM,RETAIL,2026-01-15T00:00:00,N
P000605,Alice Smith,57 Newtown Road,Newtown,NSW,2042,HIGH,RETAIL,2026-01-15T00:00:00,Y
P000606,Ines Smith,371 Surry Hills Road,Surry Hills,NSW,2010,MEDIUM,PREMIUM,2026-01-15T00:00:00,N
P000607,Eitan Patel,83 Fitzroy Road,Fitzroy,VIC,3065,LOW,STUDENT,2026-02-15T09:00:00,Y
P000608,Fatima Kim,85 Fitzroy Road,Fitzroy,VIC,3065,LOW,STUDENT,2026-01-15T09:00:00,N
P000609,Alice Okafor,49 Braddon Road,Braddon,ACT,2612,MEDIUM,RETAIL,2026-01-15T09:00:00,Y
P000610,Jai Patel,376 Subiaco Road,Subiaco,WA,6008,MEDIUM,RETAIL,2026-01-15T00:00:00,N
P000611,Grace Muller,140 Fremantle Road,Fremantle,WA,6160,HIGH,STUDENT,2026-01-15T00:00:00,Y
P000612,Carlos Smith,68 Fremantle Road,Fremantle,WA,6160,LOW,SENIOR,2026-01-15T00:00:00,N
P000613,Bao Silva,303 Fitzroy Road,Fitzroy,VIC,3065,HIGH,PREMIUM,2026-01-15T00:00:00,Y
P000614,Jai Silva,150 Fitzroy Road,Fitzroy,VIC,3065,LOW,STUDENT,2026-03-15T09:00:00,N
P000615,Carlos Muller,141 Fortitude Valley Road,Fortitude Valley,QLD,4006,MEDIUM,RETAIL,2026-01-15T09:00:00,Y
P000616,Eitan Kim,7 Surry Hills Road,Surry Hills,NSW,2010,HIGH,RETAIL,2026-01-15T00:00:00,N
P000617,Jai Rossi,194 Surry Hills Road,Surry Hills,NSW,2010,HIGH,RETAIL,2026-02-15T09:00:00,Y
P000618,Jai Smith,222 Nightcliff Road,Nightcliff,NT,0810,LOW,RETAIL,2026-01-15T00:00:00,N
P000619,Grace Okafor,286 Braddon Road,Braddon,ACT,2612,HIGH,RETAIL,2026-01-15T00:00:00,Y
P000620,Carlos Haddad,180 Battery Point Road,Battery Point,TAS,7004,LOW,RETAIL,2026-02-15T09:00:00,N
P000621,Fatima Rossi,170 Subiaco Road,Subiaco,WA,6008,LOW,RETAIL,2026-01-15T00:00:00,Y
P000622,Grace Silva,2 Fortitude Valley Road,Fortitude Valley,QLD,4006,MEDIUM,STUDENT,2026-02-15T09:00:00,N
P000623,Bao Muller,229 Subiaco Road,Subiaco,WA,6008,MEDIUM,PREMIUM,2026-01-15T00:00:00,Y
P000624,Bao Silva,212 Newtown Road,Newtown,NSW,2042,,RETAIL,2026-01-15T00:00:00,N
P000625,Jai Patel,261 Surry Hills Road,Surry Hills,NSW,2010,HIGH,PREMIUM,2026-01-15T00:00:00,Y
P000626,Fatima Nguyen,115 West End Road,West End,QLD,4101,MEDIUM,RETAIL,2026-01-15T00:00:00,N
P000627,Jai Muller,367 Battery Point Road,Battery Point,TAS,7004,HIGH,RETAIL,2026-01-15T00:00:00,Y
P000628,Dana Nguyen,312 Newtown Road,Newtown,NSW,2042,HIGH,SENIOR,2026-03-15T09:00:00,N
P000629,Ines Haddad,192 Fortitude Valley Road,Fortitude Valley,QLD,4006,LOW,STUDENT,2026-01-15T00:00:00,Y
P000630,Carlos Silva,45 Norwood Road,Norwood,SA,5067,LOW,RETAIL,2026-03-15T09:00:00,N
P000631,Dana Muller,98 Fremantle Road,Fremantle,WA,6160,LOW,STUDENT,2026-01-15T00:00:00,Y
P000632,Jai Smith,396 Newtown Road,Newtown,NSW,2042,MEDIUM,PREMIUM,2026-01-15T00:00:00,N
P000633,Carlos Muller,3 Norwood Road,Norwood,SA,5067,LOW,RETAIL,2026-01-15T00:00:00,Y
P000634,Jai Muller,261 Fremantle Road,Fremantle,WA,6160,LOW,PREMIUM,2026-01-15T00:00:00,N
P000635,Carlos Smith,199 Fitzroy Road,Fitzroy,VIC,3065,HIGH,STUDENT,2026-01-15T00:00:00,Y
P000636,Grace Silva,312 Norwood Road,Norwood,SA,5067,LOW,RETAIL,2026-01-15T00:00:00,N
P000637,Eitan Muller,83 Battery Point Road,Battery Point,TAS,7004,HIGH,PREMIUM,2026-03-15T09:00:00,Y
P000638,Ines Patel,360 Nightcliff Road,Nightcliff,NT,0810,MEDIUM,PREMIUM,2026-01-15T00:00:00,N
P000639,Dana Rossi,108 Norwood Road,Norwood,SA,5067,MEDIUM,PREMIUM,2026-01-15T00:00:00,Y
P000640,Carlos Okafor,331 Nightcliff Road,Nightcliff,NT,0810,HIGH,RETAIL,2026-01-15T09:00:00,N
P000641,Fatima Haddad,246 Surry Hills Road,Surry Hills,NSW,2010,HIGH,PREMIUM,2026-01-15T00:00:00,Y
P000642,Ines Patel,154 Braddon Road,Braddon,ACT,2612,HIGH,RETAIL,2026-02-15T09:00:00,N
P000643,Carlos Nguyen,87 Fremantle Road,Fremantle,WA,6160,MEDIUM,STUDENT,2026-02-15T09:00:00,Y
P000644,Eitan Patel,75 Fitzroy Road,Fitzroy,VIC,3065,HIGH,STUDENT,2026-01-15T00:00:00,N
P000645,Ines Nguyen,184 Brunswick Road,Brunswick,VIC,3056,LOW,PREMIUM,2026-01-15T00:00:00,Y
P000646,Ines Rossi,381 Braddon Road,Braddon,ACT,2612,MEDIUM,RETAIL,2026-01-15T00:00:00,N
P000647,Eitan Nguyen,196 Nightcliff Road,Nightcliff,NT,0810,HIGH,RETAIL,2026-01-15T00:00:00,Y
P000648,Alice Nguyen,381 Norwood Road,Norwood,SA,5067,HIGH,STUDENT,2026-01-15T00:00:00,N
P000649,Dana Kim,387 Subiaco Road,Subiaco,WA,6008,HIGH,PREMIUM,2026-01-15T00:00:00,Y
P000650,Dana Patel,230 Nightcliff Road,Nightcliff,NT,0810,HIGH,RETAIL,2026-01-15T00:00:00,N
P000651,Ines Smith,194 Fitzroy Road,Fitzroy,VIC,3065,MEDIUM,RETAIL,2026-01-15T00:00:00,Y
P000652,Carlos Patel,161 Fitzroy Road,Fitzroy,VIC,3065,HIGH,SENIOR,2026-01-15T09:00:00,N
P000653,Carlos Kim,306 Newtown Road,Newtown,NSW,2042,HIGH,PREMIUM,2026-01-15T00:00:00,Y
P000654,Eitan Muller,294 Braddon Road,Braddon,ACT,2612,LOW,STUDENT,2026-01-15T00:00:00,N
P000655,Ines Rossi,95 West End Road,West End,QLD,4101,HIGH,RETAIL,2026-01-15T00:00:00,Y
P000656,Ines Silva,48 Norwood Road,Norwood,SA,5067,LOW,PREMIUM,2026-01-15T00:00:00,N
P000657,Fatima Patel,112 West End Road,West End,QLD,4101,HIGH,RETAIL,2026-01-15T00:00:00,Y
P000658,Alice Smith,277 Norwood Road,Norwood,SA,5067,LOW,SENIOR,2026-02-15T09:00:00,N
P000659,Jai Rossi,335 Subiaco Road,Subiaco,WA,6008,MEDIUM,RETAIL,2026-03-15T09:00:00,Y
P000660,Grace Patel,277 Surry Hills Road,Surry Hills,NSW,2010,LOW,SENIOR,2026-01-15T00:00:00,N
P000661,Ines Haddad,229 West End Road,West End,QLD,4101,MEDIUM,STUDENT,2026-01-15T00:00:00,Y
P000662,Fatima Haddad,43 Brunswick Road,Brunswick,VIC,3056,LOW,SENIOR,2026-01-15T00:00:00,N
P000663,Ines Nguyen,263 Surry Hills Road,Surry Hills,NSW,2010,HIGH,PREMIUM,2026-02-15T09:00:00,Y
P000664,Grace Smith,26 Fortitude Valley Road,Fortitude Valley,QLD,4006,HIGH,STUDENT,2026-03-15T09:00:00,N
P000665,Grace Smith,372 Brunswick Road,Brunswick,VIC,3056,LOW,RETAIL,2026-01-15T09:00:00,Y
P000666,Alice Smith,38 West End Road,West End,QLD,4101,MEDIUM,RETAIL,2026-01-15T00:00:00,N
P000667,Dana Patel,269 West End Road,West End,QLD,4101,HIGH,RETAIL,2026-03-15T09:00:00,Y
P000668,Alice Silva,345 West End Road,West End,QLD,4101,LOW,PREMIUM,2026-01-15T00:00:00,N
P000669,Bao Nguyen,359 Battery Point Road,Battery Point,TAS,7004,MEDIUM,SENIOR,2026-01-15T00:00:00,Y
P000670,Eitan Patel,311 Surry Hills Road,Surry Hills,NSW,2010,MEDIUM,RETAIL,2026-01-15T00:00:00,N
P000671,Alice Muller,81 Braddon Road,Braddon,ACT,2612,LOW,PREMIUM,2026-01-15T00:00:00,Y
P000672,Eitan Okafor,315 Subiaco Road,Subiaco,WA,6008,HIGH,PREMIUM,2026-01-15T09:00:00,N
P000673,Ines Haddad,326 Fitzroy Road,Fitzroy,VIC,3065,LOW,RETAIL,2026-01-15T09:00:00,Y
P000674,Ines Haddad,44 Fremantle Road,Fremantle,WA,6160,HIGH,PREMIUM,2026-01-15T00:00:00,N
P000675,Fatima Rossi,212 Nightcliff Road,Nightcliff,NT,0810,HIGH,RETAIL,2026-01-15T00:00:00,Y
P000676,Dana Patel,100 Fitzroy Road,Fitzroy,VIC,3065,HIGH,STUDENT,2026-01-15T00:00:00,N
P000677,Ines Muller,331 Newtown Road,Newtown,NSW,2042,MEDIUM,PREMIUM,2026-01-15T00:00:00,Y
P000678,Bao Rossi,372 Fortitude Valley Road,Fortitude Valley,QLD,4006,MEDIUM,RETAIL,2026-01-15T00:00:00,N
P000679,Dana Smith,146 Braddon Road,Braddon,ACT,2612,LOW,RETAIL,2026-01-15T00:00:00,Y
P000680,Fatima Patel,356 Subiaco Road,Subiaco,WA,6008,HIGH,RETAIL,2026-01-15T00:00:00,N
P000681,Grace Okafor,3 West End Road,West End,QLD,4101,LOW,PREMIUM,2026-01-15T00:00:00,Y
P000682,Grace Patel,185 Braddon Road,Braddon,ACT,2612,HIGH,RETAIL,2026-01-15T00:00:00,N
P000683,Hiro Muller,184 Subiaco Road,Subiaco,WA,6008,MEDIUM,RETAIL,2026-01-15T00:00:00,Y
P000684,Jai Smith,144 Fitzroy Road,Fitzroy,VIC,3065,LOW,STUDENT,2026-01-15T00:00:00,N
P000685,Eitan Smith,373 Brunswick Road,Brunswick,VIC,3056,LOW,STUDENT,2026-01-15T00:00:00,Y
P000686,Alice Silva,127 Fitzroy Road,Fitzroy,VIC,3065,LOW,RETAIL,2026-02-15T09:00:00,N
P000687,Ines Muller,335 Norwood Road,Norwood,SA,5067,MEDIUM,RETAIL,2026-01-15T00:00:00,Y
P000688,Eitan Okafor,238 Battery Point Road,Battery Point,TAS,7004,LOW,RETAIL,2026-01-15T00:00:00,N
P000689,Alice Rossi,42 Subiaco Road,Subiaco,WA,6008,HIGH,RETAIL,2026-03-15T09:00:00,Y
P000690,Carlos Okafor,377 Fitzroy Road,Fitzroy,VIC,3065,MEDIUM,RETAIL,2026-01-15T00:00:00,N
P000691,Dana Smith,136 Subiaco Road,Subiaco,WA,6008,LOW,PREMIUM,2026-01-15T00:00:00,Y
P000692,Fatima Silva,241 Norwood Road,Norwood,SA,5067,LOW,RETAIL,2026-01-15T00:00:00,N
P000693,Fatima Smith,385 Battery Point Road,Battery Point,TAS,7004,HIGH,STUDENT,2026-01-15T09:00:00,Y
P000694,Eitan Haddad,292 Nightcliff Road,Nightcliff,NT,0810,HIGH,RETAIL,2026-01-15T00:00:00,N
P000695,Bao Haddad,129 Battery Point Road,Battery Point,TAS,7004,LOW,RETAIL,2026-01-15T00:00:00,Y
P000696,Fatima Muller,247 West End Road,West End,QLD,4101,LOW,RETAIL,2026-01-15T00:00:00,N
P000697,Hiro Okafor,54 Brunswick Road,Brunswick,VIC,3056,HIGH,RETAIL,2026-03-15T09:00:00,Y
P000698,Carlos Okafor,301 Fremantle Road,Fremantle,WA,6160,LOW,PREMIUM,2026-02-15T09:00:00,N
P000699,Fatima Smith,247 Fremantle Road,Fremantle,WA,6160,MEDIUM,RETAIL,2026-01-15T00:00:00,Y
P000700,Grace Nguyen,125 Fitzroy Road,Fitzroy,VIC,3065,HIGH,RETAIL,2026-01-15T00:00:00,N
P000701,Ines Nguyen,294 Fitzroy Road,Fitzroy,VIC,3065,LOW,RETAIL,2026-01-15T00:00:00,Y
P000702,Ines Silva,278 Newtown Road,Newtown,NSW,2042,HIGH,RETAIL,2026-02-15T09:00:00,N
P000703,Eitan Smith,111 Nightcliff Road,Nightcliff,NT,0810,MEDIUM,STUDENT,2026-01-15T00:00:00,Y
P000704,Dana Silva,329 Newtown Road,Newtown,NSW,2042,HIGH,STUDENT,2026-03-15T09:00:00,N
P000705,Jai Haddad,136 Fitzroy Road,Fitzroy,VIC,3065,HIGH,RETAIL,2026-01-15T00:00:00,Y
P000706,Jai Smith,118 Subiaco Road,Subiaco,WA,6008,LOW,RETAIL,2026-01-15T00:00:00,N
P000707,Ines Haddad,281 Brunswick Road,Brunswick,VIC,3056,LOW,PREMIUM,2026-01-15T09:00:00,Y
P000708,Hiro Nguyen,273 Fitzroy Road,Fitzroy,VIC,3065,LOW,RETAIL,2026-01-15T00:00:00,N
P000709,Carlos Haddad,308 Norwood Road,Norwood,SA,5067,HIGH,PREMIUM,2026-02-15T09:00:00,Y
P000710,Grace Kim,23 Norwood Road,Norwood,SA,5067,MEDIUM,RETAIL,2026-01-15T00:00:00,N
P000711,Grace Kim,302 Subiaco Road,Subiaco,WA,6008,HIGH,RETAIL,2026-01-15T00:00:00,Y
P000712,Carlos Patel,107 Nightcliff Road,Nightcliff,NT,0810,LOW,RETAIL,2026-01-15T09:00:00,N
P000713,Grace Patel,97 Norwood Road,Norwood,SA,5067,,PREMIUM,2026-01-15T00:00:00,Y
P000714,Jai Haddad,61 Newtown Road,Newtown,NSW,2042,MEDIUM,PREMIUM,2026-01-15T00:00:00,N
P000715,Fatima Silva,186 Nightcliff Road,Nightcliff,NT,0810,MEDIUM,PREMIUM,2026-01-15T00:00:00,Y
P000716,Eitan Haddad,180 Fortitude Valley Road,Fortitude Valley,QLD,4006,HIGH,RETAIL,2026-02-15T09:00:00,N
P000717,Grace Rossi,212 Braddon Road,Braddon,ACT,2612,HIGH,RETAIL,2026-01-15T00:00:00,Y
P000718,Ines Haddad,248 West End Road,West End,QLD,4101,MEDIUM,RETAIL,2026-01-15T00:00:00,N
P000719,Grace Okafor,338 Nightcliff Road,Nightcliff,NT,0810,LOW,RETAIL,2026-01-15T00:00:00,Y
P000720,Carlos Smith,110 Nightcliff Road,Nightcliff,NT,0810,MEDIUM,STUDENT,2026-01-15T00:00:00,N
P000721,Alice Okafor,200 Battery Point Road,Battery Point,TAS,7004,LOW,STUDENT,2026-01-15T00:00:00,Y
P000722,Hiro Silva,46 Fitzroy Road,Fitzroy,VIC,3065,LOW,RETAIL,2026-01-15T00:00:00,N
P000723,Alice Silva,206 Battery Point Road,Battery Point,TAS,7004,HIGH,RETAIL,2026-01-15T00:00:00,Y
P000724,Alice Okafor,190 Fortitude Valley Road,Fortitude Valley,QLD,4006,LOW,RETAIL,2026-02-15T09:00:00,N
P000725,Ines Patel,100 Braddon Road,Braddon,ACT,2612,,RETAIL,2026-01-15T00:00:00,Y
P000726,Dana Okafor,212 Nightcliff Road,Nightcliff,NT,0810,,RETAIL,2026-03-15T09:00:00,N
P000727,Carlos Smith,142 West End Road,West End,QLD,4101,MEDIUM,PREMIUM,2026-01-15T09:00:00,Y
P000728,Jai Rossi,62 Subiaco Road,Subiaco,WA,6008,,PREMIUM,2026-03-15T09:00:00,N
P000729,Ines Patel,372 Surry Hills Road,Surry Hills,NSW,2010,HIGH,RETAIL,2026-01-15T00:00:00,Y
P000730,Dana Rossi,247 Braddon Road,Braddon,ACT,2612,HIGH,RETAIL,2026-01-15T09:00:00,N
P000731,Grace Haddad,55 Fitzroy Road,Fitzroy,VIC,3065,HIGH,RETAIL,2026-01-15T00:00:00,Y
P000732,Ines Patel,276 Surry Hills Road,Surry Hills,NSW,2010,HIGH,RETAIL,2026-01-15T00:00:00,N
P000733,Grace Muller,395 Subiaco Road,Subiaco,WA,6008,MEDIUM,SENIOR,2026-01-15T00:00:00,Y
P000734,Hiro Nguyen,357 Fortitude Valley Road,Fortitude Valley,QLD,4006,LOW,RETAIL,2026-01-15T09:00:00,N
P000735,Dana Kim,212 Brunswick Road,Brunswick,VIC,3056,HIGH,RETAIL,2026-01-15T00:00:00,Y
P000736,Eitan Rossi,120 Battery Point Road,Battery Point,TAS,7004,HIGH,PREMIUM,2026-03-15T09:00:00,N
P000737,Bao Haddad,348 Newtown Road,Newtown,NSW,2042,MEDIUM,RETAIL,2026-03-15T09:00:00,Y
P000738,Eitan Okafor,383 Battery Point Road,Battery Point,TAS,7004,LOW,RETAIL,2026-01-15T00:00:00,N
P000739,Dana Rossi,37 Nightcliff Road,Nightcliff,NT,0810,LOW,STUDENT,2026-03-15T09:00:00,Y
P000740,Fatima Okafor,5 Nightcliff Road,Nightcliff,NT,0810,LOW,PREMIUM,2026-01-15T09:00:00,N
P000741,Hiro Nguyen,392 Braddon Road,Braddon,ACT,2612,LOW,STUDENT,2026-01-15T00:00:00,Y
P000742,Jai Kim,253 West End Road,West End,QLD,4101,HIGH,STUDENT,2026-01-15T00:00:00,N
P000743,Carlos Haddad,144 Subiaco Road,Subiaco,WA,6008,HIGH,RETAIL,2026-01-15T00:00:00,Y
P000744,Grace Muller,277 Norwood Road,Norwood,SA,5067,,RETAIL,2026-01-15T00:00:00,N
P000745,Carlos Muller,62 Braddon Road,Braddon,ACT,2612,MEDIUM,RETAIL,2026-01-15T00:00:00,Y
P000746,Alice Rossi,195 Newtown Road,Newtown,NSW,2042,MEDIUM,RETAIL,2026-01-15T00:00:00,N
P000747,Carlos Haddad,135 Fortitude Valley Road,Fortitude Valley,QLD,4006,MEDIUM,SENIOR,2026-01-15T00:00:00,Y
P000748,Fatima Okafor,192 Norwood Road,Norwood,SA,5067,MEDIUM,PREMIUM,2026-01-15T09:00:00,N
P000749,Fatima Silva,144 West End Road,West End,QLD,4101,HIGH,RETAIL,2026-01-15T00:00:00,Y
P000750,Dana Smith,357 Nightcliff Road,Nightcliff,NT,0810,LOW,RETAIL,2026-01-15T09:00:00,N
P000751,Dana Okafor,379 Fremantle Road,Fremantle,WA,6160,LOW,RETAIL,2026-01-15T00:00:00,Y
P000752,Carlos Haddad,274 Subiaco Road,Subiaco,WA,6008,MEDIUM,RETAIL,2026-01-15T00:00:00,N
P000753,Jai Nguyen,299 Brunswick Road,Brunswick,VIC,3056,LOW,RETAIL,2026-01-15T09:00:00,Y
P000754,Hiro Smith,34 Surry Hills Road,Surry Hills,NSW,2010,MEDIUM,RETAIL,2026-01-15T09:00:00,N
P000755,Ines Patel,177 Norwood Road,Norwood,SA,5067,,RETAIL,2026-01-15T00:00:00,Y
P000756,Jai Rossi,296 Braddon Road,Braddon,ACT,2612,HIGH,RETAIL,2026-01-15T00:00:00,N
P000757,Fatima Kim,345 Fortitude Valley Road,Fortitude Valley,QLD,4006,HIGH,RETAIL,2026-01-15T00:00:00,Y
P000758,Grace Patel,238 Surry Hills Road,Surry Hills,NSW,2010,LOW,STUDENT,2026-01-15T00:00:00,N
P000759,Fatima Silva,324 Braddon Road,Braddon,ACT,2612,MEDIUM,STUDENT,2026-01-15T00:00:00,Y
P000760,Bao Okafor,176 Surry Hills Road,Surry Hills,NSW,2010,MEDIUM,PREMIUM,2026-01-15T00:00:00,N
P000761,Eitan Silva,139 Nightcliff Road,Nightcliff,NT,0810,MEDIUM,PREMIUM,2026-01-15T00:00:00,Y
P000762,Hiro Silva,86 Norwood Road,Norwood,SA,5067,LOW,RETAIL,2026-01-15T00:00:00,N
P000763,Eitan Smith,108 Brunswick Road,Brunswick,VIC,3056,LOW,RETAIL,2026-01-15T00:00:00,Y
P000764,Ines Nguyen,344 Battery Point Road,Battery Point,TAS,7004,HIGH,STUDENT,2026-01-15T09:00:00,N
P000765,Bao Patel,248 Surry Hills Road,Surry Hills,NSW,2010,HIGH,SENIOR,2026-02-15T09:00:00,Y
P000766,Eitan Rossi,127 Fremantle Road,Fremantle,WA,6160,MEDIUM,PREMIUM,2026-01-15T00:00:00,N
P000767,Ines Okafor,15 Fitzroy Road,Fitzroy,VIC,3065,,RETAIL,2026-01-15T00:00:00,Y
P000768,Hiro Muller,277 West End Road,West End,QLD,4101,HIGH,RETAIL,2026-01-15T00:00:00,N
P000769,Ines Okafor,303 Nightcliff Road,Nightcliff,NT,0810,HIGH,PREMIUM,2026-01-15T00:00:00,Y
P000770,Grace Haddad,328 Battery Point Road,Battery Point,TAS,7004,MEDIUM,SENIOR,2026-01-15T00:00:00,N
P000771,Ines Rossi,46 Subiaco Road,Subiaco,WA,6008,MEDIUM,RETAIL,2026-01-15T00:00:00,Y
P000772,Eitan Nguyen,1 Fitzroy Road,Fitzroy,VIC,3065,LOW,RETAIL,2026-01-15T00:00:00,N
P000773,Ines Nguyen,353 Subiaco Road,Subiaco,WA,6008,MEDIUM,RETAIL,2026-01-15T00:00:00,Y
P000774,Eitan Rossi,4 Fremantle Road,Fremantle,WA,6160,LOW,RETAIL,2026-01-15T00:00:00,N
P000775,Grace Silva,128 Norwood Road,Norwood,SA,5067,HIGH,PREMIUM,2026-01-15T00:00:00,Y
P000776,Dana Patel,41 Fremantle Road,Fremantle,WA,6160,LOW,RETAIL,2026-01-15T00:00:00,N
P000777,Eitan Patel,333 Battery Point Road,Battery Point,TAS,7004,MEDIUM,RETAIL,2026-01-15T00:00:00,Y
P000778,Carlos Okafor,42 Braddon Road,Braddon,ACT,2612,MEDIUM,PREMIUM,2026-02-15T09:00:00,N
P000779,Jai Muller,97 Fortitude Valley Road,Fortitude Valley,QLD,4006,LOW,RETAIL,2026-01-15T00:00:00,Y
P000780,Alice Okafor,53 Norwood Road,Norwood,SA,5067,LOW,PREMIUM,2026-01-15T00:00:00,N
P000781,Alice Rossi,329 Nightcliff Road,Nightcliff,NT,0810,MEDIUM,RETAIL,2026-02-15T09:00:00,Y
P000782,Eitan Muller,191 Fremantle Road,Fremantle,WA,6160,LOW,RETAIL,2026-01-15T00:00:00,N
P000783,Alice Patel,398 Fitzroy Road,Fitzroy,VIC,3065,HIGH,RETAIL,2026-01-15T00:00:00,Y
P000784,Eitan Silva,7 Brunswick Road,Brunswick,VIC,3056,HIGH,RETAIL,2026-01-15T00:00:00,N
P000785,Dana Nguyen,28 Brunswick Road,Brunswick,VIC,3056,LOW,RETAIL,2026-01-15T09:00:00,Y
P000786,Hiro Silva,349 Brunswick Road,Brunswick,VIC,3056,MEDIUM,RETAIL,2026-01-15T00:00:00,N
P000787,Alice Haddad,267 Nightcliff Road,Nightcliff,NT,0810,MEDIUM,PREMIUM,2026-01-15T00:00:00,Y
P000788,Fatima Nguyen,342 Brunswick Road,Brunswick,VIC,3056,LOW,RETAIL,2026-01-15T00:00:00,N
P000789,Fatima Nguyen,86 Fremantle Road,Fremantle,WA,6160,HIGH,RETAIL,2026-01-15T00:00:00,Y
P000790,Alice Nguyen,298 Brunswick Road,Brunswick,VIC,3056,MEDIUM,PREMIUM,2026-01-15T00:00:00,N
P000791,Fatima Smith,128 Fitzroy Road,Fitzroy,VIC,3065,LOW,PREMIUM,2026-01-15T00:00:00,Y
P000792,Alice Nguyen,183 West End Road,West End,QLD,4101,HIGH,RETAIL,2026-01-15T00:00:00,N
P000793,Carlos Muller,120 Surry Hills Road,Surry Hills,NSW,2010,HIGH,STUDENT,2026-01-15T00:00:00,Y
P000794,Hiro Rossi,11 West End Road,West End,QLD,4101,MEDIUM,PREMIUM,2026-01-15T00:00:00,N
P000795,Alice Muller,362 Fortitude Valley Road,Fortitude Valley,QLD,4006,MEDIUM,RETAIL,2026-01-15T00:00:00,Y
P000796,Dana Okafor,157 Nightcliff Road,Nightcliff,NT,0810,HIGH,RETAIL,2026-02-15T09:00:00,N
P000797,Ines Okafor,79 Fortitude Valley Road,Fortitude Valley,QLD,4006,MEDIUM,RETAIL,2026-01-15T09:00:00,Y
P000798,Ines Kim,246 Fremantle Road,Fremantle,WA,6160,,PREMIUM,2026-01-15T09:00:00,N
P000799,Carlos Nguyen,274 Nightcliff Road,Nightcliff,NT,0810,HIGH,RETAIL,2026-03-15T09:00:00,Y
P000800,Bao Haddad,199 Nightcliff Road,Nightcliff,NT,0810,HIGH,RETAIL,2026-01-15T00:00:00,N
P000801,Carlos Patel,166 Norwood Road,Norwood,SA,5067,MEDIUM,RETAIL,2026-01-15T00:00:00,Y
P000802,Bao Nguyen,67 Norwood Road,Norwood,SA,5067,LOW,RETAIL,2026-01-15T00:00:00,N
P000803,Dana Smith,218 Fremantle Road,Fremantle,WA,6160,MEDIUM,PREMIUM,2026-01-15T09:00:00,Y
P000804,Jai Patel,123 Fitzroy Road,Fitzroy,VIC,3065,HIGH,PREMIUM,2026-03-15T09:00:00,N
P000805,Dana Muller,41 Newtown Road,Newtown,NSW,2042,HIGH,RETAIL,2026-01-15T00:00:00,Y
P000806,Grace Kim,363 Norwood Road,Norwood,SA,5067,HIGH,RETAIL,2026-01-15T00:00:00,N
P000807,Bao Patel,40 Newtown Road,Newtown,NSW,2042,HIGH,RETAIL,2026-01-15T00:00:00,Y
P000808,Dana Haddad,198 Nightcliff Road,Nightcliff,NT,0810,HIGH,PREMIUM,2026-01-15T00:00:00,N
P000809,Carlos Haddad,384 Battery Point Road,Battery Point,TAS,7004,HIGH,RETAIL,2026-01-15T00:00:00,Y
P000810,Jai Kim,119 West End Road,West End,QLD,4101,HIGH,RETAIL,2026-01-15T09:00:00,N
P000811,Carlos Okafor,282 Surry Hills Road,Surry Hills,NSW,2010,MEDIUM,PREMIUM,2026-01-15T00:00:00,Y
P000812,Jai Muller,181 Norwood Road,Norwood,SA,5067,HIGH,SENIOR,2026-01-15T00:00:00,N
P000813,Fatima Silva,392 West End Road,West End,QLD,4101,HIGH,RETAIL,2026-01-15T00:00:00,Y
P000814,Jai Haddad,110 Brunswick Road,Brunswick,VIC,3056,HIGH,SENIOR,2026-01-15T00:00:00,N
P000815,Fatima Muller,230 Fortitude Valley Road,Fortitude Valley,QLD,4006,LOW,PREMIUM,2026-01-15T00:00:00,Y
P000816,Jai Nguyen,266 Fortitude Valley Road,Fortitude Valley,QLD,4006,MEDIUM,RETAIL,2026-01-15T00:00:00,N
P000817,Dana Kim,379 Braddon Road,Braddon,ACT,2612,HIGH,STUDENT,2026-01-15T09:00:00,Y
P000818,Ines Haddad,293 Norwood Road,Norwood,SA,5067,LOW,RETAIL,2026-01-15T00:00:00,N
P000819,Fatima Okafor,59 Surry Hills Road,Surry Hills,NSW,2010,HIGH,RETAIL,2026-01-15T09:00:00,Y
P000820,Eitan Smith,344 Fortitude Valley Road,Fortitude Valley,QLD,4006,LOW,PREMIUM,2026-03-15T09:00:00,N
P000821,Fatima Muller,89 Nightcliff Road,Nightcliff,NT,0810,HIGH,PREMIUM,2026-01-15T00:00:00,Y
P000822,Jai Patel,20 Surry Hills Road,Surry Hills,NSW,2010,HIGH,RETAIL,2026-01-15T00:00:00,N
P000823,Fatima Kim,223 Newtown Road,Newtown,NSW,2042,LOW,STUDENT,2026-01-15T00:00:00,Y
P000824,Jai Nguyen,325 Brunswick Road,Brunswick,VIC,3056,MEDIUM,RETAIL,2026-01-15T00:00:00,N
P000825,Alice Kim,277 Norwood Road,Norwood,SA,5067,MEDIUM,RETAIL,2026-01-15T00:00:00,Y
P000826,Carlos Nguyen,345 Brunswick Road,Brunswick,VIC,3056,MEDIUM,SENIOR,2026-01-15T00:00:00,N
P000827,Jai Haddad,47 Battery Point Road,Battery Point,TAS,7004,MEDIUM,STUDENT,2026-01-15T00:00:00,Y
P000828,Carlos Kim,43 Fitzroy Road,Fitzroy,VIC,3065,HIGH,RETAIL,2026-01-15T00:00:00,N
P000829,Eitan Smith,205 Fremantle Road,Fremantle,WA,6160,HIGH,RETAIL,2026-01-15T00:00:00,Y
P000830,Hiro Haddad,321 Fitzroy Road,Fitzroy,VIC,3065,HIGH,RETAIL,2026-02-15T09:00:00,N
P000831,Jai Haddad,127 Norwood Road,Norwood,SA,5067,MEDIUM,STUDENT,2026-01-15T00:00:00,Y
P000832,Jai Smith,382 Fremantle Road,Fremantle,WA,6160,MEDIUM,RETAIL,2026-02-15T09:00:00,N
P000833,Fatima Kim,305 Brunswick Road,Brunswick,VIC,3056,MEDIUM,RETAIL,2026-01-15T00:00:00,Y
P000834,Jai Muller,320 West End Road,West End,QLD,4101,LOW,SENIOR,2026-01-15T00:00:00,N
P000835,Dana Kim,80 Brunswick Road,Brunswick,VIC,3056,LOW,RETAIL,2026-01-15T00:00:00,Y
P000836,Dana Okafor,148 Newtown Road,Newtown,NSW,2042,,PREMIUM,2026-01-15T00:00:00,N
P000837,Eitan Muller,242 Surry Hills Road,Surry Hills,NSW,2010,,RETAIL,2026-01-15T00:00:00,Y
P000838,Dana Rossi,92 Braddon Road,Braddon,ACT,2612,MEDIUM,RETAIL,2026-02-15T09:00:00,N
P000839,Carlos Nguyen,193 Battery Point Road,Battery Point,TAS,7004,HIGH,RETAIL,2026-01-15T00:00:00,Y
P000840,Carlos Nguyen,146 Fortitude Valley Road,Fortitude Valley,QLD,4006,HIGH,PREMIUM,2026-01-15T00:00:00,N
P000841,Hiro Nguyen,35 Newtown Road,Newtown,NSW,2042,MEDIUM,PREMIUM,2026-01-15T00:00:00,Y
P000842,Fatima Smith,10 Braddon Road,Braddon,ACT,2612,HIGH,RETAIL,2026-01-15T00:00:00,N
P000843,Ines Smith,225 Norwood Road,Norwood,SA,5067,HIGH,RETAIL,2026-03-15T09:00:00,Y
P000844,Dana Haddad,299 Fortitude Valley Road,Fortitude Valley,QLD,4006,HIGH,RETAIL,2026-01-15T09:00:00,N
P000845,Ines Patel,171 Brunswick Road,Brunswick,VIC,3056,HIGH,RETAIL,2026-01-15T00:00:00,Y
P000846,Fatima Kim,321 West End Road,West End,QLD,4101,HIGH,RETAIL,2026-01-15T00:00:00,N
P000847,Eitan Silva,16 Newtown Road,Newtown,NSW,2042,MEDIUM,RETAIL,2026-01-15T00:00:00,Y
P000848,Grace Okafor,45 West End Road,West End,QLD,4101,HIGH,SENIOR,2026-01-15T00:00:00,N
P000849,Dana Silva,124 Battery Point Road,Battery Point,TAS,7004,MEDIUM,SENIOR,2026-01-15T00:00:00,Y
P000850,Fatima Muller,278 Battery Point Road,Battery Point,TAS,7004,HIGH,RETAIL,2026-01-15T00:00:00,N
P000851,Dana Okafor,159 Norwood Road,Norwood,SA,5067,HIGH,SENIOR,2026-01-15T00:00:00,Y
P000852,Carlos Okafor,163 Fremantle Road,Fremantle,WA,6160,HIGH,SENIOR,2026-01-15T00:00:00,N
P000853,Carlos Kim,75 Surry Hills Road,Surry Hills,NSW,2010,MEDIUM,STUDENT,2026-01-15T00:00:00,Y
P000854,Grace Patel,227 Fremantle Road,Fremantle,WA,6160,HIGH,SENIOR,2026-01-15T00:00:00,N
P000855,Carlos Rossi,55 Fortitude Valley Road,Fortitude Valley,QLD,4006,LOW,STUDENT,2026-01-15T00:00:00,Y
P000856,Jai Patel,330 Norwood Road,Norwood,SA,5067,LOW,RETAIL,2026-03-15T09:00:00,N
P000857,Alice Kim,41 Brunswick Road,Brunswick,VIC,3056,MEDIUM,RETAIL,2026-01-15T00:00:00,Y
P000858,Hiro Kim,95 Battery Point Road,Battery Point,TAS,7004,MEDIUM,RETAIL,2026-01-15T00:00:00,N
P000859,Dana Rossi,17 Fitzroy Road,Fitzroy,VIC,3065,LOW,SENIOR,2026-01-15T00:00:00,Y
P000860,Dana Rossi,388 Fremantle Road,Fremantle,WA,6160,LOW,SENIOR,2026-01-15T00:00:00,N
P000861,Jai Muller,353 Subiaco Road,Subiaco,WA,6008,MEDIUM,STUDENT,2026-01-15T00:00:00,Y
P000862,Grace Nguyen,312 Fremantle Road,Fremantle,WA,6160,MEDIUM,PREMIUM,2026-01-15T00:00:00,N
P000863,Jai Haddad,159 Fremantle Road,Fremantle,WA,6160,HIGH,STUDENT,2026-03-15T09:00:00,Y
P000864,Bao Muller,234 Norwood Road,Norwood,SA,5067,LOW,STUDENT,2026-01-15T00:00:00,N
P000865,Ines Haddad,203 Brunswick Road,Brunswick,VIC,3056,LOW,RETAIL,2026-01-15T00:00:00,Y
P000866,Alice Rossi,150 Norwood Road,Norwood,SA,5067,MEDIUM,STUDENT,2026-01-15T00:00:00,N
P000867,Hiro Okafor,217 Fortitude Valley Road,Fortitude Valley,QLD,4006,LOW,PREMIUM,2026-01-15T00:00:00,Y
P000868,Hiro Muller,244 Fremantle Road,Fremantle,WA,6160,LOW,RETAIL,2026-02-15T09:00:00,N
P000869,Ines Okafor,202 Battery Point Road,Battery Point,TAS,7004,MEDIUM,RETAIL,2026-01-15T00:00:00,Y
P000870,Jai Rossi,233 Subiaco Road,Subiaco,WA,6008,MEDIUM,PREMIUM,2026-01-15T00:00:00,N
P000871,Carlos Smith,47 Nightcliff Road,Nightcliff,NT,0810,MEDIUM,PREMIUM,2026-01-15T00:00:00,Y
P000872,Ines Silva,373 Surry Hills Road,Surry Hills,NSW,2010,HIGH,PREMIUM,2026-01-15T00:00:00,N
P000873,Grace Haddad,195 Fitzroy Road,Fitzroy,VIC,3065,LOW,SENIOR,2026-01-15T00:00:00,Y
P000874,Carlos Okafor,75 Battery Point Road,Battery Point,TAS,7004,HIGH,RETAIL,2026-01-15T00:00:00,N
P000875,Eitan Muller,148 Fortitude Valley Road,Fortitude Valley,QLD,4006,LOW,STUDENT,2026-01-15T00:00:00,Y
P000876,Alice Patel,89 Battery Point Road,Battery Point,TAS,7004,MEDIUM,RETAIL,2026-03-15T09:00:00,N
P000877,Jai Muller,122 Newtown Road,Newtown,NSW,2042,HIGH,RETAIL,2026-01-15T00:00:00,Y
P000878,Hiro Smith,308 Fremantle Road,Fremantle,WA,6160,LOW,STUDENT,2026-01-15T00:00:00,N
P000879,Jai Haddad,107 Fortitude Valley Road,Fortitude Valley,QLD,4006,LOW,RETAIL,2026-01-15T00:00:00,Y
P000880,Alice Okafor,17 West End Road,West End,QLD,4101,HIGH,RETAIL,2026-01-15T00:00:00,N
P000881,Alice Smith,214 Surry Hills Road,Surry Hills,NSW,2010,LOW,PREMIUM,2026-01-15T00:00:00,Y
P000882,Jai Haddad,91 Battery Point Road,Battery Point,TAS,7004,HIGH,RETAIL,2026-01-15T00:00:00,N
P000883,Bao Patel,166 Newtown Road,Newtown,NSW,2042,MEDIUM,STUDENT,2026-01-15T00:00:00,Y
P000884,Ines Smith,150 Fremantle Road,Fremantle,WA,6160,LOW,PREMIUM,2026-01-15T00:00:00,N
P000885,Fatima Haddad,212 Fortitude Valley Road,Fortitude Valley,QLD,4006,HIGH,RETAIL,2026-01-15T00:00:00,Y
P000886,Bao Haddad,45 Newtown Road,Newtown,NSW,2042,HIGH,PREMIUM,2026-01-15T00:00:00,N
P000887,Eitan Silva,312 Nightcliff Road,Nightcliff,NT,0810,MEDIUM,RETAIL,2026-01-15T00:00:00,Y
P000888,Fatima Okafor,315 Battery Point Road,Battery Point,TAS,7004,HIGH,PREMIUM,2026-01-15T00:00:00,N
P000889,Hiro Okafor,313 Subiaco Road,Subiaco,WA,6008,MEDIUM,SENIOR,2026-01-15T00:00:00,Y
P000890,Bao Nguyen,239 Newtown Road,Newtown,NSW,2042,LOW,PREMIUM,2026-01-15T00:00:00,N
P000891,Jai Silva,212 Brunswick Road,Brunswick,VIC,3056,MEDIUM,RETAIL,2026-01-15T00:00:00,Y
P000892,Dana Nguyen,299 Surry Hills Road,Surry Hills,NSW,2010,MEDIUM,RETAIL,2026-03-15T09:00:00,N
P000893,Eitan Patel,201 Fremantle Road,Fremantle,WA,6160,LOW,RETAIL,2026-02-15T09:00:00,Y
P000894,Fatima Silva,371 West End Road,West End,QLD,4101,LOW,STUDENT,2026-01-15T00:00:00,N
P000895,Fatima Kim,345 Brunswick Road,Brunswick,VIC,3056,MEDIUM,STUDENT,2026-01-15T00:00:00,Y
P000896,Carlos Muller,80 Braddon Road,Braddon,ACT,2612,HIGH,STUDENT,2026-01-15T00:00:00,N
P000897,Grace Nguyen,214 Nightcliff Road,Nightcliff,NT,0810,HIGH,PREMIUM,2026-03-15T09:00:00,Y
P000898,Ines Nguyen,114 Braddon Road,Braddon,ACT,2612,MEDIUM,STUDENT,2026-02-15T09:00:00,N
P000899,Bao Okafor,144 West End Road,West End,QLD,4101,MEDIUM,SENIOR,2026-01-15T00:00:00,Y
P000900,Ines Okafor,293 Braddon Road,Braddon,ACT,2612,LOW,RETAIL,2026-01-15T00:00:00,N
P000901,Fatima Nguyen,140 Fortitude Valley Road,Fortitude Valley,QLD,4006,MEDIUM,STUDENT,2026-01-15T00:00:00,Y
P000902,Hiro Patel,111 West End Road,West End,QLD,4101,LOW,RETAIL,2026-01-15T00:00:00,N
P000903,Dana Smith,228 Newtown Road,Newtown,NSW,2042,MEDIUM,SENIOR,2026-01-15T00:00:00,Y
P000904,Dana Kim,248 Fitzroy Road,Fitzroy,VIC,3065,HIGH,RETAIL,2026-01-15T00:00:00,N
P000905,Carlos Smith,265 West End Road,West End,QLD,4101,LOW,RETAIL,2026-01-15T00:00:00,Y
P000906,Hiro Silva,366 Newtown Road,Newtown,NSW,2042,LOW,RETAIL,2026-01-15T00:00:00,N
P000907,Jai Smith,115 Fremantle Road,Fremantle,WA,6160,LOW,RETAIL,2026-03-15T09:00:00,Y
P000908,Eitan Nguyen,296 Braddon Road,Braddon,ACT,2612,HIGH,STUDENT,2026-01-15T00:00:00,N
P000909,Dana Rossi,147 West End Road,West End,QLD,4101,MEDIUM,STUDENT,2026-01-15T00:00:00,Y
P000910,Bao Patel,77 Braddon Road,Braddon,ACT,2612,LOW,RETAIL,2026-01-15T00:00:00,N
P000911,Ines Haddad,53 Battery Point Road,Battery Point,TAS,7004,MEDIUM,RETAIL,2026-01-15T00:00:00,Y
P000912,Carlos Patel,294 Fortitude Valley Road,Fortitude Valley,QLD,4006,LOW,RETAIL,2026-01-15T00:00:00,N
P000913,Ines Muller,26 West End Road,West End,QLD,4101,MEDIUM,SENIOR,2026-01-15T00:00:00,Y
P000914,Bao Silva,28 Newtown Road,Newtown,NSW,2042,MEDIUM,RETAIL,2026-01-15T00:00:00,N
P000915,Jai Muller,316 Battery Point Road,Battery Point,TAS,7004,MEDIUM,STUDENT,2026-01-15T00:00:00,Y
P000916,Ines Smith,387 Nightcliff Road,Nightcliff,NT,0810,HIGH,RETAIL,2026-01-15T00:00:00,N
P000917,Hiro Smith,234 Nightcliff Road,Nightcliff,NT,0810,HIGH,PREMIUM,2026-01-15T00:00:00,Y
P000918,Hiro Rossi,367 Newtown Road,Newtown,NSW,2042,HIGH,RETAIL,2026-02-15T09:00:00,N
P000919,Grace Okafor,359 West End Road,West End,QLD,4101,MEDIUM,STUDENT,2026-01-15T00:00:00,Y
P000920,Hiro Muller,16 West End Road,West End,QLD,4101,LOW,RETAIL,2026-01-15T00:00:00,N
P000921,Carlos Patel,394 Subiaco Road,Subiaco,WA,6008,HIGH,RETAIL,2026-01-15T00:00:00,Y
P000922,Grace Smith,167 Surry Hills Road,Surry Hills,NSW,2010,LOW,STUDENT,2026-01-15T00:00:00,N
P000923,Hiro Silva,303 Norwood Road,Norwood,SA,5067,HIGH,RETAIL,2026-01-15T00:00:00,Y
P000924,Hiro Silva,34 Fitzroy Road,Fitzroy,VIC,3065,HIGH,RETAIL,2026-01-15T00:00:00,N
P000925,Jai Kim,279 Fremantle Road,Fremantle,WA,6160,LOW,PREMIUM,2026-01-15T00:00:00,Y
P000926,Jai Muller,59 Surry Hills Road,Surry Hills,NSW,2010,MEDIUM,RETAIL,2026-01-15T00:00:00,N
P000927,Hiro Okafor,158 Surry Hills Road,Surry Hills,NSW,2010,LOW,RETAIL,2026-01-15T00:00:00,Y
P000928,Jai Silva,283 Battery Point Road,Battery Point,TAS,7004,HIGH,RETAIL,2026-03-15T09:00:00,N
P000929,Carlos Nguyen,116 Surry Hills Road,Surry Hills,NSW,2010,LOW,RETAIL,2026-03-15T09:00:00,Y
P000930,Grace Muller,16 Fortitude Valley Road,Fortitude Valley,QLD,4006,MEDIUM,RETAIL,2026-02-15T09:00:00,N
P000931,Eitan Silva,202 Surry Hills Road,Surry Hills,NSW,2010,MEDIUM,SENIOR,2026-01-15T09:00:00,Y
P000932,Alice Haddad,207 Battery Point Road,Battery Point,TAS,7004,MEDIUM,RETAIL,2026-01-15T00:00:00,N
P000933,Alice Nguyen,361 Norwood Road,Norwood,SA,5067,MEDIUM,RETAIL,2026-01-15T00:00:00,Y
P000934,Alice Rossi,103 Norwood Road,Norwood,SA,5067,MEDIUM,PREMIUM,2026-02-15T09:00:00,N
P000935,Grace Silva,196 Nightcliff Road,Nightcliff,NT,0810,LOW,PREMIUM,2026-01-15T00:00:00,Y
P000936,Carlos Rossi,285 Subiaco Road,Subiaco,WA,6008,MEDIUM,STUDENT,2026-01-15T00:00:00,N
P000937,Eitan Okafor,69 Fitzroy Road,Fitzroy,VIC,3065,,PREMIUM,2026-01-15T00:00:00,Y
P000938,Hiro Silva,70 Fitzroy Road,Fitzroy,VIC,3065,HIGH,STUDENT,2026-01-15T00:00:00,N
P000939,Jai Silva,320 Subiaco Road,Subiaco,WA,6008,HIGH,RETAIL,2026-01-15T00:00:00,Y
P000940,Grace Kim,116 Subiaco Road,Subiaco,WA,6008,HIGH,RETAIL,2026-01-15T00:00:00,N
P000941,Dana Haddad,138 Subiaco Road,Subiaco,WA,6008,HIGH,RETAIL,2026-01-15T00:00:00,Y
P000942,Alice Muller,361 Newtown Road,Newtown,NSW,2042,HIGH,RETAIL,2026-01-15T00:00:00,N
P000943,Bao Okafor,374 Nightcliff Road,Nightcliff,NT,0810,MEDIUM,RETAIL,2026-01-15T00:00:00,Y
P000944,Ines Smith,126 Surry Hills Road,Surry Hills,NSW,2010,HIGH,PREMIUM,2026-01-15T00:00:00,N
P000945,Bao Haddad,277 Braddon Road,Braddon,ACT,2612,LOW,SENIOR,2026-02-15T09:00:00,Y
P000946,Alice Muller,233 Norwood Road,Norwood,SA,5067,MEDIUM,RETAIL,2026-01-15T00:00:00,N
P000947,Grace Kim,151 West End Road,West End,QLD,4101,LOW,PREMIUM,2026-01-15T00:00:00,Y
P000948,Eitan Patel,12 Brunswick Road,Brunswick,VIC,3056,HIGH,RETAIL,2026-01-15T09:00:00,N
P000949,Eitan Nguyen,147 Newtown Road,Newtown,NSW,2042,LOW,RETAIL,2026-01-15T00:00:00,Y
P000950,Eitan Okafor,316 Fortitude Valley Road,Fortitude Valley,QLD,4006,MEDIUM,RETAIL,2026-01-15T00:00:00,N
P000951,Jai Okafor,303 Surry Hills Road,Surry Hills,NSW,2010,HIGH,RETAIL,2026-01-15T00:00:00,Y
P000952,Eitan Rossi,94 Norwood Road,Norwood,SA,5067,HIGH,STUDENT,2026-03-15T09:00:00,N
P000953,Bao Okafor,305 West End Road,West End,QLD,4101,LOW,STUDENT,2026-01-15T00:00:00,Y
P000954,Grace Rossi,339 Fremantle Road,Fremantle,WA,6160,HIGH,RETAIL,2026-01-15T00:00:00,N
P000955,Fatima Nguyen,329 Battery Point Road,Battery Point,TAS,7004,LOW,RETAIL,2026-01-15T00:00:00,Y
P000956,Grace Muller,155 Subiaco Road,Subiaco,WA,6008,HIGH,RETAIL,2026-01-15T00:00:00,N
P000957,Grace Muller,135 Braddon Road,Braddon,ACT,2612,MEDIUM,RETAIL,2026-01-15T00:00:00,Y
P000958,Grace Kim,348 Fremantle Road,Fremantle,WA,6160,LOW,RETAIL,2026-03-15T09:00:00,N
P000959,Fatima Silva,313 Norwood Road,Norwood,SA,5067,MEDIUM,RETAIL,2026-01-15T00:00:00,Y
P000960,Bao Patel,351 Fitzroy Road,Fitzroy,VIC,3065,MEDIUM,STUDENT,2026-03-15T09:00:00,N
P000961,Dana Rossi,198 Fitzroy Road,Fitzroy,VIC,3065,HIGH,SENIOR,2026-01-15T09:00:00,Y
P000962,Ines Nguyen,345 West End Road,West End,QLD,4101,,RETAIL,2026-01-15T00:00:00,N
P000963,Bao Haddad,54 Fremantle Road,Fremantle,WA,6160,MEDIUM,RETAIL,2026-01-15T00:00:00,Y
P000964,Eitan Rossi,39 Newtown Road,Newtown,NSW,2042,,RETAIL,2026-03-15T09:00:00,N
P000965,Dana Smith,363 Battery Point Road,Battery Point,TAS,7004,LOW,STUDENT,2026-01-15T00:00:00,Y
P000966,Grace Okafor,57 Fitzroy Road,Fitzroy,VIC,3065,MEDIUM,RETAIL,2026-01-15T00:00:00,N
P000967,Bao Muller,142 Braddon Road,Braddon,ACT,2612,HIGH,SENIOR,2026-01-15T00:00:00,Y
P000968,Eitan Okafor,400 West End Road,West End,QLD,4101,LOW,RETAIL,2026-01-15T00:00:00,N
P000969,Alice Patel,136 West End Road,West End,QLD,4101,LOW,RETAIL,2026-01-15T00:00:00,Y
P000970,Jai Silva,92 Brunswick Road,Brunswick,VIC,3056,LOW,RETAIL,2026-01-15T00:00:00,N
P000971,Dana Smith,313 Surry Hills Road,Surry Hills,NSW,2010,LOW,RETAIL,2026-03-15T09:00:00,Y
P000972,Jai Patel,398 Surry Hills Road,Surry Hills,NSW,2010,MEDIUM,RETAIL,2026-01-15T00:00:00,N
P000973,Alice Nguyen,133 Surry Hills Road,Surry Hills,NSW,2010,LOW,PREMIUM,2026-02-15T09:00:00,Y
P000974,Jai Nguyen,264 Fremantle Road,Fremantle,WA,6160,MEDIUM,RETAIL,2026-01-15T00:00:00,N
P000975,Bao Haddad,302 Fremantle Road,Fremantle,WA,6160,,SENIOR,2026-03-15T09:00:00,Y
P000976,Bao Haddad,184 Subiaco Road,Subiaco,WA,6008,MEDIUM,RETAIL,2026-01-15T00:00:00,N
P000977,Bao Kim,274 Braddon Road,Braddon,ACT,2612,MEDIUM,RETAIL,2026-01-15T00:00:00,Y
P000978,Eitan Rossi,91 Subiaco Road,Subiaco,WA,6008,MEDIUM,PREMIUM,2026-01-15T00:00:00,N
P000979,Grace Smith,323 Fortitude Valley Road,Fortitude Valley,QLD,4006,MEDIUM,RETAIL,2026-01-15T00:00:00,Y
P000980,Hiro Rossi,263 Norwood Road,Norwood,SA,5067,,RETAIL,2026-03-15T09:00:00,N
P000981,Dana Muller,352 Nightcliff Road,Nightcliff,NT,0810,HIGH,PREMIUM,2026-03-15T09:00:00,Y
P000982,Ines Muller,155 Battery Point Road,Battery Point,TAS,7004,,RETAIL,2026-03-15T09:00:00,N
P000983,Alice Silva,61 Nightcliff Road,Nightcliff,NT,0810,HIGH,PREMIUM,2026-01-15T00:00:00,Y
P000984,Ines Okafor,380 Subiaco Road,Subiaco,WA,6008,LOW,RETAIL,2026-01-15T00:00:00,N
P000985,Hiro Nguyen,242 Fitzroy Road,Fitzroy,VIC,3065,HIGH,RETAIL,2026-01-15T00:00:00,Y
P000986,Carlos Nguyen,89 Nightcliff Road,Nightcliff,NT,0810,MEDIUM,STUDENT,2026-01-15T00:00:00,N
P000987,Hiro Okafor,303 Surry Hills Road,Surry Hills,NSW,2010,LOW,RETAIL,2026-01-15T00:00:00,Y
P000988,Jai Rossi,33 Battery Point Road,Battery Point,TAS,7004,MEDIUM,RETAIL,2026-01-15T00:00:00,N
P000989,Grace Kim,303 Surry Hills Road,Surry Hills,NSW,2010,HIGH,RETAIL,2026-02-15T09:00:00,Y
P000990,Dana Nguyen,294 Fremantle Road,Fremantle,WA,6160,LOW,RETAIL,2026-01-15T09:00:00,N
P000991,Grace Okafor,357 Fitzroy Road,Fitzroy,VIC,3065,LOW,RETAIL,2026-01-15T00:00:00,Y
P000992,Alice Okafor,52 Battery Point Road,Battery Point,TAS,7004,HIGH,PREMIUM,2026-01-15T00:00:00,N
P000993,Alice Muller,57 Braddon Road,Braddon,ACT,2612,,RETAIL,2026-01-15T09:00:00,Y
P000994,Jai Patel,214 Surry Hills Road,Surry Hills,NSW,2010,MEDIUM,PREMIUM,2026-01-15T00:00:00,N
P000995,Carlos Patel,268 Brunswick Road,Brunswick,VIC,3056,LOW,SENIOR,2026-01-15T00:00:00,Y
P000996,Alice Okafor,368 Battery Point Road,Battery Point,TAS,7004,LOW,PREMIUM,2026-01-15T00:00:00,N
P000997,Fatima Silva,3 Fortitude Valley Road,Fortitude Valley,QLD,4006,LOW,RETAIL,2026-01-15T00:00:00,Y
P000998,Bao Kim,390 Norwood Road,Norwood,SA,5067,HIGH,RETAIL,2026-01-15T00:00:00,N
P000999,Dana Patel,232 Fremantle Road,Fremantle,WA,6160,LOW,PREMIUM,2026-01-15T09:00:00,Y
P001000,Hiro Okafor,82 Subiaco Road,Subiaco,WA,6008,LOW,RETAIL,2026-01-15T00:00:00,N
P001001,Eitan Rossi,373 Fitzroy Road,Fitzroy,VIC,3065,HIGH,STUDENT,2026-02-15T09:00:00,Y
P001002,Alice Smith,380 Subiaco Road,Subiaco,WA,6008,HIGH,RETAIL,2026-01-15T00:00:00,N
P001003,Hiro Haddad,322 Brunswick Road,Brunswick,VIC,3056,LOW,PREMIUM,2026-02-15T09:00:00,Y
P001004,Jai Kim,367 Fortitude Valley Road,Fortitude Valley,QLD,4006,HIGH,STUDENT,2026-03-15T09:00:00,N
P001005,Bao Kim,56 Fremantle Road,Fremantle,WA,6160,HIGH,RETAIL,2026-01-15T09:00:00,Y
P001006,Grace Rossi,38 Brunswick Road,Brunswick,VIC,3056,MEDIUM,RETAIL,2026-01-15T00:00:00,N
P001007,Carlos Rossi,313 Fremantle Road,Fremantle,WA,6160,MEDIUM,RETAIL,2026-01-15T00:00:00,Y
P001008,Dana Kim,139 Subiaco Road,Subiaco,WA,6008,LOW,RETAIL,2026-01-15T00:00:00,N
P001009,Alice Patel,70 Battery Point Road,Battery Point,TAS,7004,MEDIUM,RETAIL,2026-01-15T00:00:00,Y
P001010,Fatima Rossi,152 Fitzroy Road,Fitzroy,VIC,3065,HIGH,SENIOR,2026-01-15T00:00:00,N
P001011,Jai Haddad,118 Fitzroy Road,Fitzroy,VIC,3065,HIGH,RETAIL,2026-01-15T00:00:00,Y
P001012,Jai Muller,237 Brunswick Road,Brunswick,VIC,3056,HIGH,RETAIL,2026-01-15T00:00:00,N
P001013,Dana Kim,296 Braddon Road,Braddon,ACT,2612,HIGH,SENIOR,2026-02-15T09:00:00,Y
P001014,Alice Silva,100 Surry Hills Road,Surry Hills,NSW,2010,MEDIUM,PREMIUM,2026-01-15T09:00:00,N
P001015,Alice Silva,272 Norwood Road,Norwood,SA,5067,HIGH,STUDENT,2026-01-15T00:00:00,Y
P001016,Hiro Rossi,43 Subiaco Road,Subiaco,WA,6008,LOW,PREMIUM,2026-01-15T00:00:00,N
P001017,Dana Okafor,184 Fremantle Road,Fremantle,WA,6160,HIGH,SENIOR,2026-01-15T00:00:00,Y
P001018,Hiro Patel,83 Newtown Road,Newtown,NSW,2042,HIGH,PREMIUM,2026-01-15T00:00:00,N
P001019,Hiro Muller,396 Newtown Road,Newtown,NSW,2042,HIGH,RETAIL,2026-01-15T00:00:00,Y
P001020,Hiro Nguyen,322 West End Road,West End,QLD,4101,HIGH,RETAIL,2026-01-15T00:00:00,N
P001021,Eitan Silva,386 Newtown Road,Newtown,NSW,2042,HIGH,RETAIL,2026-01-15T00:00:00,Y
P001022,Bao Kim,377 Brunswick Road,Brunswick,VIC,3056,HIGH,SENIOR,2026-01-15T00:00:00,N
P001023,Fatima Nguyen,153 Brunswick Road,Brunswick,VIC,3056,MEDIUM,PREMIUM,2026-02-15T09:00:00,Y
P001024,Fatima Okafor,332 West End Road,West End,QLD,4101,LOW,RETAIL,2026-01-15T00:00:00,N
P001025,Carlos Kim,123 Brunswick Road,Brunswick,VIC,3056,HIGH,RETAIL,2026-01-15T00:00:00,Y
P001026,Dana Rossi,280 Battery Point Road,Battery Point,TAS,7004,MEDIUM,RETAIL,2026-01-15T09:00:00,N
P001027,Eitan Nguyen,33 Fremantle Road,Fremantle,WA,6160,MEDIUM,RETAIL,2026-01-15T00:00:00,Y
P001028,Bao Muller,364 Norwood Road,Norwood,SA,5067,HIGH,STUDENT,2026-01-15T00:00:00,N
P001029,Jai Kim,345 Subiaco Road,Subiaco,WA,6008,LOW,RETAIL,2026-01-15T00:00:00,Y
P001030,Bao Smith,201 Subiaco Road,Subiaco,WA,6008,MEDIUM,SENIOR,2026-01-15T00:00:00,N
P001031,Bao Okafor,142 Surry Hills Road,Surry Hills,NSW,2010,LOW,RETAIL,2026-01-15T00:00:00,Y
P001032,Ines Nguyen,151 Brunswick Road,Brunswick,VIC,3056,HIGH,RETAIL,2026-01-15T00:00:00,N
P001033,Hiro Kim,40 Battery Point Road,Battery Point,TAS,7004,HIGH,RETAIL,2026-03-15T09:00:00,Y
P001034,Bao Nguyen,145 Newtown Road,Newtown,NSW,2042,HIGH,PREMIUM,2026-03-15T09:00:00,N
P001035,Jai Kim,6 Fremantle Road,Fremantle,WA,6160,MEDIUM,RETAIL,2026-01-15T09:00:00,Y
P001036,Ines Haddad,228 Braddon Road,Braddon,ACT,2612,HIGH,RETAIL,2026-01-15T00:00:00,N
P001037,Carlos Patel,144 Newtown Road,Newtown,NSW,2042,MEDIUM,STUDENT,2026-02-15T09:00:00,Y
P001038,Carlos Kim,146 Newtown Road,Newtown,NSW,2042,LOW,PREMIUM,2026-01-15T00:00:00,N
P001039,Ines Patel,94 Fitzroy Road,Fitzroy,VIC,3065,HIGH,PREMIUM,2026-01-15T00:00:00,Y
P001040,Carlos Okafor,25 Newtown Road,Newtown,NSW,2042,MEDIUM,RETAIL,2026-01-15T09:00:00,N
P001041,Eitan Kim,95 Subiaco Road,Subiaco,WA,6008,HIGH,RETAIL,2026-01-15T00:00:00,Y
P001042,Fatima Okafor,191 West End Road,West End,QLD,4101,LOW,RETAIL,2026-01-15T00:00:00,N
P001043,Alice Silva,256 Surry Hills Road,Surry Hills,NSW,2010,MEDIUM,SENIOR,2026-01-15T00:00:00,Y
P001044,Alice Haddad,260 Fitzroy Road,Fitzroy,VIC,3065,HIGH,RETAIL,2026-01-15T00:00:00,N
P001045,Jai Okafor,288 Norwood Road,Norwood,SA,5067,MEDIUM,RETAIL,2026-01-15T09:00:00,Y
P001046,Hiro Nguyen,72 Surry Hills Road,Surry Hills,NSW,2010,LOW,RETAIL,2026-01-15T00:00:00,N
P001047,Jai Rossi,229 Fremantle Road,Fremantle,WA,6160,MEDIUM,RETAIL,2026-01-15T00:00:00,Y
P001048,Dana Haddad,114 Braddon Road,Braddon,ACT,2612,MEDIUM,RETAIL,2026-01-15T00:00:00,N
P001049,Ines Muller,347 Surry Hills Road,Surry Hills,NSW,2010,LOW,SENIOR,2026-01-15T00:00:00,Y
P001050,Dana Muller,374 Newtown Road,Newtown,NSW,2042,HIGH,SENIOR,2026-03-15T09:00:00,N
P001051,Fatima Silva,22 Nightcliff Road,Nightcliff,NT,0810,MEDIUM,RETAIL,2026-03-15T09:00:00,Y
P001052,Alice Patel,177 West End Road,West End,QLD,4101,MEDIUM,STUDENT,2026-01-15T00:00:00,N
P001053,Dana Muller,309 Battery Point Road,Battery Point,TAS,7004,MEDIUM,RETAIL,2026-01-15T09:00:00,Y
P001054,Grace Silva,74 Fortitude Valley Road,Fortitude Valley,QLD,4006,HIGH,RETAIL,2026-01-15T09:00:00,N
P001055,Eitan Muller,290 Subiaco Road,Subiaco,WA,6008,LOW,SENIOR,2026-03-15T09:00:00,Y
P001056,Grace Smith,4 Battery Point Road,Battery Point,TAS,7004,MEDIUM,RETAIL,2026-01-15T00:00:00,N
P001057,Hiro Okafor,103 Norwood Road,Norwood,SA,5067,MEDIUM,RETAIL,2026-01-15T00:00:00,Y
P001058,Alice Patel,14 Braddon Road,Braddon,ACT,2612,HIGH,PREMIUM,2026-02-15T09:00:00,N
P001059,Alice Nguyen,79 Brunswick Road,Brunswick,VIC,3056,HIGH,STUDENT,2026-01-15T00:00:00,Y
P001060,Bao Patel,214 Subiaco Road,Subiaco,WA,6008,HIGH,PREMIUM,2026-01-15T00:00:00,N
P001061,Bao Patel,253 Newtown Road,Newtown,NSW,2042,LOW,RETAIL,2026-01-15T00:00:00,Y
P001062,Jai Muller,290 West End Road,West End,QLD,4101,MEDIUM,PREMIUM,2026-01-15T00:00:00,N
P001063,Bao Kim,263 Subiaco Road,Subiaco,WA,6008,LOW,STUDENT,2026-01-15T00:00:00,Y
P001064,Jai Nguyen,50 Nightcliff Road,Nightcliff,NT,0810,HIGH,RETAIL,2026-03-15T09:00:00,N
P001065,Alice Patel,185 Fitzroy Road,Fitzroy,VIC,3065,MEDIUM,RETAIL,2026-01-15T00:00:00,Y
P001066,Ines Smith,264 Fortitude Valley Road,Fortitude Valley,QLD,4006,HIGH,RETAIL,2026-01-15T00:00:00,N
P001067,Jai Okafor,279 Surry Hills Road,Surry Hills,NSW,2010,MEDIUM,STUDENT,2026-01-15T00:00:00,Y
P001068,Eitan Patel,351 Braddon Road,Braddon,ACT,2612,MEDIUM,RETAIL,2026-01-15T00:00:00,N
P001069,Fatima Okafor,7 Battery Point Road,Battery Point,TAS,7004,MEDIUM,RETAIL,2026-01-15T00:00:00,Y
P001070,Grace Kim,77 Fitzroy Road,Fitzroy,VIC,3065,LOW,RETAIL,2026-03-15T09:00:00,N
P001071,Ines Haddad,273 Brunswick Road,Brunswick,VIC,3056,HIGH,STUDENT,2026-01-15T00:00:00,Y
P001072,Grace Muller,196 Norwood Road,Norwood,SA,5067,LOW,SENIOR,2026-03-15T09:00:00,N
P001073,Fatima Patel,234 Fortitude Valley Road,Fortitude Valley,QLD,4006,MEDIUM,STUDENT,2026-02-15T09:00:00,Y
P001074,Ines Kim,89 Battery Point Road,Battery Point,TAS,7004,LOW,PREMIUM,2026-01-15T00:00:00,N
P001075,Dana Okafor,247 West End Road,West End,QLD,4101,LOW,RETAIL,2026-01-15T09:00:00,Y
P001076,Carlos Smith,45 Nightcliff Road,Nightcliff,NT,0810,LOW,RETAIL,2026-01-15T09:00:00,N
P001077,Grace Nguyen,39 Fremantle Road,Fremantle,WA,6160,HIGH,RETAIL,2026-03-15T09:00:00,Y
P001078,Hiro Smith,130 Newtown Road,Newtown,NSW,2042,MEDIUM,PREMIUM,2026-01-15T00:00:00,N
P001079,Bao Rossi,301 Surry Hills Road,Surry Hills,NSW,2010,LOW,PREMIUM,2026-01-15T00:00:00,Y
P001080,Bao Okafor,383 Newtown Road,Newtown,NSW,2042,HIGH,RETAIL,2026-01-15T00:00:00,N
P001081,Ines Rossi,159 Braddon Road,Braddon,ACT,2612,LOW,STUDENT,2026-01-15T09:00:00,Y
P001082,Ines Rossi,181 Battery Point Road,Battery Point,TAS,7004,MEDIUM,RETAIL,2026-03-15T09:00:00,N
P001083,Alice Smith,110 Norwood Road,Norwood,SA,5067,HIGH,RETAIL,2026-01-15T00:00:00,Y
P001084,Jai Okafor,271 Fortitude Valley Road,Fortitude Valley,QLD,4006,LOW,RETAIL,2026-03-15T09:00:00,N
P001085,Grace Silva,110 West End Road,West End,QLD,4101,MEDIUM,RETAIL,2026-01-15T00:00:00,Y
P001086,Bao Muller,57 West End Road,West End,QLD,4101,MEDIUM,STUDENT,2026-01-15T00:00:00,N
P001087,Eitan Haddad,181 Surry Hills Road,Surry Hills,NSW,2010,MEDIUM,RETAIL,2026-02-15T09:00:00,Y
P001088,Eitan Muller,308 Fremantle Road,Fremantle,WA,6160,HIGH,SENIOR,2026-01-15T00:00:00,N
P001089,Dana Haddad,209 Subiaco Road,Subiaco,WA,6008,MEDIUM,RETAIL,2026-01-15T00:00:00,Y
P001090,Hiro Kim,92 Surry Hills Road,Surry Hills,NSW,2010,,PREMIUM,2026-01-15T00:00:00,N
P001091,Bao Silva,225 Braddon Road,Braddon,ACT,2612,HIGH,RETAIL,2026-01-15T00:00:00,Y
P001092,Grace Silva,62 Subiaco Road,Subiaco,WA,6008,LOW,PREMIUM,2026-02-15T09:00:00,N
P001093,Bao Kim,337 Fitzroy Road,Fitzroy,VIC,3065,HIGH,STUDENT,2026-03-15T09:00:00,Y
P001094,Bao Rossi,218 Fremantle Road,Fremantle,WA,6160,MEDIUM,STUDENT,2026-01-15T00:00:00,N
P001095,Jai Patel,388 Battery Point Road,Battery Point,TAS,7004,HIGH,SENIOR,2026-01-15T00:00:00,Y
P001096,Hiro Silva,249 West End Road,West End,QLD,4101,LOW,STUDENT,2026-01-15T00:00:00,N
P001097,Bao Patel,251 Surry Hills Road,Surry Hills,NSW,2010,HIGH,SENIOR,2026-01-15T00:00:00,Y
P001098,Bao Nguyen,35 Newtown Road,Newtown,NSW,2042,LOW,SENIOR,2026-01-15T00:00:00,N
P001099,Jai Kim,79 Fremantle Road,Fremantle,WA,6160,HIGH,RETAIL,2026-01-15T00:00:00,Y
P001100,Ines Muller,110 Battery Point Road,Battery Point,TAS,7004,HIGH,RETAIL,2026-01-15T09:00:00,N
P001101,Eitan Haddad,176 Norwood Road,Norwood,SA,5067,HIGH,RETAIL,2026-01-15T00:00:00,Y
P001102,Grace Smith,197 Newtown Road,Newtown,NSW,2042,MEDIUM,RETAIL,2026-01-15T00:00:00,N
P001103,Alice Okafor,286 Newtown Road,Newtown,NSW,2042,MEDIUM,STUDENT,2026-01-15T00:00:00,Y
P001104,Hiro Silva,69 Fitzroy Road,Fitzroy,VIC,3065,MEDIUM,RETAIL,2026-01-15T00:00:00,N
P001105,Jai Muller,338 Surry Hills Road,Surry Hills,NSW,2010,HIGH,RETAIL,2026-01-15T00:00:00,Y
P001106,Ines Okafor,260 Subiaco Road,Subiaco,WA,6008,MEDIUM,RETAIL,2026-01-15T00:00:00,N
P001107,Jai Kim,393 Fremantle Road,Fremantle,WA,6160,MEDIUM,RETAIL,2026-01-15T00:00:00,Y
P001108,Alice Okafor,188 Battery Point Road,Battery Point,TAS,7004,HIGH,RETAIL,2026-01-15T00:00:00,N
P001109,Fatima Silva,50 Braddon Road,Braddon,ACT,2612,MEDIUM,RETAIL,2026-01-15T00:00:00,Y
P001110,Dana Rossi,256 Braddon Road,Braddon,ACT,2612,HIGH,RETAIL,2026-01-15T09:00:00,N
P001111,Bao Patel,59 Nightcliff Road,Nightcliff,NT,0810,LOW,RETAIL,2026-01-15T00:00:00,Y
P001112,Hiro Silva,291 Newtown Road,Newtown,NSW,2042,MEDIUM,RETAIL,2026-01-15T00:00:00,N
P001113,Hiro Nguyen,163 Nightcliff Road,Nightcliff,NT,0810,MEDIUM,RETAIL,2026-01-15T00:00:00,Y
P001114,Hiro Smith,354 Surry Hills Road,Surry Hills,NSW,2010,MEDIUM,RETAIL,2026-01-15T00:00:00,N
P001115,Fatima Okafor,315 Braddon Road,Braddon,ACT,2612,MEDIUM,RETAIL,2026-01-15T00:00:00,Y
P001116,Bao Haddad,110 Braddon Road,Braddon,ACT,2612,LOW,RETAIL,2026-01-15T00:00:00,N
P001117,Grace Rossi,320 Battery Point Road,Battery Point,TAS,7004,LOW,PREMIUM,2026-01-15T00:00:00,Y
P001118,Bao Kim,140 Battery Point Road,Battery Point,TAS,7004,HIGH,RETAIL,2026-01-15T00:00:00,N
P001119,Fatima Smith,334 Brunswick Road,Brunswick,VIC,3056,HIGH,STUDENT,2026-01-15T00:00:00,Y
P001120,Ines Kim,103 Fremantle Road,Fremantle,WA,6160,MEDIUM,PREMIUM,2026-01-15T00:00:00,N
P001121,Ines Okafor,122 Nightcliff Road,Nightcliff,NT,0810,HIGH,STUDENT,2026-01-15T09:00:00,Y
P001122,Hiro Rossi,112 West End Road,West End,QLD,4101,HIGH,SENIOR,2026-01-15T09:00:00,N
P001123,Ines Silva,290 Fortitude Valley Road,Fortitude Valley,QLD,4006,LOW,RETAIL,2026-01-15T00:00:00,Y
P001124,Hiro Okafor,124 West End Road,West End,QLD,4101,HIGH,STUDENT,2026-01-15T00:00:00,N
P001125,Grace Kim,33 Fremantle Road,Fremantle,WA,6160,MEDIUM,RETAIL,2026-01-15T00:00:00,Y
P001126,Carlos Patel,352 Fortitude Valley Road,Fortitude Valley,QLD,4006,MEDIUM,RETAIL,2026-01-15T00:00:00,N
P001127,Dana Nguyen,126 Fitzroy Road,Fitzroy,VIC,3065,MEDIUM,RETAIL,2026-01-15T00:00:00,Y
P001128,Grace Silva,144 Subiaco Road,Subiaco,WA,6008,LOW,RETAIL,2026-03-15T09:00:00,N
P001129,Alice Patel,143 Fitzroy Road,Fitzroy,VIC,3065,LOW,PREMIUM,2026-01-15T00:00:00,Y
P001130,Hiro Nguyen,32 Newtown Road,Newtown,NSW,2042,LOW,RETAIL,2026-03-15T09:00:00,N
P001131,Bao Silva,187 Fortitude Valley Road,Fortitude Valley,QLD,4006,LOW,RETAIL,2026-01-15T00:00:00,Y
P001132,Carlos Rossi,58 Nightcliff Road,Nightcliff,NT,0810,HIGH,SENIOR,2026-01-15T00:00:00,N
P001133,Jai Haddad,129 Norwood Road,Norwood,SA,5067,LOW,RETAIL,2026-01-15T00:00:00,Y
P001134,Fatima Kim,231 Subiaco Road,Subiaco,WA,6008,HIGH,PREMIUM,2026-03-15T09:00:00,N
P001135,Dana Okafor,55 Fremantle Road,Fremantle,WA,6160,MEDIUM,RETAIL,2026-01-15T00:00:00,Y
P001136,Jai Nguyen,166 Surry Hills Road,Surry Hills,NSW,2010,HIGH,SENIOR,2026-03-15T09:00:00,N
P001137,Ines Silva,244 West End Road,West End,QLD,4101,MEDIUM,STUDENT,2026-01-15T00:00:00,Y
P001138,Fatima Muller,93 Battery Point Road,Battery Point,TAS,7004,MEDIUM,RETAIL,2026-02-15T09:00:00,N
P001139,Alice Nguyen,239 Nightcliff Road,Nightcliff,NT,0810,HIGH,RETAIL,2026-01-15T09:00:00,Y
P001140,Grace Patel,328 Norwood Road,Norwood,SA,5067,MEDIUM,SENIOR,2026-01-15T00:00:00,N
P001141,Bao Haddad,122 Braddon Road,Braddon,ACT,2612,MEDIUM,RETAIL,2026-01-15T00:00:00,Y
P001142,Eitan Patel,47 Fremantle Road,Fremantle,WA,6160,LOW,RETAIL,2026-01-15T00:00:00,N
P001143,Hiro Kim,393 Fitzroy Road,Fitzroy,VIC,3065,LOW,RETAIL,2026-01-15T00:00:00,Y
P001144,Hiro Muller,378 Surry Hills Road,Surry Hills,NSW,2010,MEDIUM,PREMIUM,2026-01-15T00:00:00,N
P001145,Carlos Patel,260 Surry Hills Road,Surry Hills,NSW,2010,MEDIUM,PREMIUM,2026-01-15T00:00:00,Y
P001146,Fatima Muller,356 Norwood Road,Norwood,SA,5067,,RETAIL,2026-01-15T00:00:00,N
P001147,Carlos Muller,329 Braddon Road,Braddon,ACT,2612,MEDIUM,RETAIL,2026-01-15T00:00:00,Y
P001148,Fatima Smith,57 Fortitude Valley Road,Fortitude Valley,QLD,4006,HIGH,PREMIUM,2026-01-15T00:00:00,N
P001149,Carlos Silva,164 Braddon Road,Braddon,ACT,2612,HIGH,RETAIL,2026-01-15T00:00:00,Y
P001150,Jai Kim,145 Fitzroy Road,Fitzroy,VIC,3065,MEDIUM,RETAIL,2026-01-15T00:00:00,N
P001151,Grace Rossi,55 West End Road,West End,QLD,4101,HIGH,PREMIUM,2026-01-15T09:00:00,Y
P001152,Dana Smith,237 Braddon Road,Braddon,ACT,2612,HIGH,STUDENT,2026-01-15T00:00:00,N
P001153,Grace Silva,308 Newtown Road,Newtown,NSW,2042,LOW,SENIOR,2026-01-15T00:00:00,Y
P001154,Jai Smith,8 Fitzroy Road,Fitzroy,VIC,3065,MEDIUM,STUDENT,2026-01-15T00:00:00,N
P001155,Hiro Smith,111 Fitzroy Road,Fitzroy,VIC,3065,LOW,SENIOR,2026-02-15T09:00:00,Y
P001156,Eitan Muller,196 Fortitude Valley Road,Fortitude Valley,QLD,4006,LOW,PREMIUM,2026-01-15T00:00:00,N
P001157,Dana Silva,264 Braddon Road,Braddon,ACT,2612,LOW,RETAIL,2026-03-15T09:00:00,Y
P001158,Dana Muller,128 Fortitude Valley Road,Fortitude Valley,QLD,4006,HIGH,PREMIUM,2026-01-15T00:00:00,N
P001159,Alice Muller,69 Surry Hills Road,Surry Hills,NSW,2010,HIGH,RETAIL,2026-01-15T00:00:00,Y
P001160,Grace Silva,377 Brunswick Road,Brunswick,VIC,3056,LOW,RETAIL,2026-01-15T00:00:00,N
P001161,Alice Kim,121 Newtown Road,Newtown,NSW,2042,MEDIUM,SENIOR,2026-01-15T00:00:00,Y
P001162,Jai Nguyen,205 Fortitude Valley Road,Fortitude Valley,QLD,4006,HIGH,RETAIL,2026-02-15T09:00:00,N
P001163,Fatima Okafor,287 Fremantle Road,Fremantle,WA,6160,LOW,RETAIL,2026-01-15T00:00:00,Y
P001164,Hiro Kim,240 Norwood Road,Norwood,SA,5067,MEDIUM,PREMIUM,2026-01-15T00:00:00,N
P001165,Carlos Patel,6 Fitzroy Road,Fitzroy,VIC,3065,LOW,RETAIL,2026-02-15T09:00:00,Y
P001166,Fatima Silva,145 Fortitude Valley Road,Fortitude Valley,QLD,4006,MEDIUM,PREMIUM,2026-01-15T00:00:00,N
P001167,Ines Kim,224 Fortitude Valley Road,Fortitude Valley,QLD,4006,MEDIUM,PREMIUM,2026-01-15T00:00:00,Y
P001168,Carlos Haddad,337 Subiaco Road,Subiaco,WA,6008,MEDIUM,RETAIL,2026-01-15T00:00:00,N
P001169,Alice Rossi,94 Fitzroy Road,Fitzroy,VIC,3065,,RETAIL,2026-01-15T00:00:00,Y
P001170,Hiro Silva,60 Nightcliff Road,Nightcliff,NT,0810,MEDIUM,RETAIL,2026-01-15T00:00:00,N
P001171,Ines Muller,5 Fremantle Road,Fremantle,WA,6160,HIGH,STUDENT,2026-01-15T09:00:00,Y
P001172,Fatima Smith,213 Norwood Road,Norwood,SA,5067,LOW,STUDENT,2026-03-15T09:00:00,N
P001173,Ines Patel,42 Brunswick Road,Brunswick,VIC,3056,HIGH,RETAIL,2026-03-15T09:00:00,Y
P001174,Ines Okafor,141 Braddon Road,Braddon,ACT,2612,LOW,STUDENT,2026-01-15T09:00:00,N
P001175,Bao Kim,14 Braddon Road,Braddon,ACT,2612,HIGH,RETAIL,2026-01-15T00:00:00,Y
P001176,Jai Smith,248 Surry Hills Road,Surry Hills,NSW,2010,LOW,RETAIL,2026-02-15T09:00:00,N
P001177,Hiro Muller,322 Nightcliff Road,Nightcliff,NT,0810,HIGH,PREMIUM,2026-01-15T00:00:00,Y
P001178,Alice Muller,167 West End Road,West End,QLD,4101,HIGH,SENIOR,2026-01-15T00:00:00,N
P001179,Carlos Rossi,25 Battery Point Road,Battery Point,TAS,7004,MEDIUM,RETAIL,2026-01-15T00:00:00,Y
P001180,Bao Haddad,309 Newtown Road,Newtown,NSW,2042,MEDIUM,RETAIL,2026-01-15T00:00:00,N
P001181,Grace Smith,11 Brunswick Road,Brunswick,VIC,3056,LOW,RETAIL,2026-01-15T00:00:00,Y
P001182,Eitan Okafor,62 Fremantle Road,Fremantle,WA,6160,MEDIUM,PREMIUM,2026-01-15T00:00:00,N
P001183,Jai Okafor,266 Brunswick Road,Brunswick,VIC,3056,MEDIUM,RETAIL,2026-02-15T09:00:00,Y
P001184,Hiro Silva,244 Subiaco Road,Subiaco,WA,6008,HIGH,RETAIL,2026-01-15T00:00:00,N
P001185,Fatima Okafor,223 Fremantle Road,Fremantle,WA,6160,LOW,RETAIL,2026-01-15T00:00:00,Y
P001186,Hiro Rossi,332 West End Road,West End,QLD,4101,LOW,SENIOR,2026-01-15T00:00:00,N
P001187,Ines Smith,211 Braddon Road,Braddon,ACT,2612,LOW,SENIOR,2026-01-15T09:00:00,Y
P001188,Eitan Okafor,145 Norwood Road,Norwood,SA,5067,MEDIUM,STUDENT,2026-02-15T09:00:00,N
P001189,Grace Patel,292 Norwood Road,Norwood,SA,5067,LOW,SENIOR,2026-01-15T00:00:00,Y
P001190,Bao Haddad,363 Fortitude Valley Road,Fortitude Valley,QLD,4006,MEDIUM,PREMIUM,2026-03-15T09:00:00,N
P001191,Eitan Kim,131 Battery Point Road,Battery Point,TAS,7004,HIGH,RETAIL,2026-01-15T00:00:00,Y
P001192,Hiro Okafor,94 Nightcliff Road,Nightcliff,NT,0810,LOW,RETAIL,2026-01-15T00:00:00,N
P001193,Eitan Kim,301 Nightcliff Road,Nightcliff,NT,0810,HIGH,RETAIL,2026-01-15T00:00:00,Y
P001194,Fatima Okafor,109 Fortitude Valley Road,Fortitude Valley,QLD,4006,HIGH,SENIOR,2026-01-15T00:00:00,N
P001195,Bao Silva,274 Fortitude Valley Road,Fortitude Valley,QLD,4006,,RETAIL,2026-01-15T00:00:00,Y
P001196,Carlos Muller,236 Newtown Road,Newtown,NSW,2042,HIGH,SENIOR,2026-01-15T00:00:00,N
P001197,Hiro Patel,317 Battery Point Road,Battery Point,TAS,7004,HIGH,RETAIL,2026-01-15T00:00:00,Y
P001198,Grace Patel,45 Braddon Road,Braddon,ACT,2612,LOW,RETAIL,2026-01-15T00:00:00,N
P001199,Dana Nguyen,269 Battery Point Road,Battery Point,TAS,7004,LOW,PREMIUM,2026-03-15T09:00:00,Y
P001200,Ines Rossi,45 Fremantle Road,Fremantle,WA,6160,MEDIUM,RETAIL,2026-01-15T00:00:00,N
P001201,Alice Smith,86 Fremantle Road,Fremantle,WA,6160,HIGH,PREMIUM,2026-01-15T00:00:00,Y
P001202,Hiro Nguyen,231 Subiaco Road,Subiaco,WA,6008,LOW,RETAIL,2026-01-15T00:00:00,N
P001203,Alice Kim,5 Fremantle Road,Fremantle,WA,6160,HIGH,RETAIL,2026-01-15T00:00:00,Y
P001204,Hiro Haddad,149 Fremantle Road,Fremantle,WA,6160,,RETAIL,2026-01-15T00:00:00,N
P001205,Jai Muller,119 Norwood Road,Norwood,SA,5067,HIGH,RETAIL,2026-01-15T00:00:00,Y
P001206,Fatima Haddad,33 Battery Point Road,Battery Point,TAS,7004,HIGH,RETAIL,2026-01-15T00:00:00,N
P001207,Bao Muller,24 Fremantle Road,Fremantle,WA,6160,MEDIUM,RETAIL,2026-02-15T09:00:00,Y
P001208,Alice Okafor,165 Newtown Road,Newtown,NSW,2042,MEDIUM,RETAIL,2026-03-15T09:00:00,N
P001209,Ines Rossi,301 Brunswick Road,Brunswick,VIC,3056,MEDIUM,SENIOR,2026-01-15T00:00:00,Y
P001210,Hiro Okafor,161 Fremantle Road,Fremantle,WA,6160,MEDIUM,SENIOR,2026-02-15T09:00:00,N
P001211,Fatima Muller,83 Braddon Road,Braddon,ACT,2612,MEDIUM,PREMIUM,2026-01-15T00:00:00,Y
P001212,Hiro Okafor,89 Surry Hills Road,Surry Hills,NSW,2010,HIGH,RETAIL,2026-01-15T00:00:00,N
P001213,Hiro Patel,167 West End Road,West End,QLD,4101,LOW,SENIOR,2026-03-15T09:00:00,Y
P001214,Eitan Kim,347 West End Road,West End,QLD,4101,HIGH,RETAIL,2026-01-15T00:00:00,N
P001215,Fatima Silva,48 Fortitude Valley Road,Fortitude Valley,QLD,4006,LOW,RETAIL,2026-01-15T09:00:00,Y
P001216,Eitan Kim,35 Newtown Road,Newtown,NSW,2042,HIGH,RETAIL,2026-03-15T09:00:00,N
P001217,Ines Smith,362 Fitzroy Road,Fitzroy,VIC,3065,MEDIUM,STUDENT,2026-01-15T00:00:00,Y
P001218,Bao Smith,288 Surry Hills Road,Surry Hills,NSW,2010,LOW,RETAIL,2026-01-15T00:00:00,N
P001219,Dana Kim,81 Surry Hills Road,Surry Hills,NSW,2010,HIGH,RETAIL,2026-01-15T00:00:00,Y
P001220,Hiro Smith,79 Norwood Road,Norwood,SA,5067,MEDIUM,STUDENT,2026-01-15T00:00:00,N
P001221,Dana Muller,213 Surry Hills Road,Surry Hills,NSW,2010,LOW,RETAIL,2026-01-15T00:00:00,Y
P001222,Fatima Patel,259 Subiaco Road,Subiaco,WA,6008,MEDIUM,RETAIL,2026-01-15T00:00:00,N
P001223,Fatima Rossi,278 Battery Point Road,Battery Point,TAS,7004,HIGH,RETAIL,2026-02-15T09:00:00,Y
P001224,Carlos Silva,212 Brunswick Road,Brunswick,VIC,3056,MEDIUM,SENIOR,2026-01-15T00:00:00,N
P001225,Fatima Nguyen,227 Norwood Road,Norwood,SA,5067,LOW,PREMIUM,2026-01-15T00:00:00,Y
P001226,Bao Smith,174 Norwood Road,Norwood,SA,5067,LOW,RETAIL,2026-01-15T00:00:00,N
P001227,Alice Okafor,248 Surry Hills Road,Surry Hills,NSW,2010,HIGH,SENIOR,2026-02-15T09:00:00,Y
P001228,Ines Patel,215 Braddon Road,Braddon,ACT,2612,HIGH,PREMIUM,2026-01-15T00:00:00,N
P001229,Fatima Kim,5 Fortitude Valley Road,Fortitude Valley,QLD,4006,HIGH,PREMIUM,2026-01-15T00:00:00,Y
P001230,Grace Muller,330 Fitzroy Road,Fitzroy,VIC,3065,HIGH,PREMIUM,2026-01-15T00:00:00,N
P001231,Hiro Kim,333 Battery Point Road,Battery Point,TAS,7004,LOW,STUDENT,2026-01-15T00:00:00,Y
P001232,Alice Haddad,172 Surry Hills Road,Surry Hills,NSW,2010,HIGH,PREMIUM,2026-01-15T00:00:00,N
P001233,Ines Haddad,200 Battery Point Road,Battery Point,TAS,7004,HIGH,RETAIL,2026-03-15T09:00:00,Y
P001234,Fatima Okafor,12 Norwood Road,Norwood,SA,5067,,STUDENT,2026-01-15T00:00:00,N
P001235,Eitan Rossi,397 Battery Point Road,Battery Point,TAS,7004,MEDIUM,SENIOR,2026-01-15T00:00:00,Y
P001236,Alice Kim,133 Surry Hills Road,Surry Hills,NSW,2010,MEDIUM,RETAIL,2026-01-15T00:00:00,N
P001237,Bao Muller,153 Braddon Road,Braddon,ACT,2612,LOW,RETAIL,2026-01-15T00:00:00,Y
P001238,Jai Haddad,305 Brunswick Road,Brunswick,VIC,3056,MEDIUM,RETAIL,2026-01-15T00:00:00,N
P001239,Jai Okafor,366 Nightcliff Road,Nightcliff,NT,0810,HIGH,RETAIL,2026-01-15T00:00:00,Y
P001240,Ines Rossi,399 West End Road,West End,QLD,4101,LOW,RETAIL,2026-01-15T00:00:00,N
P001241,Grace Smith,48 Fremantle Road,Fremantle,WA,6160,LOW,RETAIL,2026-01-15T00:00:00,Y
P001242,Bao Kim,347 Subiaco Road,Subiaco,WA,6008,HIGH,RETAIL,2026-01-15T00:00:00,N
P001243,Eitan Muller,269 Subiaco Road,Subiaco,WA,6008,MEDIUM,PREMIUM,2026-01-15T09:00:00,Y
P001244,Grace Okafor,74 Subiaco Road,Subiaco,WA,6008,MEDIUM,PREMIUM,2026-01-15T00:00:00,N
P001245,Ines Haddad,61 Fitzroy Road,Fitzroy,VIC,3065,MEDIUM,RETAIL,2026-01-15T00:00:00,Y
P001246,Carlos Haddad,190 Nightcliff Road,Nightcliff,NT,0810,LOW,PREMIUM,2026-01-15T00:00:00,N
P001247,Bao Smith,190 Fremantle Road,Fremantle,WA,6160,LOW,RETAIL,2026-01-15T00:00:00,Y
P001248,Fatima Patel,53 Fortitude Valley Road,Fortitude Valley,QLD,4006,MEDIUM,RETAIL,2026-01-15T09:00:00,N
P001249,Carlos Silva,25 Fitzroy Road,Fitzroy,VIC,3065,MEDIUM,STUDENT,2026-01-15T00:00:00,Y
P001250,Carlos Muller,2 Brunswick Road,Brunswick,VIC,3056,MEDIUM,RETAIL,2026-01-15T00:00:00,N
P001251,Grace Muller,22 Subiaco Road,Subiaco,WA,6008,MEDIUM,SENIOR,2026-02-15T09:00:00,Y
P001252,Hiro Okafor,400 Surry Hills Road,Surry Hills,NSW,2010,HIGH,RETAIL,2026-02-15T09:00:00,N
P001253,Hiro Okafor,373 Subiaco Road,Subiaco,WA,6008,HIGH,PREMIUM,2026-01-15T00:00:00,Y
P001254,Grace Rossi,230 West End Road,West End,QLD,4101,LOW,SENIOR,2026-02-15T09:00:00,N
P001255,Eitan Smith,134 Fitzroy Road,Fitzroy,VIC,3065,HIGH,PREMIUM,2026-03-15T09:00:00,Y
P001256,Eitan Haddad,331 Nightcliff Road,Nightcliff,NT,0810,HIGH,RETAIL,2026-01-15T00:00:00,N
P001257,Ines Nguyen,292 Battery Point Road,Battery Point,TAS,7004,MEDIUM,RETAIL,2026-01-15T00:00:00,Y
P001258,Bao Haddad,78 Braddon Road,Braddon,ACT,2612,MEDIUM,STUDENT,2026-02-15T09:00:00,N
P001259,Jai Muller,135 Braddon Road,Braddon,ACT,2612,HIGH,RETAIL,2026-01-15T09:00:00,Y
P001260,Alice Muller,12 Battery Point Road,Battery Point,TAS,7004,LOW,RETAIL,2026-01-15T00:00:00,N
P001261,Fatima Silva,132 Norwood Road,Norwood,SA,5067,LOW,RETAIL,2026-01-15T00:00:00,Y
P001262,Carlos Okafor,131 Fortitude Valley Road,Fortitude Valley,QLD,4006,LOW,RETAIL,2026-01-15T00:00:00,N
P001263,Carlos Nguyen,315 Fremantle Road,Fremantle,WA,6160,LOW,RETAIL,2026-01-15T00:00:00,Y
P001264,Eitan Silva,51 Newtown Road,Newtown,NSW,2042,MEDIUM,STUDENT,2026-01-15T00:00:00,N
P001265,Grace Smith,27 Fortitude Valley Road,Fortitude Valley,QLD,4006,HIGH,RETAIL,2026-01-15T00:00:00,Y
P001266,Ines Haddad,329 Surry Hills Road,Surry Hills,NSW,2010,MEDIUM,RETAIL,2026-01-15T09:00:00,N
P001267,Ines Silva,34 Subiaco Road,Subiaco,WA,6008,MEDIUM,PREMIUM,2026-01-15T00:00:00,Y
P001268,Eitan Haddad,301 Newtown Road,Newtown,NSW,2042,LOW,STUDENT,2026-01-15T00:00:00,N
P001269,Carlos Patel,291 Braddon Road,Braddon,ACT,2612,LOW,STUDENT,2026-01-15T00:00:00,Y
P001270,Dana Okafor,388 Brunswick Road,Brunswick,VIC,3056,LOW,STUDENT,2026-01-15T09:00:00,N
P001271,Grace Haddad,232 Norwood Road,Norwood,SA,5067,MEDIUM,SENIOR,2026-01-15T00:00:00,Y
P001272,Eitan Okafor,1 Battery Point Road,Battery Point,TAS,7004,MEDIUM,RETAIL,2026-01-15T00:00:00,N
P001273,Grace Kim,153 Braddon Road,Braddon,ACT,2612,HIGH,RETAIL,2026-02-15T09:00:00,Y
P001274,Ines Smith,154 Fitzroy Road,Fitzroy,VIC,3065,HIGH,RETAIL,2026-01-15T00:00:00,N
P001275,Ines Patel,238 Brunswick Road,Brunswick,VIC,3056,HIGH,SENIOR,2026-01-15T09:00:00,Y
P001276,Fatima Patel,51 Brunswick Road,Brunswick,VIC,3056,MEDIUM,RETAIL,2026-03-15T09:00:00,N
P001277,Fatima Rossi,114 Fitzroy Road,Fitzroy,VIC,3065,MEDIUM,RETAIL,2026-02-15T09:00:00,Y
P001278,Carlos Nguyen,312 Nightcliff Road,Nightcliff,NT,0810,LOW,PREMIUM,2026-01-15T00:00:00,N
P001279,Ines Muller,318 Braddon Road,Braddon,ACT,2612,LOW,STUDENT,2026-01-15T09:00:00,Y
P001280,Bao Haddad,16 Braddon Road,Braddon,ACT,2612,HIGH,RETAIL,2026-01-15T00:00:00,N
P001281,Fatima Silva,308 Surry Hills Road,Surry Hills,NSW,2010,LOW,STUDENT,2026-01-15T00:00:00,Y
P001282,Alice Smith,237 Nightcliff Road,Nightcliff,NT,0810,LOW,RETAIL,2026-01-15T00:00:00,N
P001283,Alice Patel,38 West End Road,West End,QLD,4101,MEDIUM,RETAIL,2026-03-15T09:00:00,Y
P001284,Eitan Rossi,233 Fitzroy Road,Fitzroy,VIC,3065,MEDIUM,RETAIL,2026-02-15T09:00:00,N
P001285,Jai Rossi,4 Subiaco Road,Subiaco,WA,6008,HIGH,RETAIL,2026-01-15T00:00:00,Y
P001286,Jai Haddad,253 Fortitude Valley Road,Fortitude Valley,QLD,4006,LOW,PREMIUM,2026-01-15T00:00:00,N
P001287,Jai Okafor,73 Battery Point Road,Battery Point,TAS,7004,HIGH,RETAIL,2026-03-15T09:00:00,Y
P001288,Jai Rossi,268 Fortitude Valley Road,Fortitude Valley,QLD,4006,MEDIUM,RETAIL,2026-01-15T00:00:00,N
P001289,Alice Haddad,310 Surry Hills Road,Surry Hills,NSW,2010,HIGH,STUDENT,2026-03-15T09:00:00,Y
P001290,Grace Nguyen,166 Newtown Road,Newtown,NSW,2042,MEDIUM,RETAIL,2026-01-15T00:00:00,N
P001291,Ines Muller,254 Braddon Road,Braddon,ACT,2612,LOW,STUDENT,2026-01-15T00:00:00,Y
P001292,Alice Patel,216 Brunswick Road,Brunswick,VIC,3056,MEDIUM,RETAIL,2026-01-15T00:00:00,N
P001293,Fatima Smith,217 Fremantle Road,Fremantle,WA,6160,HIGH,RETAIL,2026-03-15T09:00:00,Y
P001294,Grace Smith,96 Fortitude Valley Road,Fortitude Valley,QLD,4006,MEDIUM,RETAIL,2026-01-15T09:00:00,N
P001295,Bao Nguyen,246 Braddon Road,Braddon,ACT,2612,LOW,RETAIL,2026-01-15T00:00:00,Y
P001296,Fatima Patel,127 Braddon Road,Braddon,ACT,2612,LOW,SENIOR,2026-01-15T00:00:00,N
P001297,Fatima Haddad,107 West End Road,West End,QLD,4101,HIGH,PREMIUM,2026-02-15T09:00:00,Y
P001298,Hiro Smith,44 Surry Hills Road,Surry Hills,NSW,2010,LOW,RETAIL,2026-01-15T00:00:00,N
P001299,Bao Okafor,378 Fortitude Valley Road,Fortitude Valley,QLD,4006,MEDIUM,RETAIL,2026-03-15T09:00:00,Y
P001300,Grace Smith,286 Newtown Road,Newtown,NSW,2042,HIGH,RETAIL,2026-03-15T09:00:00,N
P001301,Grace Smith,317 Fremantle Road,Fremantle,WA,6160,LOW,STUDENT,2026-01-15T00:00:00,Y
P001302,Jai Nguyen,233 Braddon Road,Braddon,ACT,2612,MEDIUM,STUDENT,2026-01-15T00:00:00,N
P001303,Bao Kim,334 Battery Point Road,Battery Point,TAS,7004,LOW,RETAIL,2026-01-15T00:00:00,Y
P001304,Jai Rossi,56 West End Road,West End,QLD,4101,HIGH,PREMIUM,2026-01-15T00:00:00,N
P001305,Dana Okafor,327 Battery Point Road,Battery Point,TAS,7004,MEDIUM,RETAIL,2026-01-15T00:00:00,Y
P001306,Jai Muller,290 Braddon Road,Braddon,ACT,2612,LOW,RETAIL,2026-03-15T09:00:00,N
P001307,Jai Silva,216 West End Road,West End,QLD,4101,MEDIUM,RETAIL,2026-01-15T09:00:00,Y
P001308,Carlos Okafor,241 Norwood Road,Norwood,SA,5067,MEDIUM,RETAIL,2026-01-15T00:00:00,N
P001309,Ines Okafor,235 Surry Hills Road,Surry Hills,NSW,2010,HIGH,STUDENT,2026-03-15T09:00:00,Y
P001310,Fatima Rossi,134 Fitzroy Road,Fitzroy,VIC,3065,LOW,STUDENT,2026-03-15T09:00:00,N
P001311,Dana Muller,356 West End Road,West End,QLD,4101,MEDIUM,RETAIL,2026-01-15T00:00:00,Y
P001312,Jai Kim,316 West End Road,West End,QLD,4101,MEDIUM,RETAIL,2026-01-15T00:00:00,N
P001313,Alice Muller,74 West End Road,West End,QLD,4101,HIGH,RETAIL,2026-01-15T09:00:00,Y
P001314,Hiro Rossi,123 Brunswick Road,Brunswick,VIC,3056,MEDIUM,STUDENT,2026-01-15T00:00:00,N
P001315,Dana Silva,215 Brunswick Road,Brunswick,VIC,3056,LOW,RETAIL,2026-01-15T09:00:00,Y
P001316,Fatima Nguyen,285 Surry Hills Road,Surry Hills,NSW,2010,MEDIUM,RETAIL,2026-01-15T00:00:00,N
P001317,Jai Kim,283 Battery Point Road,Battery Point,TAS,7004,LOW,RETAIL,2026-01-15T09:00:00,Y
P001318,Dana Patel,101 Norwood Road,Norwood,SA,5067,HIGH,RETAIL,2026-02-15T09:00:00,N
P001319,Alice Okafor,135 Brunswick Road,Brunswick,VIC,3056,LOW,STUDENT,2026-01-15T00:00:00,Y
P001320,Grace Smith,174 Fitzroy Road,Fitzroy,VIC,3065,MEDIUM,RETAIL,2026-01-15T00:00:00,N
P001321,Fatima Okafor,75 Fitzroy Road,Fitzroy,VIC,3065,HIGH,STUDENT,2026-02-15T09:00:00,Y
P001322,Bao Smith,74 Nightcliff Road,Nightcliff,NT,0810,LOW,STUDENT,2026-01-15T00:00:00,N
P001323,Ines Silva,356 Brunswick Road,Brunswick,VIC,3056,HIGH,RETAIL,2026-01-15T00:00:00,Y
P001324,Dana Nguyen,255 Braddon Road,Braddon,ACT,2612,LOW,STUDENT,2026-03-15T09:00:00,N
P001325,Carlos Kim,5 Newtown Road,Newtown,NSW,2042,MEDIUM,STUDENT,2026-02-15T09:00:00,Y
P001326,Jai Muller,108 Norwood Road,Norwood,SA,5067,MEDIUM,STUDENT,2026-01-15T00:00:00,N
P001327,Bao Okafor,261 Battery Point Road,Battery Point,TAS,7004,HIGH,STUDENT,2026-01-15T00:00:00,Y
P001328,Hiro Haddad,238 West End Road,West End,QLD,4101,HIGH,RETAIL,2026-01-15T00:00:00,N
P001329,Hiro Muller,243 Nightcliff Road,Nightcliff,NT,0810,MEDIUM,PREMIUM,2026-01-15T00:00:00,Y
P001330,Alice Rossi,49 Braddon Road,Braddon,ACT,2612,MEDIUM,STUDENT,2026-02-15T09:00:00,N
P001331,Dana Patel,313 Fortitude Valley Road,Fortitude Valley,QLD,4006,HIGH,RETAIL,2026-03-15T09:00:00,Y
P001332,Eitan Haddad,44 West End Road,West End,QLD,4101,LOW,RETAIL,2026-01-15T00:00:00,N
P001333,Fatima Rossi,189 Newtown Road,Newtown,NSW,2042,HIGH,PREMIUM,2026-03-15T09:00:00,Y
P001334,Hiro Muller,222 Fremantle Road,Fremantle,WA,6160,MEDIUM,RETAIL,2026-01-15T00:00:00,N
P001335,Alice Okafor,227 Fremantle Road,Fremantle,WA,6160,HIGH,RETAIL,2026-01-15T00:00:00,Y
P001336,Eitan Haddad,81 Nightcliff Road,Nightcliff,NT,0810,LOW,STUDENT,2026-02-15T09:00:00,N
P001337,Bao Smith,138 Braddon Road,Braddon,ACT,2612,HIGH,RETAIL,2026-03-15T09:00:00,Y
P001338,Fatima Patel,155 Brunswick Road,Brunswick,VIC,3056,HIGH,STUDENT,2026-01-15T00:00:00,N
P001339,Jai Okafor,386 Brunswick Road,Brunswick,VIC,3056,HIGH,SENIOR,2026-01-15T00:00:00,Y
P001340,Eitan Patel,178 Newtown Road,Newtown,NSW,2042,MEDIUM,SENIOR,2026-01-15T00:00:00,N
P001341,Alice Muller,335 Battery Point Road,Battery Point,TAS,7004,LOW,STUDENT,2026-01-15T00:00:00,Y
P001342,Dana Rossi,243 Brunswick Road,Brunswick,VIC,3056,HIGH,STUDENT,2026-01-15T00:00:00,N
P001343,Hiro Kim,44 Subiaco Road,Subiaco,WA,6008,LOW,RETAIL,2026-01-15T00:00:00,Y
P001344,Grace Rossi,225 Nightcliff Road,Nightcliff,NT,0810,HIGH,RETAIL,2026-01-15T00:00:00,N
P001345,Jai Okafor,157 Fitzroy Road,Fitzroy,VIC,3065,LOW,RETAIL,2026-01-15T00:00:00,Y
P001346,Fatima Kim,237 Norwood Road,Norwood,SA,5067,HIGH,STUDENT,2026-03-15T09:00:00,N
P001347,Ines Patel,26 Newtown Road,Newtown,NSW,2042,HIGH,STUDENT,2026-03-15T09:00:00,Y
P001348,Carlos Kim,291 Fitzroy Road,Fitzroy,VIC,3065,HIGH,SENIOR,2026-01-15T00:00:00,N
P001349,Grace Silva,20 Fortitude Valley Road,Fortitude Valley,QLD,4006,LOW,RETAIL,2026-02-15T09:00:00,Y
P001350,Hiro Smith,169 Brunswick Road,Brunswick,VIC,3056,MEDIUM,PREMIUM,2026-01-15T00:00:00,N
P001351,Bao Okafor,54 Fortitude Valley Road,Fortitude Valley,QLD,4006,LOW,RETAIL,2026-01-15T00:00:00,Y
P001352,Jai Muller,14 Nightcliff Road,Nightcliff,NT,0810,LOW,SENIOR,2026-01-15T00:00:00,N
P001353,Eitan Rossi,120 Fremantle Road,Fremantle,WA,6160,HIGH,RETAIL,2026-01-15T00:00:00,Y
P001354,Fatima Haddad,6 Newtown Road,Newtown,NSW,2042,MEDIUM,RETAIL,2026-01-15T00:00:00,N
P001355,Carlos Haddad,256 Fitzroy Road,Fitzroy,VIC,3065,LOW,RETAIL,2026-01-15T09:00:00,Y
P001356,Carlos Rossi,159 Brunswick Road,Brunswick,VIC,3056,HIGH,PREMIUM,2026-01-15T00:00:00,N
P001357,Jai Patel,301 Fitzroy Road,Fitzroy,VIC,3065,HIGH,PREMIUM,2026-01-15T00:00:00,Y
P001358,Dana Nguyen,74 Fortitude Valley Road,Fortitude Valley,QLD,4006,MEDIUM,PREMIUM,2026-01-15T00:00:00,N
P001359,Ines Kim,292 Brunswick Road,Brunswick,VIC,3056,MEDIUM,RETAIL,2026-01-15T00:00:00,Y
P001360,Bao Patel,331 Newtown Road,Newtown,NSW,2042,MEDIUM,RETAIL,2026-01-15T00:00:00,N
P001361,Eitan Silva,314 Nightcliff Road,Nightcliff,NT,0810,LOW,RETAIL,2026-01-15T00:00:00,Y
P001362,Jai Silva,177 Norwood Road,Norwood,SA,5067,HIGH,RETAIL,2026-03-15T09:00:00,N
P001363,Bao Silva,358 Battery Point Road,Battery Point,TAS,7004,LOW,STUDENT,2026-01-15T00:00:00,Y
P001364,Eitan Haddad,150 Fitzroy Road,Fitzroy,VIC,3065,LOW,PREMIUM,2026-01-15T00:00:00,N
P001365,Dana Muller,211 Nightcliff Road,Nightcliff,NT,0810,HIGH,RETAIL,2026-01-15T00:00:00,Y
P001366,Bao Smith,259 West End Road,West End,QLD,4101,MEDIUM,RETAIL,2026-01-15T00:00:00,N
P001367,Eitan Rossi,260 Fitzroy Road,Fitzroy,VIC,3065,LOW,RETAIL,2026-01-15T00:00:00,Y
P001368,Hiro Silva,176 Nightcliff Road,Nightcliff,NT,0810,LOW,RETAIL,2026-01-15T00:00:00,N
P001369,Eitan Smith,364 Newtown Road,Newtown,NSW,2042,MEDIUM,PREMIUM,2026-01-15T00:00:00,Y
P001370,Hiro Muller,197 West End Road,West End,QLD,4101,HIGH,RETAIL,2026-02-15T09:00:00,N
P001371,Carlos Muller,143 Subiaco Road,Subiaco,WA,6008,LOW,STUDENT,2026-01-15T00:00:00,Y
P001372,Bao Okafor,151 Battery Point Road,Battery Point,TAS,7004,HIGH,RETAIL,2026-01-15T00:00:00,N
P001373,Alice Patel,79 Surry Hills Road,Surry Hills,NSW,2010,LOW,RETAIL,2026-01-15T00:00:00,Y
P001374,Ines Rossi,381 Norwood Road,Norwood,SA,5067,HIGH,STUDENT,2026-03-15T09:00:00,N
P001375,Bao Silva,354 Braddon Road,Braddon,ACT,2612,LOW,RETAIL,2026-01-15T00:00:00,Y
P001376,Grace Rossi,128 Newtown Road,Newtown,NSW,2042,LOW,RETAIL,2026-01-15T00:00:00,N
P001377,Grace Nguyen,8 Newtown Road,Newtown,NSW,2042,LOW,PREMIUM,2026-01-15T00:00:00,Y
P001378,Dana Smith,341 Surry Hills Road,Surry Hills,NSW,2010,LOW,RETAIL,2026-01-15T00:00:00,N
P001379,Bao Kim,166 Norwood Road,Norwood,SA,5067,LOW,PREMIUM,2026-01-15T00:00:00,Y
P001380,Grace Silva,62 Norwood Road,Norwood,SA,5067,LOW,RETAIL,2026-01-15T00:00:00,N
P001381,Alice Silva,81 Fortitude Valley Road,Fortitude Valley,QLD,4006,MEDIUM,RETAIL,2026-01-15T09:00:00,Y
P001382,Bao Patel,333 Brunswick Road,Brunswick,VIC,3056,LOW,RETAIL,2026-01-15T00:00:00,N
P001383,Grace Patel,393 Brunswick Road,Brunswick,VIC,3056,LOW,PREMIUM,2026-01-15T00:00:00,Y
P001384,Carlos Patel,209 Surry Hills Road,Surry Hills,NSW,2010,HIGH,PREMIUM,2026-01-15T09:00:00,N
P001385,Carlos Kim,59 Fortitude Valley Road,Fortitude Valley,QLD,4006,HIGH,RETAIL,2026-03-15T09:00:00,Y
P001386,Hiro Smith,172 Braddon Road,Braddon,ACT,2612,,SENIOR,2026-01-15T00:00:00,N
P001387,Grace Haddad,328 Subiaco Road,Subiaco,WA,6008,HIGH,RETAIL,2026-01-15T00:00:00,Y
P001388,Dana Nguyen,23 Newtown Road,Newtown,NSW,2042,LOW,RETAIL,2026-02-15T09:00:00,N
P001389,Grace Rossi,318 Nightcliff Road,Nightcliff,NT,0810,LOW,RETAIL,2026-01-15T00:00:00,Y
P001390,Dana Okafor,193 Fortitude Valley Road,Fortitude Valley,QLD,4006,LOW,RETAIL,2026-01-15T00:00:00,N
P001391,Jai Muller,379 Nightcliff Road,Nightcliff,NT,0810,LOW,RETAIL,2026-01-15T00:00:00,Y
P001392,Alice Haddad,213 Braddon Road,Braddon,ACT,2612,MEDIUM,STUDENT,2026-01-15T00:00:00,N
P001393,Fatima Kim,125 Brunswick Road,Brunswick,VIC,3056,LOW,SENIOR,2026-01-15T00:00:00,Y
P001394,Dana Rossi,312 Braddon Road,Braddon,ACT,2612,HIGH,RETAIL,2026-01-15T00:00:00,N
P001395,Alice Smith,252 Subiaco Road,Subiaco,WA,6008,LOW,RETAIL,2026-01-15T00:00:00,Y
P001396,Dana Okafor,47 Fitzroy Road,Fitzroy,VIC,3065,HIGH,STUDENT,2026-01-15T00:00:00,N
P001397,Dana Haddad,41 Brunswick Road,Brunswick,VIC,3056,MEDIUM,RETAIL,2026-01-15T00:00:00,Y
P001398,Dana Rossi,218 Nightcliff Road,Nightcliff,NT,0810,LOW,RETAIL,2026-01-15T00:00:00,N
P001399,Hiro Rossi,140 Battery Point Road,Battery Point,TAS,7004,MEDIUM,RETAIL,2026-01-15T00:00:00,Y
P001400,Grace Silva,136 Battery Point Road,Battery Point,TAS,7004,MEDIUM,RETAIL,2026-03-15T09:00:00,N
P001401,Grace Okafor,247 Nightcliff Road,Nightcliff,NT,0810,,RETAIL,2026-01-15T00:00:00,Y
P001402,Eitan Haddad,79 Surry Hills Road,Surry Hills,NSW,2010,LOW,RETAIL,2026-01-15T00:00:00,N
P001403,Eitan Muller,146 Subiaco Road,Subiaco,WA,6008,HIGH,RETAIL,2026-01-15T00:00:00,Y
P001404,Carlos Muller,400 Norwood Road,Norwood,SA,5067,LOW,RETAIL,2026-01-15T09:00:00,N
P001405,Fatima Muller,208 Norwood Road,Norwood,SA,5067,MEDIUM,SENIOR,2026-01-15T00:00:00,Y
P001406,Grace Muller,158 West End Road,West End,QLD,4101,HIGH,RETAIL,2026-01-15T00:00:00,N
P001407,Bao Silva,290 Newtown Road,Newtown,NSW,2042,MEDIUM,SENIOR,2026-01-15T00:00:00,Y
P001408,Fatima Haddad,344 Surry Hills Road,Surry Hills,NSW,2010,HIGH,RETAIL,2026-01-15T09:00:00,N
P001409,Grace Silva,108 Brunswick Road,Brunswick,VIC,3056,MEDIUM,RETAIL,2026-02-15T09:00:00,Y
P001410,Alice Okafor,134 West End Road,West End,QLD,4101,HIGH,RETAIL,2026-01-15T00:00:00,N
P001411,Jai Okafor,129 Fitzroy Road,Fitzroy,VIC,3065,LOW,PREMIUM,2026-03-15T09:00:00,Y
P001412,Grace Smith,266 Fremantle Road,Fremantle,WA,6160,MEDIUM,RETAIL,2026-01-15T00:00:00,N
P001413,Eitan Patel,257 Fremantle Road,Fremantle,WA,6160,HIGH,STUDENT,2026-01-15T00:00:00,Y
P001414,Eitan Silva,386 Battery Point Road,Battery Point,TAS,7004,HIGH,STUDENT,2026-01-15T00:00:00,N
P001415,Jai Kim,74 Surry Hills Road,Surry Hills,NSW,2010,LOW,SENIOR,2026-01-15T00:00:00,Y
P001416,Eitan Nguyen,2 Newtown Road,Newtown,NSW,2042,LOW,RETAIL,2026-01-15T09:00:00,N
P001417,Grace Haddad,95 Newtown Road,Newtown,NSW,2042,HIGH,RETAIL,2026-01-15T09:00:00,Y
P001418,Fatima Okafor,361 Fitzroy Road,Fitzroy,VIC,3065,MEDIUM,RETAIL,2026-01-15T00:00:00,N
P001419,Hiro Rossi,96 Surry Hills Road,Surry Hills,NSW,2010,HIGH,RETAIL,2026-01-15T00:00:00,Y
P001420,Eitan Silva,226 Brunswick Road,Brunswick,VIC,3056,HIGH,RETAIL,2026-01-15T00:00:00,N
P001421,Carlos Smith,151 Braddon Road,Braddon,ACT,2612,LOW,RETAIL,2026-01-15T00:00:00,Y
P001422,Alice Rossi,245 West End Road,West End,QLD,4101,LOW,RETAIL,2026-01-15T00:00:00,N
P001423,Alice Nguyen,103 Battery Point Road,Battery Point,TAS,7004,LOW,RETAIL,2026-03-15T09:00:00,Y
P001424,Eitan Muller,243 Norwood Road,Norwood,SA,5067,HIGH,RETAIL,2026-01-15T00:00:00,N
P001425,Fatima Kim,140 West End Road,West End,QLD,4101,HIGH,RETAIL,2026-02-15T09:00:00,Y
P001426,Alice Kim,170 Battery Point Road,Battery Point,TAS,7004,LOW,RETAIL,2026-01-15T00:00:00,N
P001427,Grace Okafor,217 Subiaco Road,Subiaco,WA,6008,HIGH,RETAIL,2026-03-15T09:00:00,Y
P001428,Dana Kim,232 Nightcliff Road,Nightcliff,NT,0810,HIGH,STUDENT,2026-01-15T00:00:00,N
P001429,Grace Rossi,2 Norwood Road,Norwood,SA,5067,MEDIUM,RETAIL,2026-01-15T00:00:00,Y
P001430,Alice Kim,297 Subiaco Road,Subiaco,WA,6008,HIGH,RETAIL,2026-01-15T09:00:00,N
P001431,Jai Smith,179 Nightcliff Road,Nightcliff,NT,0810,MEDIUM,SENIOR,2026-01-15T00:00:00,Y
P001432,Bao Silva,151 Nightcliff Road,Nightcliff,NT,0810,HIGH,RETAIL,2026-01-15T00:00:00,N
P001433,Jai Haddad,17 Norwood Road,Norwood,SA,5067,LOW,RETAIL,2026-01-15T00:00:00,Y
P001434,Ines Muller,39 Brunswick Road,Brunswick,VIC,3056,LOW,RETAIL,2026-02-15T09:00:00,N
P001435,Dana Rossi,340 Fitzroy Road,Fitzroy,VIC,3065,HIGH,PREMIUM,2026-02-15T09:00:00,Y
P001436,Grace Nguyen,330 Brunswick Road,Brunswick,VIC,3056,MEDIUM,SENIOR,2026-03-15T09:00:00,N
P001437,Dana Patel,341 Fortitude Valley Road,Fortitude Valley,QLD,4006,HIGH,RETAIL,2026-01-15T00:00:00,Y
P001438,Ines Muller,334 Fremantle Road,Fremantle,WA,6160,MEDIUM,STUDENT,2026-01-15T09:00:00,N
P001439,Jai Smith,330 Battery Point Road,Battery Point,TAS,7004,HIGH,PREMIUM,2026-01-15T00:00:00,Y
P001440,Grace Haddad,224 Nightcliff Road,Nightcliff,NT,0810,LOW,RETAIL,2026-01-15T00:00:00,N
P001441,Bao Smith,46 Fortitude Valley Road,Fortitude Valley,QLD,4006,HIGH,SENIOR,2026-01-15T00:00:00,Y
P001442,Bao Kim,66 Nightcliff Road,Nightcliff,NT,0810,MEDIUM,RETAIL,2026-01-15T00:00:00,N
P001443,Eitan Nguyen,303 Newtown Road,Newtown,NSW,2042,MEDIUM,SENIOR,2026-01-15T00:00:00,Y
P001444,Fatima Okafor,267 West End Road,West End,QLD,4101,HIGH,RETAIL,2026-01-15T00:00:00,N
P001445,Alice Haddad,236 Fremantle Road,Fremantle,WA,6160,MEDIUM,STUDENT,2026-01-15T00:00:00,Y
P001446,Hiro Okafor,308 Subiaco Road,Subiaco,WA,6008,HIGH,PREMIUM,2026-01-15T00:00:00,N
P001447,Alice Kim,159 Nightcliff Road,Nightcliff,NT,0810,HIGH,RETAIL,2026-01-15T00:00:00,Y
P001448,Jai Muller,61 Nightcliff Road,Nightcliff,NT,0810,MEDIUM,RETAIL,2026-01-15T09:00:00,N
P001449,Alice Kim,79 Fremantle Road,Fremantle,WA,6160,LOW,STUDENT,2026-01-15T00:00:00,Y
P001450,Alice Okafor,309 Battery Point Road,Battery Point,TAS,7004,MEDIUM,SENIOR,2026-03-15T09:00:00,N
P001451,Carlos Nguyen,281 Braddon Road,Braddon,ACT,2612,MEDIUM,PREMIUM,2026-01-15T00:00:00,Y
P001452,Grace Silva,37 West End Road,West End,QLD,4101,MEDIUM,RETAIL,2026-01-15T00:00:00,N
P001453,Ines Silva,66 West End Road,West End,QLD,4101,HIGH,STUDENT,2026-02-15T09:00:00,Y
P001454,Eitan Muller,91 Battery Point Road,Battery Point,TAS,7004,LOW,RETAIL,2026-03-15T09:00:00,N
P001455,Eitan Okafor,256 Subiaco Road,Subiaco,WA,6008,HIGH,RETAIL,2026-01-15T09:00:00,Y
P001456,Alice Kim,372 Braddon Road,Braddon,ACT,2612,LOW,PREMIUM,2026-01-15T00:00:00,N
P001457,Grace Silva,348 Fitzroy Road,Fitzroy,VIC,3065,LOW,RETAIL,2026-01-15T00:00:00,Y
P001458,Carlos Nguyen,61 Subiaco Road,Subiaco,WA,6008,HIGH,RETAIL,2026-01-15T00:00:00,N
P001459,Carlos Silva,338 Fitzroy Road,Fitzroy,VIC,3065,,RETAIL,2026-01-15T09:00:00,Y
P001460,Eitan Okafor,13 Fitzroy Road,Fitzroy,VIC,3065,HIGH,SENIOR,2026-03-15T09:00:00,N
P001461,Bao Muller,333 Braddon Road,Braddon,ACT,2612,HIGH,PREMIUM,2026-01-15T00:00:00,Y
P001462,Alice Smith,60 West End Road,West End,QLD,4101,MEDIUM,PREMIUM,2026-01-15T00:00:00,N
P001463,Dana Nguyen,301 Norwood Road,Norwood,SA,5067,HIGH,RETAIL,2026-01-15T00:00:00,Y
P001464,Bao Okafor,197 Nightcliff Road,Nightcliff,NT,0810,HIGH,PREMIUM,2026-01-15T00:00:00,N
P001465,Jai Okafor,111 Brunswick Road,Brunswick,VIC,3056,HIGH,SENIOR,2026-03-15T09:00:00,Y
P001466,Carlos Silva,91 Newtown Road,Newtown,NSW,2042,,RETAIL,2026-02-15T09:00:00,N
P001467,Ines Muller,180 Newtown Road,Newtown,NSW,2042,HIGH,RETAIL,2026-03-15T09:00:00,Y
P001468,Bao Rossi,168 Battery Point Road,Battery Point,TAS,7004,LOW,STUDENT,2026-03-15T09:00:00,N
P001469,Carlos Nguyen,285 Nightcliff Road,Nightcliff,NT,0810,MEDIUM,RETAIL,2026-01-15T00:00:00,Y
P001470,Jai Rossi,320 Nightcliff Road,Nightcliff,NT,0810,HIGH,RETAIL,2026-01-15T09:00:00,N
P001471,Bao Smith,126 Fitzroy Road,Fitzroy,VIC,3065,HIGH,RETAIL,2026-01-15T09:00:00,Y
P001472,Alice Rossi,201 Surry Hills Road,Surry Hills,NSW,2010,HIGH,SENIOR,2026-01-15T09:00:00,N
P001473,Ines Muller,72 Fortitude Valley Road,Fortitude Valley,QLD,4006,HIGH,RETAIL,2026-01-15T00:00:00,Y
P001474,Jai Haddad,262 West End Road,West End,QLD,4101,LOW,PREMIUM,2026-01-15T00:00:00,N
P001475,Dana Nguyen,97 Newtown Road,Newtown,NSW,2042,LOW,SENIOR,2026-01-15T00:00:00,Y
P001476,Ines Rossi,245 Braddon Road,Braddon,ACT,2612,LOW,PREMIUM,2026-01-15T09:00:00,N
P001477,Bao Haddad,131 Fremantle Road,Fremantle,WA,6160,HIGH,SENIOR,2026-01-15T00:00:00,Y
P001478,Hiro Smith,131 Fremantle Road,Fremantle,WA,6160,HIGH,RETAIL,2026-01-15T00:00:00,N
P001479,Bao Patel,325 Brunswick Road,Brunswick,VIC,3056,LOW,PREMIUM,2026-01-15T00:00:00,Y
P001480,Ines Okafor,215 Battery Point Road,Battery Point,TAS,7004,MEDIUM,SENIOR,2026-01-15T00:00:00,N
P001481,Grace Nguyen,310 Fremantle Road,Fremantle,WA,6160,MEDIUM,RETAIL,2026-01-15T00:00:00,Y
P001482,Ines Silva,34 Surry Hills Road,Surry Hills,NSW,2010,LOW,RETAIL,2026-01-15T00:00:00,N
P001483,Eitan Okafor,116 West End Road,West End,QLD,4101,LOW,RETAIL,2026-01-15T00:00:00,Y
P001484,Grace Smith,32 Fitzroy Road,Fitzroy,VIC,3065,HIGH,STUDENT,2026-03-15T09:00:00,N
P001485,Hiro Smith,271 Battery Point Road,Battery Point,TAS,7004,HIGH,STUDENT,2026-01-15T00:00:00,Y
P001486,Eitan Smith,25 Norwood Road,Norwood,SA,5067,MEDIUM,RETAIL,2026-01-15T00:00:00,N
P001487,Ines Haddad,305 Nightcliff Road,Nightcliff,NT,0810,MEDIUM,RETAIL,2026-01-15T00:00:00,Y
P001488,Eitan Nguyen,352 Fitzroy Road,Fitzroy,VIC,3065,LOW,PREMIUM,2026-01-15T00:00:00,N
P001489,Grace Patel,28 Fitzroy Road,Fitzroy,VIC,3065,HIGH,SENIOR,2026-01-15T00:00:00,Y
P001490,Dana Silva,362 Nightcliff Road,Nightcliff,NT,0810,MEDIUM,SENIOR,2026-01-15T00:00:00,N
P001491,Ines Patel,142 Subiaco Road,Subiaco,WA,6008,HIGH,SENIOR,2026-01-15T00:00:00,Y
P001492,Eitan Smith,157 Brunswick Road,Brunswick,VIC,3056,MEDIUM,STUDENT,2026-01-15T00:00:00,N
P001493,Bao Smith,311 Fitzroy Road,Fitzroy,VIC,3065,LOW,RETAIL,2026-01-15T09:00:00,Y
P001494,Bao Patel,284 Newtown Road,Newtown,NSW,2042,LOW,SENIOR,2026-01-15T00:00:00,N
P001495,Ines Okafor,383 Newtown Road,Newtown,NSW,2042,HIGH,SENIOR,2026-01-15T09:00:00,Y
P001496,Bao Silva,8 Norwood Road,Norwood,SA,5067,HIGH,RETAIL,2026-01-15T00:00:00,N
P001497,Ines Kim,126 Fremantle Road,Fremantle,WA,6160,HIGH,SENIOR,2026-01-15T00:00:00,Y
P001498,Jai Nguyen,311 Norwood Road,Norwood,SA,5067,LOW,PREMIUM,2026-01-15T00:00:00,N
P001499,Dana Okafor,58 Nightcliff Road,Nightcliff,NT,0810,LOW,RETAIL,2026-03-15T09:00:00,Y
P001500,Grace Muller,195 Newtown Road,Newtown,NSW,2042,LOW,RETAIL,2026-01-15T00:00:00,N
P001501,Dana Haddad,393 Braddon Road,Braddon,ACT,2612,MEDIUM,RETAIL,2026-01-15T00:00:00,Y
P001502,Eitan Rossi,242 Subiaco Road,Subiaco,WA,6008,HIGH,RETAIL,2026-02-15T09:00:00,N
P001503,Ines Nguyen,292 Newtown Road,Newtown,NSW,2042,MEDIUM,RETAIL,2026-03-15T09:00:00,Y
P001504,Jai Muller,276 Subiaco Road,Subiaco,WA,6008,LOW,RETAIL,2026-03-15T09:00:00,N
P001505,Carlos Silva,133 Fitzroy Road,Fitzroy,VIC,3065,,RETAIL,2026-01-15T09:00:00,Y
P001506,Bao Haddad,264 Brunswick Road,Brunswick,VIC,3056,MEDIUM,RETAIL,2026-01-15T00:00:00,N
P001507,Alice Okafor,394 Subiaco Road,Subiaco,WA,6008,LOW,RETAIL,2026-01-15T00:00:00,Y
P001508,Eitan Kim,220 West End Road,West End,QLD,4101,HIGH,STUDENT,2026-01-15T00:00:00,N
P001509,Hiro Muller,362 Newtown Road,Newtown,NSW,2042,HIGH,RETAIL,2026-03-15T09:00:00,Y
P001510,Dana Smith,98 West End Road,West End,QLD,4101,LOW,RETAIL,2026-01-15T00:00:00,N
P001511,Fatima Nguyen,83 Nightcliff Road,Nightcliff,NT,0810,MEDIUM,SENIOR,2026-01-15T00:00:00,Y
P001512,Bao Silva,49 Braddon Road,Braddon,ACT,2612,HIGH,PREMIUM,2026-03-15T09:00:00,N
P001513,Grace Haddad,372 West End Road,West End,QLD,4101,MEDIUM,RETAIL,2026-01-15T00:00:00,Y
P001514,Alice Okafor,80 Surry Hills Road,Surry Hills,NSW,2010,LOW,STUDENT,2026-01-15T00:00:00,N
P001515,Alice Kim,19 Norwood Road,Norwood,SA,5067,HIGH,RETAIL,2026-03-15T09:00:00,Y
P001516,Eitan Patel,249 Subiaco Road,Subiaco,WA,6008,MEDIUM,RETAIL,2026-01-15T00:00:00,N
P001517,Ines Okafor,128 Fitzroy Road,Fitzroy,VIC,3065,LOW,STUDENT,2026-01-15T00:00:00,Y
P001518,Dana Silva,102 Nightcliff Road,Nightcliff,NT,0810,LOW,PREMIUM,2026-01-15T00:00:00,N
P001519,Jai Okafor,97 Norwood Road,Norwood,SA,5067,HIGH,PREMIUM,2026-01-15T00:00:00,Y
P001520,Dana Smith,68 Fitzroy Road,Fitzroy,VIC,3065,MEDIUM,SENIOR,2026-01-15T00:00:00,N
P001521,Grace Nguyen,108 West End Road,West End,QLD,4101,LOW,RETAIL,2026-01-15T09:00:00,Y
P001522,Eitan Rossi,114 Norwood Road,Norwood,SA,5067,MEDIUM,RETAIL,2026-01-15T00:00:00,N
P001523,Alice Patel,57 Fremantle Road,Fremantle,WA,6160,MEDIUM,SENIOR,2026-01-15T00:00:00,Y
P001524,Grace Rossi,342 Fortitude Valley Road,Fortitude Valley,QLD,4006,LOW,RETAIL,2026-01-15T09:00:00,N
P001525,Fatima Rossi,394 Fitzroy Road,Fitzroy,VIC,3065,HIGH,RETAIL,2026-02-15T09:00:00,Y
P001526,Eitan Muller,222 Braddon Road,Braddon,ACT,2612,LOW,RETAIL,2026-03-15T09:00:00,N
P001527,Ines Okafor,170 Newtown Road,Newtown,NSW,2042,MEDIUM,PREMIUM,2026-01-15T00:00:00,Y
P001528,Ines Kim,122 Battery Point Road,Battery Point,TAS,7004,LOW,RETAIL,2026-01-15T00:00:00,N
P001529,Bao Okafor,323 Surry Hills Road,Surry Hills,NSW,2010,LOW,RETAIL,2026-01-15T00:00:00,Y
P001530,Dana Rossi,316 Norwood Road,Norwood,SA,5067,LOW,RETAIL,2026-03-15T09:00:00,N
P001531,Jai Kim,155 Norwood Road,Norwood,SA,5067,LOW,RETAIL,2026-01-15T00:00:00,Y
P001532,Alice Okafor,303 Nightcliff Road,Nightcliff,NT,0810,HIGH,RETAIL,2026-02-15T09:00:00,N
P001533,Fatima Kim,186 Surry Hills Road,Surry Hills,NSW,2010,LOW,SENIOR,2026-03-15T09:00:00,Y
P001534,Hiro Silva,269 Surry Hills Road,Surry Hills,NSW,2010,HIGH,STUDENT,2026-01-15T00:00:00,N
P001535,Jai Patel,357 Fitzroy Road,Fitzroy,VIC,3065,MEDIUM,RETAIL,2026-01-15T00:00:00,Y
P001536,Alice Rossi,380 Battery Point Road,Battery Point,TAS,7004,MEDIUM,PREMIUM,2026-01-15T00:00:00,N
P001537,Bao Okafor,225 Norwood Road,Norwood,SA,5067,MEDIUM,RETAIL,2026-01-15T00:00:00,Y
P001538,Grace Patel,106 Fremantle Road,Fremantle,WA,6160,LOW,RETAIL,2026-01-15T00:00:00,N
P001539,Alice Haddad,234 Battery Point Road,Battery Point,TAS,7004,HIGH,RETAIL,2026-01-15T00:00:00,Y
P001540,Dana Patel,363 Fortitude Valley Road,Fortitude Valley,QLD,4006,LOW,RETAIL,2026-01-15T00:00:00,N
P001541,Ines Rossi,150 Newtown Road,Newtown,NSW,2042,,RETAIL,2026-01-15T00:00:00,Y
P001542,Carlos Patel,27 Fortitude Valley Road,Fortitude Valley,QLD,4006,LOW,SENIOR,2026-01-15T00:00:00,N
P001543,Ines Smith,1 Brunswick Road,Brunswick,VIC,3056,HIGH,PREMIUM,2026-01-15T00:00:00,Y
P001544,Fatima Smith,362 West End Road,West End,QLD,4101,MEDIUM,PREMIUM,2026-01-15T00:00:00,N
P001545,Jai Patel,167 Fremantle Road,Fremantle,WA,6160,HIGH,STUDENT,2026-01-15T00:00:00,Y
P001546,Dana Patel,91 West End Road,West End,QLD,4101,LOW,RETAIL,2026-01-15T00:00:00,N
P001547,Bao Silva,335 Battery Point Road,Battery Point,TAS,7004,HIGH,PREMIUM,2026-01-15T00:00:00,Y
P001548,Dana Muller,113 Norwood Road,Norwood,SA,5067,LOW,RETAIL,2026-01-15T00:00:00,N
P001549,Carlos Muller,119 Fremantle Road,Fremantle,WA,6160,MEDIUM,RETAIL,2026-01-15T00:00:00,Y
P001550,Bao Muller,93 Subiaco Road,Subiaco,WA,6008,LOW,RETAIL,2026-01-15T00:00:00,N
P001551,Carlos Patel,11 Subiaco Road,Subiaco,WA,6008,LOW,STUDENT,2026-01-15T00:00:00,Y
P001552,Jai Rossi,36 Braddon Road,Braddon,ACT,2612,MEDIUM,RETAIL,2026-01-15T00:00:00,N
P001553,Grace Smith,371 Braddon Road,Braddon,ACT,2612,HIGH,STUDENT,2026-01-15T00:00:00,Y
P001554,Jai Smith,194 Newtown Road,Newtown,NSW,2042,LOW,STUDENT,2026-01-15T00:00:00,N
P001555,Alice Okafor,128 Braddon Road,Braddon,ACT,2612,MEDIUM,RETAIL,2026-01-15T00:00:00,Y
P001556,Jai Nguyen,5 Braddon Road,Braddon,ACT,2612,LOW,RETAIL,2026-01-15T00:00:00,N
P001557,Bao Rossi,72 West End Road,West End,QLD,4101,HIGH,STUDENT,2026-01-15T00:00:00,Y
P001558,Eitan Kim,246 Fitzroy Road,Fitzroy,VIC,3065,LOW,RETAIL,2026-01-15T00:00:00,N
P001559,Ines Smith,321 Fremantle Road,Fremantle,WA,6160,LOW,RETAIL,2026-01-15T09:00:00,Y
P001560,Ines Silva,33 Subiaco Road,Subiaco,WA,6008,,RETAIL,2026-03-15T09:00:00,N
P001561,Grace Silva,297 Fremantle Road,Fremantle,WA,6160,MEDIUM,RETAIL,2026-01-15T09:00:00,Y
P001562,Grace Smith,316 Braddon Road,Braddon,ACT,2612,LOW,RETAIL,2026-02-15T09:00:00,N
P001563,Fatima Smith,316 Fortitude Valley Road,Fortitude Valley,QLD,4006,MEDIUM,SENIOR,2026-01-15T00:00:00,Y
P001564,Alice Okafor,92 Surry Hills Road,Surry Hills,NSW,2010,MEDIUM,RETAIL,2026-01-15T00:00:00,N
P001565,Grace Okafor,342 Braddon Road,Braddon,ACT,2612,HIGH,STUDENT,2026-01-15T00:00:00,Y
P001566,Bao Patel,295 Nightcliff Road,Nightcliff,NT,0810,MEDIUM,STUDENT,2026-03-15T09:00:00,N
P001567,Bao Nguyen,77 Nightcliff Road,Nightcliff,NT,0810,LOW,RETAIL,2026-01-15T00:00:00,Y
P001568,Hiro Muller,141 Norwood Road,Norwood,SA,5067,MEDIUM,SENIOR,2026-02-15T09:00:00,N
P001569,Carlos Smith,393 Fremantle Road,Fremantle,WA,6160,LOW,STUDENT,2026-01-15T09:00:00,Y
P001570,Fatima Muller,186 Battery Point Road,Battery Point,TAS,7004,MEDIUM,PREMIUM,2026-03-15T09:00:00,N
P001571,Fatima Okafor,335 Braddon Road,Braddon,ACT,2612,MEDIUM,RETAIL,2026-01-15T00:00:00,Y
P001572,Ines Haddad,253 Subiaco Road,Subiaco,WA,6008,LOW,RETAIL,2026-01-15T00:00:00,N
P001573,Grace Haddad,296 Battery Point Road,Battery Point,TAS,7004,HIGH,RETAIL,2026-01-15T00:00:00,Y
P001574,Dana Kim,2 Surry Hills Road,Surry Hills,NSW,2010,LOW,RETAIL,2026-01-15T00:00:00,N
P001575,Carlos Smith,31 Subiaco Road,Subiaco,WA,6008,MEDIUM,STUDENT,2026-01-15T00:00:00,Y
P001576,Eitan Muller,233 Fortitude Valley Road,Fortitude Valley,QLD,4006,HIGH,SENIOR,2026-03-15T09:00:00,N
P001577,Dana Rossi,300 Subiaco Road,Subiaco,WA,6008,LOW,RETAIL,2026-01-15T09:00:00,Y
P001578,Carlos Silva,376 Nightcliff Road,Nightcliff,NT,0810,,SENIOR,2026-01-15T00:00:00,N
P001579,Alice Smith,238 Subiaco Road,Subiaco,WA,6008,MEDIUM,STUDENT,2026-03-15T09:00:00,Y
P001580,Alice Okafor,188 Fitzroy Road,Fitzroy,VIC,3065,LOW,RETAIL,2026-01-15T00:00:00,N
P001581,Grace Okafor,392 Battery Point Road,Battery Point,TAS,7004,HIGH,RETAIL,2026-01-15T00:00:00,Y
P001582,Eitan Muller,57 Battery Point Road,Battery Point,TAS,7004,MEDIUM,STUDENT,2026-01-15T09:00:00,N
P001583,Alice Patel,57 Nightcliff Road,Nightcliff,NT,0810,HIGH,RETAIL,2026-01-15T00:00:00,Y
P001584,Ines Okafor,6 Fitzroy Road,Fitzroy,VIC,3065,MEDIUM,PREMIUM,2026-01-15T00:00:00,N
P001585,Ines Patel,293 Subiaco Road,Subiaco,WA,6008,HIGH,RETAIL,2026-01-15T00:00:00,Y
P001586,Eitan Smith,268 Fitzroy Road,Fitzroy,VIC,3065,LOW,PREMIUM,2026-01-15T00:00:00,N
P001587,Jai Nguyen,191 West End Road,West End,QLD,4101,HIGH,SENIOR,2026-03-15T09:00:00,Y
P001588,Bao Muller,245 Battery Point Road,Battery Point,TAS,7004,HIGH,RETAIL,2026-01-15T00:00:00,N
P001589,Carlos Nguyen,268 West End Road,West End,QLD,4101,LOW,RETAIL,2026-02-15T09:00:00,Y
P001590,Bao Kim,309 Surry Hills Road,Surry Hills,NSW,2010,MEDIUM,RETAIL,2026-01-15T00:00:00,N
P001591,Carlos Haddad,55 Fortitude Valley Road,Fortitude Valley,QLD,4006,HIGH,RETAIL,2026-01-15T00:00:00,Y
P001592,Dana Haddad,104 Fortitude Valley Road,Fortitude Valley,QLD,4006,LOW,RETAIL,2026-01-15T00:00:00,N
P001593,Jai Nguyen,289 Surry Hills Road,Surry Hills,NSW,2010,MEDIUM,RETAIL,2026-01-15T00:00:00,Y
P001594,Bao Patel,5 West End Road,West End,QLD,4101,MEDIUM,SENIOR,2026-01-15T00:00:00,N
P001595,Dana Kim,385 Norwood Road,Norwood,SA,5067,MEDIUM,SENIOR,2026-01-15T00:00:00,Y
P001596,Bao Kim,253 West End Road,West End,QLD,4101,HIGH,RETAIL,2026-01-15T09:00:00,N
P001597,Alice Silva,372 Surry Hills Road,Surry Hills,NSW,2010,LOW,RETAIL,2026-03-15T09:00:00,Y
P001598,Hiro Smith,279 West End Road,West End,QLD,4101,HIGH,RETAIL,2026-02-15T09:00:00,N
P001599,Carlos Okafor,235 Fremantle Road,Fremantle,WA,6160,HIGH,PREMIUM,2026-03-15T09:00:00,Y
P001600,Fatima Muller,68 Norwood Road,Norwood,SA,5067,MEDIUM,PREMIUM,2026-01-15T00:00:00,N
P001601,Alice Silva,123 Fremantle Road,Fremantle,WA,6160,HIGH,PREMIUM,2026-01-15T00:00:00,Y
P001602,Jai Muller,253 Nightcliff Road,Nightcliff,NT,0810,LOW,STUDENT,2026-03-15T09:00:00,N
P001603,Ines Smith,256 Fortitude Valley Road,Fortitude Valley,QLD,4006,MEDIUM,RETAIL,2026-01-15T00:00:00,Y
P001604,Carlos Smith,144 Fortitude Valley Road,Fortitude Valley,QLD,4006,MEDIUM,RETAIL,2026-01-15T00:00:00,N
P001605,Hiro Patel,243 Fitzroy Road,Fitzroy,VIC,3065,MEDIUM,PREMIUM,2026-01-15T00:00:00,Y
P001606,Bao Muller,21 Fitzroy Road,Fitzroy,VIC,3065,MEDIUM,RETAIL,2026-01-15T00:00:00,N
P001607,Carlos Muller,188 Battery Point Road,Battery Point,TAS,7004,HIGH,SENIOR,2026-01-15T00:00:00,Y
P001608,Bao Silva,285 Subiaco Road,Subiaco,WA,6008,HIGH,RETAIL,2026-01-15T09:00:00,N
P001609,Alice Rossi,112 Fremantle Road,Fremantle,WA,6160,LOW,RETAIL,2026-02-15T09:00:00,Y
P001610,Eitan Silva,82 Surry Hills Road,Surry Hills,NSW,2010,LOW,RETAIL,2026-01-15T00:00:00,N
P001611,Bao Kim,239 Subiaco Road,Subiaco,WA,6008,HIGH,SENIOR,2026-01-15T00:00:00,Y
P001612,Bao Smith,111 Braddon Road,Braddon,ACT,2612,MEDIUM,STUDENT,2026-03-15T09:00:00,N
P001613,Grace Kim,336 Braddon Road,Braddon,ACT,2612,HIGH,RETAIL,2026-02-15T09:00:00,Y
P001614,Hiro Smith,143 Nightcliff Road,Nightcliff,NT,0810,HIGH,RETAIL,2026-01-15T00:00:00,N
P001615,Carlos Rossi,164 Subiaco Road,Subiaco,WA,6008,HIGH,STUDENT,2026-01-15T00:00:00,Y
P001616,Fatima Silva,243 Newtown Road,Newtown,NSW,2042,LOW,STUDENT,2026-01-15T00:00:00,N
P001617,Grace Patel,358 Battery Point Road,Battery Point,TAS,7004,LOW,RETAIL,2026-01-15T09:00:00,Y
P001618,Grace Smith,312 Newtown Road,Newtown,NSW,2042,MEDIUM,STUDENT,2026-03-15T09:00:00,N
P001619,Dana Patel,95 Norwood Road,Norwood,SA,5067,LOW,STUDENT,2026-01-15T00:00:00,Y
P001620,Fatima Patel,85 Fremantle Road,Fremantle,WA,6160,MEDIUM,RETAIL,2026-01-15T00:00:00,N
P001621,Carlos Silva,182 Norwood Road,Norwood,SA,5067,HIGH,RETAIL,2026-01-15T00:00:00,Y
P001622,Ines Rossi,40 Newtown Road,Newtown,NSW,2042,HIGH,PREMIUM,2026-01-15T00:00:00,N
P001623,Fatima Nguyen,78 West End Road,West End,QLD,4101,LOW,RETAIL,2026-01-15T00:00:00,Y
P001624,Bao Silva,209 Brunswick Road,Brunswick,VIC,3056,LOW,SENIOR,2026-01-15T09:00:00,N
P001625,Hiro Smith,347 Brunswick Road,Brunswick,VIC,3056,LOW,RETAIL,2026-02-15T09:00:00,Y
P001626,Carlos Silva,267 West End Road,West End,QLD,4101,LOW,SENIOR,2026-03-15T09:00:00,N
P001627,Alice Kim,187 Battery Point Road,Battery Point,TAS,7004,,STUDENT,2026-01-15T00:00:00,Y
P001628,Bao Muller,130 Fitzroy Road,Fitzroy,VIC,3065,MEDIUM,RETAIL,2026-03-15T09:00:00,N
P001629,Ines Silva,268 West End Road,West End,QLD,4101,MEDIUM,RETAIL,2026-01-15T00:00:00,Y
P001630,Hiro Silva,192 Fitzroy Road,Fitzroy,VIC,3065,HIGH,RETAIL,2026-01-15T00:00:00,N
P001631,Grace Patel,71 Surry Hills Road,Surry Hills,NSW,2010,MEDIUM,PREMIUM,2026-01-15T09:00:00,Y
P001632,Jai Smith,81 Fortitude Valley Road,Fortitude Valley,QLD,4006,LOW,RETAIL,2026-03-15T09:00:00,N
P001633,Jai Silva,358 Subiaco Road,Subiaco,WA,6008,HIGH,SENIOR,2026-03-15T09:00:00,Y
P001634,Hiro Haddad,369 Newtown Road,Newtown,NSW,2042,HIGH,RETAIL,2026-01-15T09:00:00,N
P001635,Dana Rossi,398 Fremantle Road,Fremantle,WA,6160,MEDIUM,RETAIL,2026-01-15T00:00:00,Y
P001636,Bao Kim,238 Subiaco Road,Subiaco,WA,6008,HIGH,PREMIUM,2026-01-15T00:00:00,N
P001637,Grace Nguyen,192 Nightcliff Road,Nightcliff,NT,0810,HIGH,RETAIL,2026-01-15T00:00:00,Y
P001638,Eitan Patel,213 Braddon Road,Braddon,ACT,2612,LOW,SENIOR,2026-01-15T00:00:00,N
P001639,Alice Nguyen,14 Fremantle Road,Fremantle,WA,6160,MEDIUM,STUDENT,2026-01-15T00:00:00,Y
P001640,Jai Kim,172 Norwood Road,Norwood,SA,5067,HIGH,SENIOR,2026-01-15T00:00:00,N
P001641,Ines Silva,99 Brunswick Road,Brunswick,VIC,3056,MEDIUM,STUDENT,2026-01-15T00:00:00,Y
P001642,Grace Okafor,326 Battery Point Road,Battery Point,TAS,7004,HIGH,RETAIL,2026-01-15T00:00:00,N
P001643,Ines Okafor,224 West End Road,West End,QLD,4101,HIGH,STUDENT,2026-01-15T00:00:00,Y
P001644,Bao Silva,365 Nightcliff Road,Nightcliff,NT,0810,MEDIUM,STUDENT,2026-03-15T09:00:00,N
P001645,Fatima Rossi,48 Fitzroy Road,Fitzroy,VIC,3065,MEDIUM,RETAIL,2026-01-15T00:00:00,Y
P001646,Carlos Nguyen,317 Battery Point Road,Battery Point,TAS,7004,LOW,RETAIL,2026-01-15T00:00:00,N
P001647,Carlos Muller,325 Newtown Road,Newtown,NSW,2042,MEDIUM,RETAIL,2026-01-15T00:00:00,Y
P001648,Dana Patel,42 Subiaco Road,Subiaco,WA,6008,LOW,PREMIUM,2026-02-15T09:00:00,N
P001649,Eitan Nguyen,141 Fremantle Road,Fremantle,WA,6160,LOW,PREMIUM,2026-01-15T00:00:00,Y
P001650,Jai Smith,57 Braddon Road,Braddon,ACT,2612,HIGH,RETAIL,2026-01-15T00:00:00,N
P001651,Eitan Patel,93 Fitzroy Road,Fitzroy,VIC,3065,MEDIUM,STUDENT,2026-01-15T00:00:00,Y
P001652,Grace Smith,368 West End Road,West End,QLD,4101,MEDIUM,RETAIL,2026-03-15T09:00:00,N
P001653,Bao Rossi,352 Braddon Road,Braddon,ACT,2612,MEDIUM,PREMIUM,2026-01-15T00:00:00,Y
P001654,Carlos Okafor,153 Subiaco Road,Subiaco,WA,6008,,RETAIL,2026-01-15T00:00:00,N
P001655,Jai Nguyen,196 Brunswick Road,Brunswick,VIC,3056,MEDIUM,RETAIL,2026-01-15T09:00:00,Y
P001656,Jai Haddad,328 West End Road,West End,QLD,4101,HIGH,RETAIL,2026-01-15T09:00:00,N
P001657,Dana Nguyen,275 Surry Hills Road,Surry Hills,NSW,2010,,RETAIL,2026-01-15T00:00:00,Y
P001658,Dana Kim,59 Fitzroy Road,Fitzroy,VIC,3065,LOW,RETAIL,2026-01-15T00:00:00,N
P001659,Bao Okafor,138 Brunswick Road,Brunswick,VIC,3056,LOW,SENIOR,2026-01-15T00:00:00,Y
P001660,Ines Patel,240 West End Road,West End,QLD,4101,MEDIUM,RETAIL,2026-01-15T00:00:00,N
P001661,Dana Patel,89 Fremantle Road,Fremantle,WA,6160,HIGH,RETAIL,2026-01-15T00:00:00,Y
P001662,Bao Patel,309 Fremantle Road,Fremantle,WA,6160,HIGH,RETAIL,2026-02-15T09:00:00,N
P001663,Grace Patel,361 Braddon Road,Braddon,ACT,2612,HIGH,RETAIL,2026-03-15T09:00:00,Y
P001664,Jai Kim,398 Newtown Road,Newtown,NSW,2042,LOW,RETAIL,2026-02-15T09:00:00,N
P001665,Ines Patel,301 Newtown Road,Newtown,NSW,2042,HIGH,STUDENT,2026-01-15T00:00:00,Y
P001666,Ines Kim,204 Braddon Road,Braddon,ACT,2612,,RETAIL,2026-01-15T00:00:00,N
P001667,Grace Okafor,184 West End Road,West End,QLD,4101,LOW,PREMIUM,2026-01-15T00:00:00,Y
P001668,Carlos Kim,63 West End Road,West End,QLD,4101,,PREMIUM,2026-01-15T00:00:00,N
P001669,Fatima Rossi,239 Nightcliff Road,Nightcliff,NT,0810,MEDIUM,STUDENT,2026-01-15T00:00:00,Y
P001670,Bao Silva,146 Norwood Road,Norwood,SA,5067,HIGH,RETAIL,2026-01-15T00:00:00,N
P001671,Eitan Smith,294 Norwood Road,Norwood,SA,5067,MEDIUM,PREMIUM,2026-01-15T00:00:00,Y
P001672,Fatima Kim,102 Fremantle Road,Fremantle,WA,6160,MEDIUM,RETAIL,2026-01-15T00:00:00,N
P001673,Grace Smith,64 Fortitude Valley Road,Fortitude Valley,QLD,4006,HIGH,RETAIL,2026-01-15T00:00:00,Y
P001674,Dana Nguyen,16 Braddon Road,Braddon,ACT,2612,,STUDENT,2026-03-15T09:00:00,N
P001675,Alice Muller,146 Battery Point Road,Battery Point,TAS,7004,MEDIUM,RETAIL,2026-01-15T00:00:00,Y
P001676,Ines Nguyen,267 Battery Point Road,Battery Point,TAS,7004,LOW,RETAIL,2026-03-15T09:00:00,N
P001677,Eitan Patel,121 Nightcliff Road,Nightcliff,NT,0810,MEDIUM,RETAIL,2026-03-15T09:00:00,Y
P001678,Hiro Nguyen,202 West End Road,West End,QLD,4101,MEDIUM,RETAIL,2026-01-15T00:00:00,N
P001679,Bao Kim,169 Fremantle Road,Fremantle,WA,6160,LOW,RETAIL,2026-02-15T09:00:00,Y
P001680,Carlos Smith,166 Newtown Road,Newtown,NSW,2042,HIGH,RETAIL,2026-01-15T00:00:00,N
P001681,Bao Rossi,371 Fitzroy Road,Fitzroy,VIC,3065,MEDIUM,STUDENT,2026-01-15T00:00:00,Y
P001682,Alice Nguyen,133 Norwood Road,Norwood,SA,5067,LOW,RETAIL,2026-01-15T00:00:00,N
P001683,Bao Patel,169 Fortitude Valley Road,Fortitude Valley,QLD,4006,MEDIUM,RETAIL,2026-01-15T00:00:00,Y
P001684,Carlos Muller,390 Fremantle Road,Fremantle,WA,6160,LOW,STUDENT,2026-03-15T09:00:00,N
P001685,Hiro Smith,112 Braddon Road,Braddon,ACT,2612,HIGH,RETAIL,2026-02-15T09:00:00,Y
P001686,Eitan Kim,111 Newtown Road,Newtown,NSW,2042,LOW,RETAIL,2026-01-15T09:00:00,N
P001687,Bao Kim,286 Fortitude Valley Road,Fortitude Valley,QLD,4006,LOW,PREMIUM,2026-01-15T00:00:00,Y
P001688,Dana Smith,39 Nightcliff Road,Nightcliff,NT,0810,LOW,RETAIL,2026-01-15T00:00:00,N
P001689,Dana Muller,198 Braddon Road,Braddon,ACT,2612,LOW,RETAIL,2026-01-15T00:00:00,Y
P001690,Ines Haddad,161 Battery Point Road,Battery Point,TAS,7004,MEDIUM,PREMIUM,2026-01-15T00:00:00,N
P001691,Carlos Haddad,55 Braddon Road,Braddon,ACT,2612,LOW,SENIOR,2026-01-15T00:00:00,Y
P001692,Hiro Haddad,104 Fremantle Road,Fremantle,WA,6160,LOW,RETAIL,2026-01-15T00:00:00,N
P001693,Carlos Patel,296 Fremantle Road,Fremantle,WA,6160,LOW,RETAIL,2026-01-15T00:00:00,Y
P001694,Bao Rossi,379 Battery Point Road,Battery Point,TAS,7004,LOW,RETAIL,2026-02-15T09:00:00,N
P001695,Ines Muller,203 Fortitude Valley Road,Fortitude Valley,QLD,4006,HIGH,RETAIL,2026-02-15T09:00:00,Y
P001696,Dana Okafor,204 Fremantle Road,Fremantle,WA,6160,HIGH,RETAIL,2026-01-15T00:00:00,N
P001697,Eitan Kim,149 Battery Point Road,Battery Point,TAS,7004,MEDIUM,PREMIUM,2026-03-15T09:00:00,Y
P001698,Dana Patel,97 Fremantle Road,Fremantle,WA,6160,HIGH,RETAIL,2026-01-15T00:00:00,N
P001699,Hiro Haddad,18 Braddon Road,Braddon,ACT,2612,LOW,PREMIUM,2026-02-15T09:00:00,Y
P001700,Dana Smith,28 Surry Hills Road,Surry Hills,NSW,2010,HIGH,RETAIL,2026-01-15T00:00:00,N
P001701,Ines Smith,271 Nightcliff Road,Nightcliff,NT,0810,HIGH,PREMIUM,2026-03-15T09:00:00,Y
P001702,Grace Silva,52 Fremantle Road,Fremantle,WA,6160,HIGH,RETAIL,2026-01-15T00:00:00,N
P001703,Carlos Rossi,178 Brunswick Road,Brunswick,VIC,3056,HIGH,RETAIL,2026-01-15T00:00:00,Y
P001704,Alice Smith,95 Nightcliff Road,Nightcliff,NT,0810,HIGH,PREMIUM,2026-01-15T00:00:00,N
P001705,Eitan Rossi,40 Braddon Road,Braddon,ACT,2612,LOW,RETAIL,2026-03-15T09:00:00,Y
P001706,Hiro Okafor,7 West End Road,West End,QLD,4101,MEDIUM,RETAIL,2026-01-15T00:00:00,N
P001707,Eitan Smith,57 Fortitude Valley Road,Fortitude Valley,QLD,4006,LOW,RETAIL,2026-02-15T09:00:00,Y
P001708,Jai Nguyen,251 Subiaco Road,Subiaco,WA,6008,MEDIUM,RETAIL,2026-01-15T00:00:00,N
P001709,Jai Patel,117 Newtown Road,Newtown,NSW,2042,LOW,STUDENT,2026-01-15T00:00:00,Y
P001710,Bao Patel,265 Fremantle Road,Fremantle,WA,6160,MEDIUM,PREMIUM,2026-01-15T09:00:00,N
P001711,Eitan Muller,10 Fremantle Road,Fremantle,WA,6160,LOW,STUDENT,2026-03-15T09:00:00,Y
P001712,Fatima Haddad,397 Fortitude Valley Road,Fortitude Valley,QLD,4006,HIGH,RETAIL,2026-01-15T00:00:00,N
P001713,Ines Nguyen,76 Fortitude Valley Road,Fortitude Valley,QLD,4006,LOW,PREMIUM,2026-01-15T00:00:00,Y
P001714,Fatima Muller,16 Fitzroy Road,Fitzroy,VIC,3065,HIGH,PREMIUM,2026-01-15T00:00:00,N
P001715,Fatima Rossi,382 Fremantle Road,Fremantle,WA,6160,MEDIUM,PREMIUM,2026-01-15T00:00:00,Y
P001716,Ines Muller,270 Fortitude Valley Road,Fortitude Valley,QLD,4006,HIGH,RETAIL,2026-01-15T00:00:00,N
P001717,Grace Silva,20 Battery Point Road,Battery Point,TAS,7004,LOW,RETAIL,2026-01-15T09:00:00,Y
P001718,Fatima Smith,330 Brunswick Road,Brunswick,VIC,3056,HIGH,SENIOR,2026-03-15T09:00:00,N
P001719,Eitan Smith,5 West End Road,West End,QLD,4101,HIGH,RETAIL,2026-01-15T00:00:00,Y
P001720,Carlos Haddad,188 Fortitude Valley Road,Fortitude Valley,QLD,4006,HIGH,RETAIL,2026-03-15T09:00:00,N
P001721,Eitan Smith,151 Subiaco Road,Subiaco,WA,6008,,RETAIL,2026-01-15T00:00:00,Y
P001722,Jai Smith,28 Fortitude Valley Road,Fortitude Valley,QLD,4006,LOW,RETAIL,2026-01-15T00:00:00,N
P001723,Alice Nguyen,129 Braddon Road,Braddon,ACT,2612,MEDIUM,STUDENT,2026-01-15T00:00:00,Y
P001724,Ines Okafor,45 Norwood Road,Norwood,SA,5067,LOW,SENIOR,2026-01-15T00:00:00,N
P001725,Grace Smith,149 Brunswick Road,Brunswick,VIC,3056,MEDIUM,SENIOR,2026-01-15T00:00:00,Y
P001726,Grace Silva,205 Brunswick Road,Brunswick,VIC,3056,LOW,STUDENT,2026-01-15T00:00:00,N
P001727,Jai Patel,89 Fortitude Valley Road,Fortitude Valley,QLD,4006,HIGH,STUDENT,2026-01-15T00:00:00,Y
P001728,Carlos Rossi,265 West End Road,West End,QLD,4101,HIGH,RETAIL,2026-01-15T09:00:00,N
P001729,Bao Patel,291 Fortitude Valley Road,Fortitude Valley,QLD,4006,MEDIUM,RETAIL,2026-01-15T00:00:00,Y
P001730,Grace Smith,302 Nightcliff Road,Nightcliff,NT,0810,HIGH,RETAIL,2026-02-15T09:00:00,N
P001731,Fatima Muller,182 Braddon Road,Braddon,ACT,2612,MEDIUM,SENIOR,2026-01-15T00:00:00,Y
P001732,Alice Haddad,14 Subiaco Road,Subiaco,WA,6008,MEDIUM,RETAIL,2026-01-15T00:00:00,N
P001733,Jai Patel,125 Fitzroy Road,Fitzroy,VIC,3065,MEDIUM,RETAIL,2026-01-15T00:00:00,Y
P001734,Jai Patel,192 Newtown Road,Newtown,NSW,2042,MEDIUM,RETAIL,2026-03-15T09:00:00,N
P001735,Alice Muller,391 Braddon Road,Braddon,ACT,2612,MEDIUM,STUDENT,2026-01-15T00:00:00,Y
P001736,Alice Patel,333 Surry Hills Road,Surry Hills,NSW,2010,HIGH,RETAIL,2026-01-15T00:00:00,N
P001737,Jai Muller,354 Fortitude Valley Road,Fortitude Valley,QLD,4006,LOW,RETAIL,2026-01-15T00:00:00,Y
P001738,Ines Nguyen,206 Braddon Road,Braddon,ACT,2612,LOW,RETAIL,2026-02-15T09:00:00,N
P001739,Carlos Rossi,346 Subiaco Road,Subiaco,WA,6008,LOW,RETAIL,2026-01-15T00:00:00,Y
P001740,Alice Muller,320 Fortitude Valley Road,Fortitude Valley,QLD,4006,LOW,RETAIL,2026-01-15T00:00:00,N
P001741,Jai Smith,300 Surry Hills Road,Surry Hills,NSW,2010,LOW,RETAIL,2026-02-15T09:00:00,Y
P001742,Ines Muller,201 Newtown Road,Newtown,NSW,2042,LOW,RETAIL,2026-01-15T00:00:00,N
P001743,Carlos Rossi,166 Fortitude Valley Road,Fortitude Valley,QLD,4006,HIGH,PREMIUM,2026-03-15T09:00:00,Y
P001744,Jai Smith,15 West End Road,West End,QLD,4101,LOW,RETAIL,2026-01-15T09:00:00,N
P001745,Dana Okafor,262 Nightcliff Road,Nightcliff,NT,0810,HIGH,RETAIL,2026-01-15T00:00:00,Y
P001746,Eitan Patel,197 Surry Hills Road,Surry Hills,NSW,2010,HIGH,RETAIL,2026-02-15T09:00:00,N
P001747,Eitan Silva,198 Braddon Road,Braddon,ACT,2612,LOW,RETAIL,2026-01-15T00:00:00,Y
P001748,Carlos Nguyen,82 Nightcliff Road,Nightcliff,NT,0810,HIGH,RETAIL,2026-02-15T09:00:00,N
P001749,Eitan Nguyen,336 Brunswick Road,Brunswick,VIC,3056,HIGH,PREMIUM,2026-03-15T09:00:00,Y
P001750,Fatima Okafor,354 Newtown Road,Newtown,NSW,2042,MEDIUM,RETAIL,2026-02-15T09:00:00,N
P001751,Fatima Haddad,258 Fitzroy Road,Fitzroy,VIC,3065,HIGH,RETAIL,2026-01-15T00:00:00,Y
P001752,Bao Okafor,336 Norwood Road,Norwood,SA,5067,HIGH,PREMIUM,2026-01-15T00:00:00,N
P001753,Hiro Okafor,143 West End Road,West End,QLD,4101,HIGH,RETAIL,2026-01-15T00:00:00,Y
P001754,Bao Muller,193 Fremantle Road,Fremantle,WA,6160,HIGH,PREMIUM,2026-01-15T00:00:00,N
P001755,Ines Haddad,133 Battery Point Road,Battery Point,TAS,7004,MEDIUM,RETAIL,2026-01-15T00:00:00,Y
P001756,Fatima Silva,8 Newtown Road,Newtown,NSW,2042,HIGH,RETAIL,2026-03-15T09:00:00,N
P001757,Bao Muller,348 Surry Hills Road,Surry Hills,NSW,2010,LOW,SENIOR,2026-01-15T00:00:00,Y
P001758,Dana Smith,90 Nightcliff Road,Nightcliff,NT,0810,MEDIUM,STUDENT,2026-01-15T00:00:00,N
P001759,Bao Nguyen,314 Fremantle Road,Fremantle,WA,6160,LOW,STUDENT,2026-01-15T00:00:00,Y
P001760,Hiro Kim,311 Surry Hills Road,Surry Hills,NSW,2010,LOW,SENIOR,2026-01-15T00:00:00,N
P001761,Bao Muller,194 West End Road,West End,QLD,4101,HIGH,RETAIL,2026-01-15T00:00:00,Y
P001762,Dana Patel,252 Brunswick Road,Brunswick,VIC,3056,MEDIUM,RETAIL,2026-01-15T00:00:00,N
P001763,Carlos Silva,271 Nightcliff Road,Nightcliff,NT,0810,LOW,RETAIL,2026-01-15T00:00:00,Y
P001764,Bao Rossi,18 Newtown Road,Newtown,NSW,2042,LOW,RETAIL,2026-01-15T00:00:00,N
P001765,Jai Haddad,310 Braddon Road,Braddon,ACT,2612,HIGH,PREMIUM,2026-02-15T09:00:00,Y
P001766,Ines Muller,98 Nightcliff Road,Nightcliff,NT,0810,HIGH,STUDENT,2026-01-15T00:00:00,N
P001767,Fatima Kim,170 Braddon Road,Braddon,ACT,2612,LOW,STUDENT,2026-01-15T09:00:00,Y
P001768,Grace Silva,37 Subiaco Road,Subiaco,WA,6008,LOW,STUDENT,2026-01-15T00:00:00,N
P001769,Bao Smith,234 Brunswick Road,Brunswick,VIC,3056,HIGH,RETAIL,2026-03-15T09:00:00,Y
P001770,Dana Patel,129 Newtown Road,Newtown,NSW,2042,MEDIUM,RETAIL,2026-01-15T00:00:00,N
P001771,Eitan Smith,247 West End Road,West End,QLD,4101,HIGH,SENIOR,2026-03-15T09:00:00,Y
P001772,Eitan Silva,227 Fortitude Valley Road,Fortitude Valley,QLD,4006,HIGH,STUDENT,2026-02-15T09:00:00,N
P001773,Hiro Patel,335 Battery Point Road,Battery Point,TAS,7004,,RETAIL,2026-01-15T00:00:00,Y
P001774,Dana Kim,244 West End Road,West End,QLD,4101,LOW,RETAIL,2026-03-15T09:00:00,N
P001775,Fatima Nguyen,121 Nightcliff Road,Nightcliff,NT,0810,HIGH,SENIOR,2026-01-15T00:00:00,Y
P001776,Alice Kim,175 Norwood Road,Norwood,SA,5067,HIGH,PREMIUM,2026-01-15T09:00:00,N
P001777,Ines Muller,67 Surry Hills Road,Surry Hills,NSW,2010,LOW,RETAIL,2026-01-15T00:00:00,Y
P001778,Ines Rossi,280 Fremantle Road,Fremantle,WA,6160,MEDIUM,RETAIL,2026-02-15T09:00:00,N
P001779,Alice Nguyen,14 Brunswick Road,Brunswick,VIC,3056,LOW,RETAIL,2026-01-15T00:00:00,Y
P001780,Alice Haddad,247 Fremantle Road,Fremantle,WA,6160,MEDIUM,PREMIUM,2026-01-15T00:00:00,N
P001781,Grace Haddad,71 Fremantle Road,Fremantle,WA,6160,LOW,STUDENT,2026-01-15T00:00:00,Y
P001782,Fatima Rossi,176 West End Road,West End,QLD,4101,LOW,RETAIL,2026-01-15T00:00:00,N
P001783,Jai Nguyen,117 Surry Hills Road,Surry Hills,NSW,2010,HIGH,RETAIL,2026-01-15T00:00:00,Y
P001784,Dana Nguyen,229 Surry Hills Road,Surry Hills,NSW,2010,MEDIUM,RETAIL,2026-02-15T09:00:00,N
P001785,Fatima Kim,309 Newtown Road,Newtown,NSW,2042,LOW,SENIOR,2026-01-15T00:00:00,Y
P001786,Jai Silva,246 Fitzroy Road,Fitzroy,VIC,3065,HIGH,RETAIL,2026-01-15T00:00:00,N
P001787,Ines Rossi,254 Fortitude Valley Road,Fortitude Valley,QLD,4006,MEDIUM,STUDENT,2026-01-15T00:00:00,Y
P001788,Hiro Patel,188 Brunswick Road,Brunswick,VIC,3056,MEDIUM,STUDENT,2026-01-15T00:00:00,N
P001789,Ines Patel,164 Brunswick Road,Brunswick,VIC,3056,HIGH,RETAIL,2026-01-15T00:00:00,Y
P001790,Grace Muller,255 West End Road,West End,QLD,4101,LOW,STUDENT,2026-03-15T09:00:00,N
P001791,Dana Patel,244 Fremantle Road,Fremantle,WA,6160,LOW,RETAIL,2026-02-15T09:00:00,Y
P001792,Alice Rossi,358 Fitzroy Road,Fitzroy,VIC,3065,MEDIUM,SENIOR,2026-01-15T00:00:00,N
P001793,Hiro Nguyen,139 Newtown Road,Newtown,NSW,2042,MEDIUM,RETAIL,2026-01-15T00:00:00,Y
P001794,Alice Patel,313 Surry Hills Road,Surry Hills,NSW,2010,LOW,STUDENT,2026-01-15T00:00:00,N
P001795,Hiro Nguyen,240 Norwood Road,Norwood,SA,5067,LOW,PREMIUM,2026-01-15T09:00:00,Y
P001796,Alice Patel,17 Norwood Road,Norwood,SA,5067,MEDIUM,SENIOR,2026-01-15T00:00:00,N
P001797,Fatima Patel,386 Battery Point Road,Battery Point,TAS,7004,LOW,RETAIL,2026-01-15T00:00:00,Y
P001798,Grace Silva,242 Battery Point Road,Battery Point,TAS,7004,LOW,STUDENT,2026-01-15T09:00:00,N
P001799,Grace Patel,379 West End Road,West End,QLD,4101,HIGH,PREMIUM,2026-03-15T09:00:00,Y
P001800,Eitan Okafor,196 Norwood Road,Norwood,SA,5067,LOW,RETAIL,2026-01-15T00:00:00,N
P001801,Eitan Patel,230 Newtown Road,Newtown,NSW,2042,HIGH,RETAIL,2026-02-15T09:00:00,Y
P001802,Grace Nguyen,25 Fitzroy Road,Fitzroy,VIC,3065,MEDIUM,PREMIUM,2026-02-15T09:00:00,N
P001803,Jai Nguyen,64 Braddon Road,Braddon,ACT,2612,HIGH,RETAIL,2026-01-15T00:00:00,Y
P001804,Carlos Muller,237 Fortitude Valley Road,Fortitude Valley,QLD,4006,,RETAIL,2026-01-15T00:00:00,N
P001805,Fatima Muller,327 Newtown Road,Newtown,NSW,2042,LOW,RETAIL,2026-01-15T00:00:00,Y
P001806,Bao Patel,313 Battery Point Road,Battery Point,TAS,7004,LOW,RETAIL,2026-01-15T00:00:00,N
P001807,Eitan Patel,254 Fortitude Valley Road,Fortitude Valley,QLD,4006,HIGH,RETAIL,2026-01-15T00:00:00,Y
P001808,Alice Rossi,59 Battery Point Road,Battery Point,TAS,7004,LOW,PREMIUM,2026-01-15T00:00:00,N
P001809,Jai Kim,22 Subiaco Road,Subiaco,WA,6008,LOW,RETAIL,2026-01-15T00:00:00,Y
P001810,Eitan Patel,9 Nightcliff Road,Nightcliff,NT,0810,MEDIUM,RETAIL,2026-01-15T00:00:00,N
P001811,Jai Rossi,95 Norwood Road,Norwood,SA,5067,HIGH,RETAIL,2026-02-15T09:00:00,Y
P001812,Bao Rossi,105 Norwood Road,Norwood,SA,5067,MEDIUM,STUDENT,2026-01-15T00:00:00,N
P001813,Grace Smith,329 Braddon Road,Braddon,ACT,2612,MEDIUM,RETAIL,2026-01-15T00:00:00,Y
P001814,Jai Kim,172 West End Road,West End,QLD,4101,HIGH,RETAIL,2026-01-15T00:00:00,N
P001815,Jai Nguyen,362 Surry Hills Road,Surry Hills,NSW,2010,MEDIUM,SENIOR,2026-02-15T09:00:00,Y
P001816,Alice Smith,312 Battery Point Road,Battery Point,TAS,7004,MEDIUM,RETAIL,2026-01-15T00:00:00,N
P001817,Ines Kim,215 Braddon Road,Braddon,ACT,2612,HIGH,RETAIL,2026-02-15T09:00:00,Y
P001818,Carlos Silva,391 Nightcliff Road,Nightcliff,NT,0810,LOW,SENIOR,2026-01-15T00:00:00,N
P001819,Jai Haddad,163 Nightcliff Road,Nightcliff,NT,0810,HIGH,RETAIL,2026-03-15T09:00:00,Y
P001820,Bao Haddad,75 Surry Hills Road,Surry Hills,NSW,2010,HIGH,RETAIL,2026-01-15T09:00:00,N
P001821,Fatima Patel,367 Fitzroy Road,Fitzroy,VIC,3065,MEDIUM,SENIOR,2026-01-15T09:00:00,Y
P001822,Dana Kim,119 West End Road,West End,QLD,4101,HIGH,SENIOR,2026-01-15T00:00:00,N
P001823,Dana Muller,376 Nightcliff Road,Nightcliff,NT,0810,MEDIUM,RETAIL,2026-01-15T00:00:00,Y
P001824,Ines Haddad,78 Norwood Road,Norwood,SA,5067,HIGH,RETAIL,2026-02-15T09:00:00,N
P001825,Hiro Silva,118 Brunswick Road,Brunswick,VIC,3056,LOW,SENIOR,2026-01-15T00:00:00,Y
P001826,Grace Okafor,311 Brunswick Road,Brunswick,VIC,3056,MEDIUM,RETAIL,2026-01-15T00:00:00,N
P001827,Bao Silva,216 Surry Hills Road,Surry Hills,NSW,2010,LOW,RETAIL,2026-01-15T00:00:00,Y
P001828,Dana Okafor,338 Nightcliff Road,Nightcliff,NT,0810,,RETAIL,2026-01-15T09:00:00,N
P001829,Ines Muller,209 West End Road,West End,QLD,4101,LOW,STUDENT,2026-02-15T09:00:00,Y
P001830,Carlos Smith,68 Newtown Road,Newtown,NSW,2042,HIGH,SENIOR,2026-01-15T00:00:00,N
P001831,Fatima Okafor,206 Fremantle Road,Fremantle,WA,6160,LOW,PREMIUM,2026-01-15T00:00:00,Y
P001832,Fatima Kim,303 Surry Hills Road,Surry Hills,NSW,2010,LOW,SENIOR,2026-01-15T00:00:00,N
P001833,Bao Kim,365 Battery Point Road,Battery Point,TAS,7004,HIGH,RETAIL,2026-01-15T09:00:00,Y
P001834,Eitan Muller,359 Fremantle Road,Fremantle,WA,6160,LOW,PREMIUM,2026-01-15T00:00:00,N
P001835,Ines Smith,1 Norwood Road,Norwood,SA,5067,HIGH,RETAIL,2026-03-15T09:00:00,Y
P001836,Hiro Silva,165 Braddon Road,Braddon,ACT,2612,HIGH,PREMIUM,2026-01-15T00:00:00,N
P001837,Bao Rossi,342 Fremantle Road,Fremantle,WA,6160,LOW,RETAIL,2026-02-15T09:00:00,Y
P001838,Jai Haddad,126 Subiaco Road,Subiaco,WA,6008,MEDIUM,RETAIL,2026-02-15T09:00:00,N
P001839,Carlos Nguyen,377 Fitzroy Road,Fitzroy,VIC,3065,HIGH,RETAIL,2026-01-15T00:00:00,Y
P001840,Eitan Kim,51 Norwood Road,Norwood,SA,5067,LOW,RETAIL,2026-01-15T00:00:00,N
P001841,Hiro Muller,115 Fortitude Valley Road,Fortitude Valley,QLD,4006,MEDIUM,SENIOR,2026-01-15T00:00:00,Y
P001842,Jai Smith,119 Fortitude Valley Road,Fortitude Valley,QLD,4006,LOW,RETAIL,2026-01-15T00:00:00,N
P001843,Ines Okafor,15 Norwood Road,Norwood,SA,5067,LOW,SENIOR,2026-01-15T00:00:00,Y
P001844,Ines Rossi,336 Battery Point Road,Battery Point,TAS,7004,LOW,RETAIL,2026-02-15T09:00:00,N
P001845,Jai Silva,375 Fortitude Valley Road,Fortitude Valley,QLD,4006,LOW,STUDENT,2026-01-15T00:00:00,Y
P001846,Bao Smith,228 Fortitude Valley Road,Fortitude Valley,QLD,4006,MEDIUM,RETAIL,2026-01-15T00:00:00,N
P001847,Eitan Smith,182 Fitzroy Road,Fitzroy,VIC,3065,HIGH,STUDENT,2026-01-15T00:00:00,Y
P001848,Bao Kim,81 Nightcliff Road,Nightcliff,NT,0810,MEDIUM,RETAIL,2026-01-15T00:00:00,N
P001849,Ines Smith,274 Surry Hills Road,Surry Hills,NSW,2010,LOW,RETAIL,2026-03-15T09:00:00,Y
P001850,Ines Kim,98 Nightcliff Road,Nightcliff,NT,0810,HIGH,STUDENT,2026-01-15T00:00:00,N
P001851,Alice Nguyen,126 Braddon Road,Braddon,ACT,2612,MEDIUM,STUDENT,2026-01-15T00:00:00,Y
P001852,Dana Patel,366 Battery Point Road,Battery Point,TAS,7004,LOW,PREMIUM,2026-01-15T09:00:00,N
P001853,Carlos Rossi,326 Fortitude Valley Road,Fortitude Valley,QLD,4006,HIGH,STUDENT,2026-01-15T00:00:00,Y
P001854,Dana Nguyen,223 Nightcliff Road,Nightcliff,NT,0810,HIGH,PREMIUM,2026-01-15T00:00:00,N
P001855,Carlos Nguyen,95 Newtown Road,Newtown,NSW,2042,HIGH,RETAIL,2026-02-15T09:00:00,Y
P001856,Dana Kim,248 Battery Point Road,Battery Point,TAS,7004,LOW,STUDENT,2026-01-15T00:00:00,N
P001857,Eitan Muller,251 Brunswick Road,Brunswick,VIC,3056,MEDIUM,RETAIL,2026-01-15T00:00:00,Y
P001858,Hiro Patel,159 West End Road,West End,QLD,4101,MEDIUM,RETAIL,2026-03-15T09:00:00,N
P001859,Fatima Rossi,340 Subiaco Road,Subiaco,WA,6008,LOW,RETAIL,2026-01-15T00:00:00,Y
P001860,Bao Kim,357 West End Road,West End,QLD,4101,LOW,STUDENT,2026-01-15T00:00:00,N
P001861,Hiro Silva,352 Subiaco Road,Subiaco,WA,6008,MEDIUM,RETAIL,2026-01-15T00:00:00,Y
P001862,Grace Nguyen,288 Brunswick Road,Brunswick,VIC,3056,MEDIUM,PREMIUM,2026-01-15T00:00:00,N
P001863,Grace Muller,218 Fremantle Road,Fremantle,WA,6160,LOW,RETAIL,2026-01-15T00:00:00,Y
P001864,Dana Kim,326 Nightcliff Road,Nightcliff,NT,0810,MEDIUM,RETAIL,2026-01-15T00:00:00,N
P001865,Jai Okafor,275 Brunswick Road,Brunswick,VIC,3056,HIGH,RETAIL,2026-01-15T00:00:00,Y
P001866,Jai Kim,39 West End Road,West End,QLD,4101,LOW,SENIOR,2026-03-15T09:00:00,N
P001867,Grace Smith,142 Fortitude Valley Road,Fortitude Valley,QLD,4006,MEDIUM,STUDENT,2026-02-15T09:00:00,Y
P001868,Bao Nguyen,352 Surry Hills Road,Surry Hills,NSW,2010,HIGH,RETAIL,2026-02-15T09:00:00,N
P001869,Ines Silva,147 Fremantle Road,Fremantle,WA,6160,LOW,SENIOR,2026-02-15T09:00:00,Y
P001870,Grace Rossi,88 Subiaco Road,Subiaco,WA,6008,LOW,RETAIL,2026-03-15T09:00:00,N
P001871,Ines Smith,257 Newtown Road,Newtown,NSW,2042,MEDIUM,RETAIL,2026-01-15T00:00:00,Y
P001872,Eitan Nguyen,43 Fremantle Road,Fremantle,WA,6160,HIGH,RETAIL,2026-03-15T09:00:00,N
P001873,Bao Silva,279 West End Road,West End,QLD,4101,HIGH,STUDENT,2026-03-15T09:00:00,Y
P001874,Bao Smith,172 Surry Hills Road,Surry Hills,NSW,2010,HIGH,RETAIL,2026-01-15T09:00:00,N
P001875,Ines Okafor,49 Newtown Road,Newtown,NSW,2042,MEDIUM,RETAIL,2026-01-15T00:00:00,Y
P001876,Eitan Kim,6 Norwood Road,Norwood,SA,5067,LOW,RETAIL,2026-03-15T09:00:00,N
P001877,Dana Smith,297 Fortitude Valley Road,Fortitude Valley,QLD,4006,HIGH,RETAIL,2026-03-15T09:00:00,Y
P001878,Grace Smith,114 Fortitude Valley Road,Fortitude Valley,QLD,4006,HIGH,RETAIL,2026-01-15T00:00:00,N
P001879,Ines Haddad,126 Fortitude Valley Road,Fortitude Valley,QLD,4006,MEDIUM,PREMIUM,2026-01-15T00:00:00,Y
P001880,Ines Smith,232 West End Road,West End,QLD,4101,LOW,RETAIL,2026-01-15T00:00:00,N
P001881,Hiro Kim,204 Surry Hills Road,Surry Hills,NSW,2010,HIGH,RETAIL,2026-01-15T09:00:00,Y
P001882,Bao Smith,288 Fitzroy Road,Fitzroy,VIC,3065,MEDIUM,RETAIL,2026-01-15T00:00:00,N
P001883,Carlos Silva,316 Surry Hills Road,Surry Hills,NSW,2010,HIGH,PREMIUM,2026-01-15T00:00:00,Y
P001884,Dana Nguyen,393 Battery Point Road,Battery Point,TAS,7004,MEDIUM,RETAIL,2026-01-15T00:00:00,N
P001885,Carlos Nguyen,69 Newtown Road,Newtown,NSW,2042,HIGH,RETAIL,2026-01-15T09:00:00,Y
P001886,Eitan Rossi,387 Newtown Road,Newtown,NSW,2042,MEDIUM,RETAIL,2026-01-15T00:00:00,N
P001887,Dana Kim,237 West End Road,West End,QLD,4101,HIGH,RETAIL,2026-01-15T00:00:00,Y
P001888,Bao Smith,218 Nightcliff Road,Nightcliff,NT,0810,MEDIUM,RETAIL,2026-01-15T00:00:00,N
P001889,Carlos Haddad,384 Newtown Road,Newtown,NSW,2042,LOW,RETAIL,2026-01-15T00:00:00,Y
P001890,Alice Silva,254 Surry Hills Road,Surry Hills,NSW,2010,HIGH,RETAIL,2026-01-15T00:00:00,N
P001891,Ines Silva,205 Nightcliff Road,Nightcliff,NT,0810,,RETAIL,2026-01-15T00:00:00,Y
P001892,Eitan Haddad,166 Fortitude Valley Road,Fortitude Valley,QLD,4006,MEDIUM,RETAIL,2026-01-15T00:00:00,N
P001893,Carlos Patel,52 Fitzroy Road,Fitzroy,VIC,3065,HIGH,SENIOR,2026-03-15T09:00:00,Y
P001894,Ines Patel,202 Braddon Road,Braddon,ACT,2612,MEDIUM,SENIOR,2026-03-15T09:00:00,N
P001895,Carlos Okafor,21 Braddon Road,Braddon,ACT,2612,MEDIUM,RETAIL,2026-02-15T09:00:00,Y
P001896,Carlos Okafor,241 Fremantle Road,Fremantle,WA,6160,LOW,RETAIL,2026-01-15T00:00:00,N
P001897,Dana Smith,276 Brunswick Road,Brunswick,VIC,3056,LOW,RETAIL,2026-01-15T00:00:00,Y
P001898,Jai Okafor,35 Subiaco Road,Subiaco,WA,6008,HIGH,STUDENT,2026-01-15T00:00:00,N
P001899,Alice Rossi,141 West End Road,West End,QLD,4101,MEDIUM,RETAIL,2026-01-15T00:00:00,Y
P001900,Fatima Silva,131 Fortitude Valley Road,Fortitude Valley,QLD,4006,HIGH,PREMIUM,2026-01-15T00:00:00,N
P001901,Jai Okafor,53 Surry Hills Road,Surry Hills,NSW,2010,MEDIUM,RETAIL,2026-01-15T00:00:00,Y
P001902,Bao Okafor,360 Brunswick Road,Brunswick,VIC,3056,MEDIUM,RETAIL,2026-02-15T09:00:00,N
P001903,Jai Patel,378 Battery Point Road,Battery Point,TAS,7004,HIGH,SENIOR,2026-01-15T00:00:00,Y
P001904,Carlos Nguyen,119 Brunswick Road,Brunswick,VIC,3056,LOW,SENIOR,2026-01-15T00:00:00,N
P001905,Carlos Okafor,197 Fortitude Valley Road,Fortitude Valley,QLD,4006,LOW,RETAIL,2026-01-15T09:00:00,Y
P001906,Carlos Haddad,226 Newtown Road,Newtown,NSW,2042,MEDIUM,RETAIL,2026-01-15T00:00:00,N
P001907,Bao Rossi,287 Norwood Road,Norwood,SA,5067,MEDIUM,PREMIUM,2026-01-15T00:00:00,Y
P001908,Eitan Haddad,163 West End Road,West End,QLD,4101,HIGH,STUDENT,2026-01-15T00:00:00,N
P001909,Eitan Okafor,224 Fitzroy Road,Fitzroy,VIC,3065,MEDIUM,PREMIUM,2026-01-15T00:00:00,Y
P001910,Bao Haddad,223 Fortitude Valley Road,Fortitude Valley,QLD,4006,LOW,RETAIL,2026-01-15T00:00:00,N
P001911,Hiro Kim,375 Braddon Road,Braddon,ACT,2612,HIGH,RETAIL,2026-02-15T09:00:00,Y
P001912,Grace Kim,92 Brunswick Road,Brunswick,VIC,3056,LOW,RETAIL,2026-01-15T00:00:00,N
P001913,Ines Rossi,3 West End Road,West End,QLD,4101,MEDIUM,RETAIL,2026-01-15T00:00:00,Y
P001914,Eitan Haddad,7 West End Road,West End,QLD,4101,LOW,PREMIUM,2026-01-15T00:00:00,N
P001915,Hiro Silva,23 Braddon Road,Braddon,ACT,2612,HIGH,RETAIL,2026-01-15T00:00:00,Y
P001916,Alice Nguyen,355 Subiaco Road,Subiaco,WA,6008,HIGH,PREMIUM,2026-01-15T09:00:00,N
P001917,Carlos Muller,384 Subiaco Road,Subiaco,WA,6008,HIGH,STUDENT,2026-01-15T00:00:00,Y
P001918,Fatima Nguyen,314 Newtown Road,Newtown,NSW,2042,LOW,PREMIUM,2026-01-15T00:00:00,N
P001919,Carlos Smith,215 Fitzroy Road,Fitzroy,VIC,3065,LOW,RETAIL,2026-01-15T00:00:00,Y
P001920,Alice Kim,50 Braddon Road,Braddon,ACT,2612,MEDIUM,SENIOR,2026-01-15T00:00:00,N
P001921,Jai Nguyen,171 Brunswick Road,Brunswick,VIC,3056,MEDIUM,STUDENT,2026-01-15T00:00:00,Y
P001922,Jai Kim,33 Battery Point Road,Battery Point,TAS,7004,,PREMIUM,2026-03-15T09:00:00,N
P001923,Alice Smith,99 Fremantle Road,Fremantle,WA,6160,HIGH,RETAIL,2026-01-15T00:00:00,Y
P001924,Bao Okafor,337 Braddon Road,Braddon,ACT,2612,HIGH,RETAIL,2026-03-15T09:00:00,N
P001925,Grace Okafor,326 Norwood Road,Norwood,SA,5067,LOW,RETAIL,2026-01-15T00:00:00,Y
P001926,Fatima Smith,281 Fortitude Valley Road,Fortitude Valley,QLD,4006,HIGH,RETAIL,2026-02-15T09:00:00,N
P001927,Bao Smith,47 Subiaco Road,Subiaco,WA,6008,LOW,RETAIL,2026-01-15T00:00:00,Y
P001928,Alice Okafor,6 Battery Point Road,Battery Point,TAS,7004,MEDIUM,RETAIL,2026-01-15T00:00:00,N
P001929,Dana Patel,349 Nightcliff Road,Nightcliff,NT,0810,LOW,PREMIUM,2026-01-15T00:00:00,Y
P001930,Carlos Patel,353 Newtown Road,Newtown,NSW,2042,MEDIUM,RETAIL,2026-01-15T09:00:00,N
P001931,Jai Kim,212 Fitzroy Road,Fitzroy,VIC,3065,LOW,RETAIL,2026-01-15T00:00:00,Y
P001932,Carlos Patel,133 Brunswick Road,Brunswick,VIC,3056,MEDIUM,RETAIL,2026-01-15T00:00:00,N
P001933,Jai Kim,179 West End Road,West End,QLD,4101,HIGH,RETAIL,2026-01-15T00:00:00,Y
P001934,Carlos Nguyen,300 Braddon Road,Braddon,ACT,2612,HIGH,RETAIL,2026-01-15T00:00:00,N
P001935,Grace Kim,331 Nightcliff Road,Nightcliff,NT,0810,MEDIUM,RETAIL,2026-01-15T00:00:00,Y
P001936,Ines Haddad,383 Braddon Road,Braddon,ACT,2612,LOW,RETAIL,2026-01-15T09:00:00,N
P001937,Eitan Rossi,240 Brunswick Road,Brunswick,VIC,3056,LOW,RETAIL,2026-01-15T00:00:00,Y
P001938,Carlos Muller,302 Surry Hills Road,Surry Hills,NSW,2010,MEDIUM,RETAIL,2026-01-15T09:00:00,N
P001939,Jai Nguyen,144 West End Road,West End,QLD,4101,HIGH,RETAIL,2026-01-15T09:00:00,Y
P001940,Carlos Silva,244 Newtown Road,Newtown,NSW,2042,HIGH,SENIOR,2026-01-15T00:00:00,N
P001941,Fatima Patel,84 Fitzroy Road,Fitzroy,VIC,3065,LOW,STUDENT,2026-01-15T00:00:00,Y
P001942,Jai Muller,304 Subiaco Road,Subiaco,WA,6008,MEDIUM,PREMIUM,2026-01-15T00:00:00,N
P001943,Dana Patel,371 Subiaco Road,Subiaco,WA,6008,MEDIUM,RETAIL,2026-01-15T00:00:00,Y
P001944,Eitan Nguyen,120 Fremantle Road,Fremantle,WA,6160,HIGH,RETAIL,2026-01-15T00:00:00,N
P001945,Eitan Silva,304 Fremantle Road,Fremantle,WA,6160,,RETAIL,2026-01-15T00:00:00,Y
P001946,Jai Haddad,102 Fortitude Valley Road,Fortitude Valley,QLD,4006,HIGH,STUDENT,2026-01-15T00:00:00,N
P001947,Fatima Nguyen,75 Fremantle Road,Fremantle,WA,6160,LOW,STUDENT,2026-03-15T09:00:00,Y
P001948,Grace Okafor,210 Surry Hills Road,Surry Hills,NSW,2010,,RETAIL,2026-02-15T09:00:00,N
P001949,Eitan Patel,42 Fitzroy Road,Fitzroy,VIC,3065,LOW,RETAIL,2026-01-15T00:00:00,Y
P001950,Dana Okafor,160 Fitzroy Road,Fitzroy,VIC,3065,MEDIUM,RETAIL,2026-03-15T09:00:00,N
P001951,Fatima Smith,377 Battery Point Road,Battery Point,TAS,7004,MEDIUM,PREMIUM,2026-03-15T09:00:00,Y
P001952,Grace Muller,362 Subiaco Road,Subiaco,WA,6008,LOW,RETAIL,2026-01-15T00:00:00,N
P001953,Carlos Silva,396 West End Road,West End,QLD,4101,MEDIUM,STUDENT,2026-01-15T00:00:00,Y
P001954,Grace Silva,274 Nightcliff Road,Nightcliff,NT,0810,MEDIUM,PREMIUM,2026-01-15T00:00:00,N
P001955,Alice Rossi,312 Battery Point Road,Battery Point,TAS,7004,LOW,RETAIL,2026-01-15T00:00:00,Y
P001956,Ines Nguyen,313 West End Road,West End,QLD,4101,MEDIUM,SENIOR,2026-01-15T00:00:00,N
P001957,Dana Okafor,30 Newtown Road,Newtown,NSW,2042,LOW,RETAIL,2026-01-15T09:00:00,Y
P001958,Fatima Silva,335 Surry Hills Road,Surry Hills,NSW,2010,LOW,RETAIL,2026-01-15T00:00:00,N
P001959,Hiro Nguyen,376 Braddon Road,Braddon,ACT,2612,MEDIUM,RETAIL,2026-02-15T09:00:00,Y
P001960,Ines Smith,239 Fremantle Road,Fremantle,WA,6160,MEDIUM,PREMIUM,2026-01-15T00:00:00,N
P001961,Grace Nguyen,83 Surry Hills Road,Surry Hills,NSW,2010,HIGH,RETAIL,2026-01-15T00:00:00,Y
P001962,Hiro Nguyen,249 Braddon Road,Braddon,ACT,2612,HIGH,RETAIL,2026-01-15T00:00:00,N
P001963,Eitan Silva,133 Newtown Road,Newtown,NSW,2042,LOW,PREMIUM,2026-01-15T00:00:00,Y
P001964,Ines Kim,144 Norwood Road,Norwood,SA,5067,MEDIUM,STUDENT,2026-02-15T09:00:00,N
P001965,Bao Okafor,218 West End Road,West End,QLD,4101,MEDIUM,STUDENT,2026-01-15T00:00:00,Y
P001966,Carlos Nguyen,361 Norwood Road,Norwood,SA,5067,HIGH,RETAIL,2026-03-15T09:00:00,N
P001967,Ines Muller,223 Brunswick Road,Brunswick,VIC,3056,MEDIUM,RETAIL,2026-01-15T00:00:00,Y
P001968,Hiro Kim,26 Subiaco Road,Subiaco,WA,6008,HIGH,RETAIL,2026-01-15T00:00:00,N
P001969,Fatima Patel,393 Fremantle Road,Fremantle,WA,6160,HIGH,RETAIL,2026-01-15T00:00:00,Y
P001970,Fatima Silva,9 Fortitude Valley Road,Fortitude Valley,QLD,4006,MEDIUM,PREMIUM,2026-01-15T00:00:00,N
P001971,Bao Kim,375 Battery Point Road,Battery Point,TAS,7004,,PREMIUM,2026-01-15T00:00:00,Y
P001972,Carlos Smith,101 Subiaco Road,Subiaco,WA,6008,HIGH,RETAIL,2026-03-15T09:00:00,N
P001973,Grace Patel,177 Subiaco Road,Subiaco,WA,6008,HIGH,PREMIUM,2026-01-15T00:00:00,Y
P001974,Ines Muller,21 Nightcliff Road,Nightcliff,NT,0810,MEDIUM,RETAIL,2026-01-15T00:00:00,N
P001975,Bao Silva,308 Norwood Road,Norwood,SA,5067,LOW,RETAIL,2026-01-15T09:00:00,Y
P001976,Eitan Silva,206 Braddon Road,Braddon,ACT,2612,,SENIOR,2026-01-15T00:00:00,N
P001977,Bao Silva,246 Surry Hills Road,Surry Hills,NSW,2010,HIGH,RETAIL,2026-02-15T09:00:00,Y
P001978,Jai Haddad,118 Nightcliff Road,Nightcliff,NT,0810,LOW,PREMIUM,2026-01-15T09:00:00,N
P001979,Fatima Muller,232 Newtown Road,Newtown,NSW,2042,MEDIUM,RETAIL,2026-03-15T09:00:00,Y
P001980,Carlos Patel,257 Nightcliff Road,Nightcliff,NT,0810,HIGH,RETAIL,2026-01-15T00:00:00,N
P001981,Eitan Patel,3 Fitzroy Road,Fitzroy,VIC,3065,LOW,STUDENT,2026-01-15T00:00:00,Y
P001982,Carlos Patel,313 Brunswick Road,Brunswick,VIC,3056,HIGH,RETAIL,2026-03-15T09:00:00,N
P001983,Dana Nguyen,364 Brunswick Road,Brunswick,VIC,3056,LOW,PREMIUM,2026-01-15T00:00:00,Y
P001984,Jai Muller,97 Fortitude Valley Road,Fortitude Valley,QLD,4006,HIGH,RETAIL,2026-03-15T09:00:00,N
P001985,Hiro Haddad,7 Fremantle Road,Fremantle,WA,6160,MEDIUM,RETAIL,2026-01-15T00:00:00,Y
P001986,Carlos Muller,381 Subiaco Road,Subiaco,WA,6008,HIGH,PREMIUM,2026-01-15T00:00:00,N
P001987,Grace Patel,110 Newtown Road,Newtown,NSW,2042,,STUDENT,2026-03-15T09:00:00,Y
P001988,Hiro Haddad,177 Surry Hills Road,Surry Hills,NSW,2010,HIGH,SENIOR,2026-01-15T00:00:00,N
P001989,Eitan Patel,385 West End Road,West End,QLD,4101,HIGH,RETAIL,2026-01-15T00:00:00,Y
P001990,Jai Okafor,304 Newtown Road,Newtown,NSW,2042,MEDIUM,RETAIL,2026-03-15T09:00:00,N
P001991,Eitan Haddad,183 West End Road,West End,QLD,4101,LOW,RETAIL,2026-03-15T09:00:00,Y
P001992,Carlos Silva,311 Norwood Road,Norwood,SA,5067,LOW,RETAIL,2026-01-15T00:00:00,N
P001993,Dana Smith,293 Brunswick Road,Brunswick,VIC,3056,LOW,STUDENT,2026-01-15T00:00:00,Y
P001994,Grace Haddad,210 Nightcliff Road,Nightcliff,NT,0810,LOW,RETAIL,2026-01-15T00:00:00,N
P001995,Eitan Kim,395 Battery Point Road,Battery Point,TAS,7004,LOW,PREMIUM,2026-01-15T00:00:00,Y
P001996,Fatima Haddad,275 Braddon Road,Braddon,ACT,2612,LOW,STUDENT,2026-01-15T00:00:00,N
P001997,Hiro Patel,110 Newtown Road,Newtown,NSW,2042,LOW,RETAIL,2026-03-15T09:00:00,Y
P001998,Ines Kim,391 Newtown Road,Newtown,NSW,2042,LOW,PREMIUM,2026-01-15T00:00:00,N
P001999,Grace Silva,21 Subiaco Road,Subiaco,WA,6008,HIGH,RETAIL,2026-03-15T09:00:00,Y
P000007,Jai Rossi,305 Fremantle Street,Fremantle,WA,6160,HIGH,RETAIL,2026-03-15T11:15:00,Y
P000011,Ines Rossi,351 Fortitude Valley Road,Fortitude Valley,QLD,4006,LOW,STUDENT,2026-01-29T08:00:00,Y
P000198,Fatima Smith,391 Norwood Road,Norwood,SA,5067,LOW,STUDENT,2026-01-15T00:00:00,N
P000782,Eitan Muller,191 Fremantle Road,Fremantle,WA,6160,LOW,RETAIL,2026-01-15T00:00:00,N
P000986,Carlos Nguyen,89 Nightcliff Road,Nightcliff,NT,0810,MEDIUM,STUDENT,2026-01-15T00:00:00,N
P001256,Eitan Haddad,331 Nightcliff Road,Nightcliff,NT,0810,HIGH,RETAIL,2026-01-15T00:00:00,N
P001448,Jai Muller,61 Nightcliff Road,Nightcliff,NT,0810,MEDIUM,RETAIL,2026-01-15T09:00:00,N
P001456,Alice Kim,372 Braddon Road,Braddon,ACT,2612,LOW,PREMIUM,2026-01-15T00:00:00,N
P001596,Bao Kim,253 West End Road,West End,QLD,4101,HIGH,RETAIL,2026-01-15T09:00:00,N
P001767,Fatima Kim,170 Braddon Road,Braddon,ACT,2612,LOW,STUDENT,2026-01-15T09:00:00,Y
P001921,Jai Nguyen,171 Brunswick Road,Brunswick,VIC,3056,MEDIUM,STUDENT,2026-01-15T00:00:00,Y
