account_id,party_id,product_type,open_date,close_date,status,updated_at
A000000,P000000,SAVINGS,2020-04-10,2023-10-19,CLOSED,2026-01-15T00:00:00
A000001,P000001,TRANSACTION,2025-08-30,,OPEN,2026-01-15T00:00:00
A000002,P000001,TRANSACTION,2019-07-15,,OPEN,2026-01-15T00:00:00
A000003,P000002,HOME_LOAN,2025-08-30,,OPEN,2026-01-15T00:00:00
A000004,P000002,TERM_DEPOSIT,2018-08-01,,OPEN,2026-01-15T00:00:00
A000005,P000003,TRANSACTION,2024-02-09,,OPEN,2026-01-15T00:00:00
A000006,P000004,TRANSACTION,2020-08-15,,DORMANT,2026-01-15T00:00:00
A000007,P000004,TERM_DEPOSIT,2022-04-20,,OPEN,2026-01-15T00:00:00
A000008,P000005,TRANSACTION,2019-06-11,,OPEN,2026-01-15T00:00:00
A000009,P000006,SAVINGS,2023-03-17,,OPEN,2026-01-15T00:00:00
A000010,P000007,SAVINGS,2024-09-02,,OPEN,2026-01-15T00:00:00
A000011,P000007,CREDIT_CARD,2016-02-20,,DORMANT,2026-01-15T00:00:00
A000012,P000007,TRANSACTION,2020-09-25,,OPEN,2026-01-15T00:00:00
A000013,P000008,CREDIT_CARD,2018-04-09,,OPEN,2026-01-15T00:00:00
A000014,P000009,HOME_LOAN,2016-04-01,,OPEN,2026-01-15T00:00:00
A000015,P000009,CREDIT_CARD,2023-01-01,,DORMANT,2026-01-15T00:00:00
A000016,P000010,CREDIT_CARD,2019-02-10,,OPEN,2026-01-15T00:00:00
A000017,P000011,TRANSACTION,2020-07-11,,OPEN,2026-01-15T00:00:00
A000018,P000012,CREDIT_CARD,2016-08-18,,OPEN,2026-01-15T00:00:00
A000019,P000013,TRANSACTION,2017-11-18,,DORMANT,2026-01-15T00:00:00
A000020,P000013,SAVINGS,2020-12-25,,OPEN,2026-01-15T00:00:00
A000021,P000014,TRANSACTION,2022-12-22,2026-01-15,CLOSED,2026-01-15T09:00:00
A000022,P000015,CREDIT_CARD,2017-10-27,,OPEN,2026-01-15T00:00:00
A000023,P000015,TRANSACTION,2022-02-09,,OPEN,2026-01-15T00:00:00
A000024,P000016,SAVINGS,2022-12-14,,OPEN,2026-01-15T00:00:00
A000025,P000017,TRANSACTION,2017-12-19,,OPEN,2026-01-15T00:00:00
A000026,P000017,TRANSACTION,2023-01-02,,OPEN,2026-01-15T00:00:00
A000027,P000018,TRANSACTION,2020-11-13,,OPEN,2026-01-15T00:00:00
A000028,P000018,SAVINGS,2019-04-03,,OPEN,2026-01-15T00:00:00
A000029,P000019,SAVINGS,2025-08-17,,OPEN,2026-01-15T00:00:00
A000030,P000020,TRANSACTION,2022-08-27,,OPEN,2026-01-15T00:00:00
A000031,P000021,SAVINGS,2022-07-02,,OPEN,2026-01-15T00:00:00
A000032,P000021,TRANSACTION,2022-08-12,,OPEN,2026-01-15T00:00:00
A000033,P000022,TRANSACTION,2019-02-08,,OPEN,2026-01-15T00:00:00
A000034,P000022,TRANSACTION,2018-10-11,,OPEN,2026-01-15T00:00:00
A000035,P000023,SAVINGS,2024-04-03,,OPEN,2026-01-15T00:00:00
A000036,P000023,TRANSACTION,2017-10-31,,OPEN,2026-01-15T00:00:00
A000037,P000024,SAVINGS,2020-07-27,,OPEN,2026-01-15T00:00:00
A000038,P000024,TRANSACTION,2022-01-22,,OPEN,2026-01-15T00:00:00
A000039,P000025,SAVINGS,2020-01-19,,OPEN,2026-01-15T00:00:00
A000040,P000025,CREDIT_CARD,2020-06-23,,OPEN,2026-01-15T00:00:00
A000041,P000026,SAVINGS,2020-06-28,,DORMANT,2026-01-15T00:00:00
A000042,P000026,TRANSACTION,2025-03-11,,OPEN,2026-01-15T00:00:00
A000043,P000027,TRANSACTION,2022-10-19,,OPEN,2026-01-15T00:00:00
A000044,P000028,TRANSACTION,2023-09-17,,OPEN,2026-01-15T00:00:00
A000045,P000028,SAVINGS,2018-10-04,,DORMANT,2026-01-15T00:00:00
A000046,P000029,CREDIT_CARD,2017-02-19,,OPEN,2026-01-15T00:00:00
A000047,P000029,TERM_DEPOSIT,2017-08-09,,OPEN,2026-01-15T00:00:00
A000048,P000030,TRANSACTION,2024-10-23,2026-01-14,CLOSED,2026-01-15T00:00:00
A000049,P000030,TRANSACTION,2019-09-18,2024-08-15,CLOSED,2026-01-15T00:00:00
A000050,P000031,CREDIT_CARD,2016-12-20,,OPEN,2026-01-15T00:00:00
A000051,P000031,SAVINGS,2023-02-20,,OPEN,2026-01-15T00:00:00
A000052,P000032,TRANSACTION,2018-08-15,,DORMANT,2026-01-15T09:00:00
A000053,P000032,TRANSACTION,2017-11-15,,OPEN,2026-01-15T00:00:00
A000054,P000033,SAVINGS,2019-09-24,,OPEN,2026-01-15T00:00:00
A000055,P000034,CREDIT_CARD,2025-03-16,,DORMANT,2026-01-15T00:00:00
A000056,P000034,TRANSACTION,2022-07-10,,OPEN,2026-01-15T00:00:00
A000057,P000035,SAVINGS,2019-05-27,,OPEN,2026-01-15T00:00:00
A000058,P000036,TERM_DEPOSIT,2025-05-06,,OPEN,2026-01-15T00:00:00
A000059,P000037,TRANSACTION,2024-08-12,,OPEN,2026-01-15T00:00:00
A000060,P000037,SAVINGS,2024-10-18,,OPEN,2026-01-15T00:00:00
A000061,P000038,SAVINGS,2019-07-15,,OPEN,2026-01-15T00:00:00
A000062,P000039,TERM_DEPOSIT,2017-11-04,,DORMANT,2026-01-15T00:00:00
A000063,P000040,TRANSACTION,2016-11-18,,OPEN,2026-01-15T00:00:00
A000064,P000040,CREDIT_CARD,2025-11-29,,DORMANT,2026-01-15T09:00:00
A000065,P000041,TRANSACTION,2018-11-03,,OPEN,2026-01-15T00:00:00
A000066,P000042,SAVINGS,2018-09-06,,OPEN,2026-01-15T00:00:00
A000067,P000043,TRANSACTION,2022-10-31,,OPEN,2026-01-15T00:00:00
A000068,P000043,SAVINGS,2018-11-25,,OPEN,2026-01-15T00:00:00
A000069,P000044,TERM_DEPOSIT,2020-06-13,,OPEN,2026-01-15T00:00:00
A000070,P000044,TERM_DEPOSIT,2020-03-15,,OPEN,2026-01-15T00:00:00
A000071,P000044,TRANSACTION,2025-03-08,,OPEN,2026-01-15T00:00:00
A000072,P000045,TRANSACTION,2016-04-02,,OPEN,2026-01-15T00:00:00
A000073,P000045,SAVINGS,2019-11-17,,OPEN,2026-01-15T00:00:00
A000074,P000046,TRANSACTION,2023-04-27,,OPEN,2026-01-15T00:00:00
A000075,P000047,TRANSACTION,2019-12-21,,OPEN,2026-01-15T00:00:00
A000076,P000048,TERM_DEPOSIT,2023-07-24,,OPEN,2026-01-15T00:00:00
A000077,P000048,TRANSACTION,2024-03-01,,OPEN,2026-01-15T00:00:00
A000078,P000049,TRANSACTION,2024-02-24,,OPEN,2026-01-15T00:00:00
A000079,P000050,HOME_LOAN,2020-08-09,,OPEN,2026-01-15T00:00:00
A000080,P000051,CREDIT_CARD,2022-11-24,,OPEN,2026-01-15T00:00:00
A000081,P000051,TRANSACTION,2016-04-25,,OPEN,2026-01-15T00:00:00
A000082,P000052,TRANSACTION,2017-10-08,,OPEN,2026-01-15T00:00:00
A000083,P000053,TRANSACTION,2021-02-23,,OPEN,2026-01-15T00:00:00
A000084,P000053,CREDIT_CARD,2025-11-08,,OPEN,2026-01-15T00:00:00
A000085,P000054,HOME_LOAN,2021-12-14,,OPEN,2026-01-15T00:00:00
A000086,P000055,SAVINGS,2022-11-04,,OPEN,2026-01-15T00:00:00
A000087,P000056,TRANSACTION,2017-11-18,,OPEN,2026-01-15T00:00:00
A000088,P000056,CREDIT_CARD,2025-08-27,,OPEN,2026-01-15T00:00:00
A000089,P000057,TRANSACTION,2019-08-22,,OPEN,2026-01-15T00:00:00
A000090,P000057,CREDIT_CARD,2018-12-29,,OPEN,2026-01-15T00:00:00
A000091,P000058,TRANSACTION,2023-03-12,,OPEN,2026-01-15T00:00:00
A000092,P000058,CREDIT_CARD,2017-10-30,,OPEN,2026-01-15T00:00:00
A000093,P000059,TERM_DEPOSIT,2017-02-27,,OPEN,2026-01-15T00:00:00
A000094,P000059,SAVINGS,2017-12-30,,OPEN,2026-01-15T00:00:00
A000095,P000059,TRANSACTION,2019-02-11,,OPEN,2026-01-15T00:00:00
A000096,P000060,TRANSACTION,2022-01-28,,OPEN,2026-01-15T00:00:00
A000097,P000061,TERM_DEPOSIT,2024-09-03,,OPEN,2026-01-15T00:00:00
A000098,P000062,TRANSACTION,2017-03-23,,OPEN,2026-01-15T00:00:00
A000099,P000062,CREDIT_CARD,2016-02-13,,OPEN,2026-01-15T00:00:00
A000100,P000062,TRANSACTION,2023-09-04,,OPEN,2026-01-15T00:00:00
A000101,P000063,TRANSACTION,2019-10-16,,OPEN,2026-01-15T00:00:00
A000102,P000064,SAVINGS,2022-08-26,,OPEN,2026-01-15T00:00:00
A000103,P000065,CREDIT_CARD,2016-02-26,,OPEN,2026-01-15T00:00:00
A000104,P000066,TRANSACTION,2016-05-07,,OPEN,2026-01-15T00:00:00
A000105,P000066,CREDIT_CARD,2017-07-16,,DORMANT,2026-01-15T00:00:00
A000106,P000067,SAVINGS,2020-10-01,2026-01-15,CLOSED,2026-01-15T09:00:00
A000107,P000068,HOME_LOAN,2023-01-06,,OPEN,2026-01-15T00:00:00
A000108,P000069,TRANSACTION,2024-07-31,2026-01-15,CLOSED,2026-01-15T09:00:00
A000109,P000069,TRANSACTION,2016-11-17,,OPEN,2026-01-15T00:00:00
A000110,P000070,SAVINGS,2020-03-04,,OPEN,2026-01-15T00:00:00
A000111,P000071,HOME_LOAN,2020-04-06,,DORMANT,2026-01-15T00:00:00
A000112,P000071,TRANSACTION,2019-11-17,,OPEN,2026-01-15T00:00:00
A000113,P000072,SAVINGS,2017-09-06,,OPEN,2026-01-15T00:00:00
A000114,P000072,TRANSACTION,2019-08-29,,OPEN,2026-01-15T00:00:00
A000115,P000073,CREDIT_CARD,2016-06-05,,DORMANT,2026-01-15T00:00:00
A000116,P000074,SAVINGS,2018-08-17,2023-01-02,CLOSED,2026-01-15T00:00:00
A000117,P000074,TRANSACTION,2018-04-01,,OPEN,2026-01-15T00:00:00
A000118,P000075,SAVINGS,2017-08-19,,OPEN,2026-01-15T00:00:00
A000119,P000076,TRANSACTION,2019-06-20,,DORMANT,2026-01-15T09:00:00
A000120,P000077,SAVINGS,2016-09-20,,DORMANT,2026-01-15T09:00:00
A000121,P000078,TRANSACTION,2022-08-16,,OPEN,2026-01-15T00:00:00
A000122,P000078,CREDIT_CARD,2025-09-15,,OPEN,2026-01-15T00:00:00
A000123,P000078,TRANSACTION,2024-03-25,,OPEN,2026-01-15T00:00:00
A000124,P000079,SAVINGS,2022-04-04,,OPEN,2026-01-15T00:00:00
A000125,P000080,TRANSACTION,2016-09-15,,OPEN,2026-01-15T00:00:00
A000126,P000080,TRANSACTION,2016-01-18,,OPEN,2026-01-15T00:00:00
A000127,P000081,TRANSACTION,2024-04-03,,OPEN,2026-01-15T00:00:00
A000128,P000081,TRANSACTION,2025-08-16,,OPEN,2026-01-15T00:00:00
A000129,P000082,TRANSACTION,2024-06-28,,DORMANT,2026-01-15T09:00:00
A000130,P000082,HOME_LOAN,2022-03-31,,DORMANT,2026-01-15T00:00:00
A000131,P000082,TERM_DEPOSIT,2018-07-16,,OPEN,2026-01-15T00:00:00
A000132,P000083,TRANSACTION,2022-11-17,,OPEN,2026-01-15T00:00:00
A000133,P000084,CREDIT_CARD,2025-08-12,,OPEN,2026-01-15T00:00:00
A000134,P000084,TERM_DEPOSIT,2020-12-27,,OPEN,2026-01-15T00:00:00
A000135,P000084,TERM_DEPOSIT,2025-08-19,,OPEN,2026-01-15T00:00:00
A000136,P000085,CREDIT_CARD,2021-08-26,,OPEN,2026-01-15T00:00:00
A000137,P000085,TRANSACTION,2023-09-10,,OPEN,2026-01-15T00:00:00
A000138,P000086,CREDIT_CARD,2024-11-16,2026-01-14,CLOSED,2026-01-15T00:00:00
A000139,P000087,CREDIT_CARD,2024-07-21,,OPEN,2026-01-15T00:00:00
A000140,P000087,TRANSACTION,2020-06-07,,OPEN,2026-01-15T00:00:00
A000141,P000087,TRANSACTION,2022-05-14,,OPEN,2026-01-15T00:00:00
A000142,P000088,TRANSACTION,2020-03-26,,OPEN,2026-01-15T00:00:00
A000143,P000089,TRANSACTION,2020-10-17,,OPEN,2026-01-15T00:00:00
A000144,P000090,TRANSACTION,2016-04-20,,OPEN,2026-01-15T00:00:00
A000145,P000091,TRANSACTION,2025-03-09,2026-01-15,CLOSED,2026-01-15T09:00:00
A000146,P000092,TRANSACTION,2018-01-20,,OPEN,2026-01-15T00:00:00
A000147,P000092,SAVINGS,2021-07-19,,DORMANT,2026-01-15T09:00:00
A000148,P000093,HOME_LOAN,2017-09-26,,OPEN,2026-01-15T00:00:00
A000149,P000094,TRANSACTION,2023-02-16,,OPEN,2026-01-15T00:00:00
A000150,P000095,SAVINGS,2024-05-06,,OPEN,2026-01-15T00:00:00
A000151,P000096,TRANSACTION,2016-12-02,,OPEN,2026-01-15T00:00:00
A000152,P000096,CREDIT_CARD,2022-08-19,,OPEN,2026-01-15T00:00:00
A000153,P000097,TRANSACTION,2023-12-26,,OPEN,2026-01-15T00:00:00
A000154,P000098,TRANSACTION,2016-11-03,,OPEN,2026-01-15T00:00:00
A000155,P000099,CREDIT_CARD,2024-09-09,,OPEN,2026-01-15T00:00:00
A000156,P000100,TRANSACTION,2021-05-23,,OPEN,2026-01-15T00:00:00
A000157,P000101,TRANSACTION,2022-04-26,,OPEN,2026-01-15T00:00:00
A000158,P000101,TRANSACTION,2025-08-07,,DORMANT,2026-01-15T00:00:00
A000159,P000101,TRANSACTION,2016-02-21,,OPEN,2026-01-15T00:00:00
A000160,P000102,SAVINGS,2017-05-14,,OPEN,2026-01-15T00:00:00
A000161,P000103,TRANSACTION,2025-10-01,,OPEN,2026-01-15T00:00:00
A000162,P000104,TRANSACTION,2025-03-05,,OPEN,2026-01-15T00:00:00
A000163,P000105,HOME_LOAN,2016-04-26,,DORMANT,2026-01-15T00:00:00
A000164,P000106,CREDIT_CARD,2016-11-03,,OPEN,2026-01-15T00:00:00
A000165,P000107,SAVINGS,2023-01-14,,OPEN,2026-01-15T00:00:00
A000166,P000108,TRANSACTION,2019-01-14,,OPEN,2026-01-15T00:00:00
A000167,P000108,TRANSACTION,2020-05-23,,OPEN,2026-01-15T00:00:00
A000168,P000109,TRANSACTION,2023-06-17,,OPEN,2026-01-15T00:00:00
A000169,P000109,CREDIT_CARD,2024-04-26,,OPEN,2026-01-15T00:00:00
A000170,P000110,TRANSACTION,2021-05-22,,OPEN,2026-01-15T00:00:00
A000171,P000111,TRANSACTION,2023-02-09,,OPEN,2026-01-15T00:00:00
A000172,P000111,SAVINGS,2022-03-26,,OPEN,2026-01-15T00:00:00
A000173,P000112,SAVINGS,2020-02-14,,DORMANT,2026-01-15T09:00:00
A000174,P000113,CREDIT_CARD,2024-06-10,,OPEN,2026-01-15T00:00:00
A000175,P000113,TRANSACTION,2024-04-16,,OPEN,2026-01-15T00:00:00
A000176,P000113,TERM_DEPOSIT,2025-07-14,,OPEN,2026-01-15T00:00:00
A000177,P000114,SAVINGS,2017-01-04,,OPEN,2026-01-15T00:00:00
A000178,P000114,TRANSACTION,2024-04-25,,OPEN,2026-01-15T00:00:00
A000179,P000115,TRANSACTION,2021-06-20,,OPEN,2026-01-15T00:00:00
A000180,P000115,SAVINGS,2020-06-29,,DORMANT,2026-01-15T00:00:00
A000181,P000116,CREDIT_CARD,2019-06-12,,OPEN,2026-01-15T00:00:00
A000182,P000117,SAVINGS,2022-12-21,,OPEN,2026-01-15T00:00:00
A000183,P000117,TRANSACTION,2022-10-14,,OPEN,2026-01-15T00:00:00
A000184,P000117,SAVINGS,2022-02-19,,OPEN,2026-01-15T00:00:00
A000185,P000118,TRANSACTION,2016-11-13,,DORMANT,2026-01-15T00:00:00
A000186,P000118,CREDIT_CARD,2020-10-19,,OPEN,2026-01-15T00:00:00
A000187,P000118,SAVINGS,2022-01-29,,OPEN,2026-01-15T00:00:00
A000188,P000119,CREDIT_CARD,2021-02-18,,OPEN,2026-01-15T00:00:00
A000189,P000120,TRANSACTION,2023-05-16,2026-01-14,CLOSED,2026-01-15T00:00:00
A000190,P000120,TRANSACTION,2019-09-30,,OPEN,2026-01-15T00:00:00
A000191,P000120,TRANSACTION,2022-01-08,,OPEN,2026-01-15T00:00:00
A000192,P000121,HOME_LOAN,2024-12-27,2026-01-14,CLOSED,2026-01-15T00:00:00
A000193,P000122,CREDIT_CARD,2020-03-10,,OPEN,2026-01-15T00:00:00
A000194,P000123,TRANSACTION,2025-09-24,,OPEN,2026-01-15T00:00:00
A000195,P000123,CREDIT_CARD,2020-01-10,,OPEN,2026-01-15T00:00:00
A000196,P000124,CREDIT_CARD,2020-01-12,,OPEN,2026-01-15T00:00:00
A000197,P000125,SAVINGS,2018-02-20,,DORMANT,2026-01-15T00:00:00
A000198,P000126,TRANSACTION,2024-10-17,,OPEN,2026-01-15T00:00:00
A000199,P000127,CREDIT_CARD,2023-05-20,,DORMANT,2026-01-15T00:00:00
A000200,P000127,CREDIT_CARD,2024-03-19,,OPEN,2026-01-15T00:00:00
A000201,P000128,TRANSACTION,2023-08-26,,OPEN,2026-01-15T00:00:00
A000202,P000128,HOME_LOAN,2021-06-04,,OPEN,2026-01-15T00:00:00
A000203,P000128,TERM_DEPOSIT,2021-03-12,,DORMANT,2026-01-15T00:00:00
A000204,P000129,TRANSACTION,2022-07-22,,OPEN,2026-01-15T00:00:00
A000205,P000130,SAVINGS,2022-06-04,,OPEN,2026-01-15T00:00:00
A000206,P000131,SAVINGS,2025-03-03,,OPEN,2026-01-15T00:00:00
A000207,P000131,TRANSACTION,2024-04-22,,OPEN,2026-01-15T00:00:00
A000208,P000132,HOME_LOAN,2023-03-14,,OPEN,2026-01-15T00:00:00
A000209,P000133,TRANSACTION,2019-04-15,,OPEN,2026-01-15T00:00:00
A000210,P000134,TRANSACTION,2022-10-27,,OPEN,2026-01-15T00:00:00
A000211,P000134,TRANSACTION,2017-10-11,,OPEN,2026-01-15T00:00:00
A000212,P000135,TRANSACTION,2020-12-11,,OPEN,2026-01-15T00:00:00
A000213,P000135,TRANSACTION,2022-03-31,,OPEN,2026-01-15T00:00:00
A000214,P000135,TRANSACTION,2022-06-06,,DORMANT,2026-01-15T09:00:00
A000215,P000136,SAVINGS,2023-04-25,,OPEN,2026-01-15T00:00:00
A000216,P000136,TRANSACTION,2024-07-08,,OPEN,2026-01-15T00:00:00
A000217,P000137,TRANSACTION,2016-01-18,2021-04-25,CLOSED,2026-01-15T00:00:00
A000218,P000137,CREDIT_CARD,2016-02-08,,OPEN,2026-01-15T00:00:00
A000219,P000138,TRANSACTION,2023-01-20,,OPEN,2026-01-15T00:00:00
A000220,P000138,SAVINGS,2019-05-11,,OPEN,2026-01-15T00:00:00
A000221,P000138,CREDIT_CARD,2016-03-18,,OPEN,2026-01-15T00:00:00
A000222,P000139,TRANSACTION,2024-10-05,,OPEN,2026-01-15T00:00:00
A000223,P000139,CREDIT_CARD,2019-03-15,,DORMANT,2026-01-15T00:00:00
A000224,P000140,CREDIT_CARD,2020-05-16,,OPEN,2026-01-15T00:00:00
A000225,P000141,TRANSACTION,2018-10-06,,OPEN,2026-01-15T00:00:00
A000226,P000141,CREDIT_CARD,2016-06-21,,OPEN,2026-01-15T00:00:00
A000227,P000141,TRANSACTION,2023-02-05,,OPEN,2026-01-15T00:00:00
A000228,P000142,SAVINGS,2023-02-06,2023-09-24,CLOSED,2026-01-15T00:00:00
A000229,P000143,CREDIT_CARD,2020-06-22,,OPEN,2026-01-15T00:00:00
A000230,P000144,SAVINGS,2018-06-15,,OPEN,2026-01-15T00:00:00
A000231,P000145,CREDIT_CARD,2020-06-12,,OPEN,2026-01-15T00:00:00
A000232,P000145,CREDIT_CARD,2021-09-14,,OPEN,2026-01-15T00:00:00
A000233,P000145,CREDIT_CARD,2018-06-07,,OPEN,2026-01-15T00:00:00
A000234,P000146,SAVINGS,2017-01-07,,OPEN,2026-01-15T00:00:00
A000235,P000146,TRANSACTION,2024-11-08,,OPEN,2026-01-15T00:00:00
A000236,P000147,TRANSACTION,2018-05-17,,OPEN,2026-01-15T00:00:00
A000237,P000147,SAVINGS,2016-10-10,,OPEN,2026-01-15T00:00:00
A000238,P000148,TRANSACTION,2017-01-29,,DORMANT,2026-01-15T09:00:00
A000239,P000148,SAVINGS,2016-03-27,,OPEN,2026-01-15T00:00:00
A000240,P000149,CREDIT_CARD,2018-11-16,,OPEN,2026-01-15T00:00:00
A000241,P000149,TRANSACTION,2025-08-18,,OPEN,2026-01-15T00:00:00
A000242,P000149,TRANSACTION,2018-11-06,,DORMANT,2026-01-15T09:00:00
A000243,P000150,TERM_DEPOSIT,2016-12-04,,OPEN,2026-01-15T00:00:00
A000244,P000151,TERM_DEPOSIT,2021-11-24,,OPEN,2026-01-15T00:00:00
A000245,P000152,HOME_LOAN,2023-02-17,,OPEN,2026-01-15T00:00:00
A000246,P000153,TRANSACTION,2018-01-29,2019-09-19,CLOSED,2026-01-15T00:00:00
A000247,P000153,CREDIT_CARD,2024-02-13,,OPEN,2026-01-15T00:00:00
A000248,P000154,SAVINGS,2022-04-23,,OPEN,2026-01-15T00:00:00
A000249,P000154,CREDIT_CARD,2017-02-28,,OPEN,2026-01-15T00:00:00
A000250,P000155,CREDIT_CARD,2022-03-05,,OPEN,2026-01-15T00:00:00
A000251,P000155,SAVINGS,2016-11-21,,OPEN,2026-01-15T00:00:00
A000252,P000156,CREDIT_CARD,2024-10-13,,DORMANT,2026-01-15T00:00:00
A000253,P000157,TRANSACTION,2018-12-12,,OPEN,2026-01-15T00:00:00
A000254,P000158,TRANSACTION,2022-12-13,,DORMANT,2026-01-15T00:00:00
A000255,P000159,TRANSACTION,2021-01-03,,DORMANT,2026-01-15T00:00:00
A000256,P000160,HOME_LOAN,2022-04-19,,OPEN,2026-01-15T00:00:00
A000257,P000160,TRANSACTION,2022-06-09,,DORMANT,2026-01-15T00:00:00
A000258,P000161,SAVINGS,2017-06-07,,OPEN,2026-01-15T00:00:00
A000259,P000161,TRANSACTION,2018-12-25,,OPEN,2026-01-15T00:00:00
A000260,P000162,TRANSACTION,2019-03-19,,DORMANT,2026-01-15T09:00:00
A000261,P000163,CREDIT_CARD,2024-04-13,,DORMANT,2026-01-15T09:00:00
A000262,P000163,SAVINGS,2021-06-20,,OPEN,2026-01-15T00:00:00
A000263,P000164,CREDIT_CARD,2017-08-30,,OPEN,2026-01-15T00:00:00
A000264,P000165,TRANSACTION,2019-07-11,2021-07-03,CLOSED,2026-01-15T00:00:00
A000265,P000165,HOME_LOAN,2020-12-15,,OPEN,2026-01-15T00:00:00
A000266,P000165,TRANSACTION,2024-03-07,,DORMANT,2026-01-15T09:00:00
A000267,P000166,SAVINGS,2016-07-29,,OPEN,2026-01-15T00:00:00
A000268,P000167,CREDIT_CARD,2020-12-24,2026-01-15,CLOSED,2026-01-15T09:00:00
A000269,P000168,TRANSACTION,2023-03-09,2026-01-14,CLOSED,2026-01-15T00:00:00
A000270,P000169,CREDIT_CARD,2021-04-09,,DORMANT,2026-01-15T09:00:00
A000271,P000169,HOME_LOAN,2023-10-06,,OPEN,2026-01-15T00:00:00
A000272,P000170,SAVINGS,2018-11-19,,OPEN,2026-01-15T00:00:00
A000273,P000170,TERM_DEPOSIT,2021-07-30,,OPEN,2026-01-15T00:00:00
A000274,P000171,HOME_LOAN,2016-11-28,,OPEN,2026-01-15T00:00:00
A000275,P000171,TRANSACTION,2021-10-30,,DORMANT,2026-01-15T00:00:00
A000276,P000172,TRANSACTION,2021-11-30,,OPEN,2026-01-15T00:00:00
A000277,P000172,SAVINGS,2022-04-24,,DORMANT,2026-01-15T00:00:00
A000278,P000172,HOME_LOAN,2023-02-24,,OPEN,2026-01-15T00:00:00
A000279,P000173,TRANSACTION,2017-02-14,2021-04-04,CLOSED,2026-01-15T00:00:00
A000280,P000173,SAVINGS,2022-05-27,,OPEN,2026-01-15T00:00:00
A000281,P000174,TRANSACTION,2022-01-05,,OPEN,2026-01-15T00:00:00
A000282,P000174,SAVINGS,2019-09-15,,OPEN,2026-01-15T00:00:00
A000283,P000175,TRANSACTION,2016-07-15,,OPEN,2026-01-15T00:00:00
A000284,P000176,SAVINGS,2021-01-10,,OPEN,2026-01-15T00:00:00
A000285,P000176,HOME_LOAN,2025-09-02,,OPEN,2026-01-15T00:00:00
A000286,P000177,TRANSACTION,2022-01-08,,OPEN,2026-01-15T00:00:00
A000287,P000177,CREDIT_CARD,2025-03-15,,OPEN,2026-01-15T00:00:00
A000288,P000178,CREDIT_CARD,2019-07-13,,OPEN,2026-01-15T00:00:00
A000289,P000179,TRANSACTION,2019-03-20,,OPEN,2026-01-15T00:00:00
A000290,P000179,CREDIT_CARD,2024-06-03,2025-10-16,CLOSED,2026-01-15T00:00:00
A000291,P000179,SAVINGS,2022-06-11,,OPEN,2026-01-15T00:00:00
A000292,P000180,TRANSACTION,2019-07-12,,OPEN,2026-01-15T00:00:00
A000293,P000180,SAVINGS,2021-05-09,,OPEN,2026-01-15T00:00:00
A000294,P000181,SAVINGS,2022-05-23,,DORMANT,2026-01-15T00:00:00
A000295,P000182,TRANSACTION,2017-06-16,,OPEN,2026-01-15T00:00:00
A000296,P000182,TRANSACTION,2025-02-14,,OPEN,2026-01-15T00:00:00
A000297,P000182,SAVINGS,2017-09-23,,OPEN,2026-01-15T00:00:00
A000298,P000183,HOME_LOAN,2017-03-29,,OPEN,2026-01-15T00:00:00
A000299,P000184,TRANSACTION,2018-08-21,,DORMANT,2026-01-15T00:00:00
A000300,P000185,TRANSACTION,2024-11-11,,DORMANT,2026-01-15T00:00:00
A000301,P000185,SAVINGS,2018-03-26,,OPEN,2026-01-15T00:00:00
A000302,P000186,SAVINGS,2024-05-13,,DORMANT,2026-01-15T00:00:00
A000303,P000187,TRANSACTION,2023-12-06,,OPEN,2026-01-15T00:00:00
A000304,P000188,SAVINGS,2023-11-07,,OPEN,2026-01-15T00:00:00
A000305,P000188,TRANSACTION,2021-12-24,2025-09-10,CLOSED,2026-01-15T00:00:00
A000306,P000189,SAVINGS,2024-11-11,,OPEN,2026-01-15T00:00:00
A000307,P000190,SAVINGS,2019-09-03,,OPEN,2026-01-15T00:00:00
A000308,P000191,TRANSACTION,2019-12-26,,OPEN,2026-01-15T00:00:00
A000309,P000192,TRANSACTION,2016-12-12,,DORMANT,2026-01-15T00:00:00
A000310,P000193,CREDIT_CARD,2023-12-26,,OPEN,2026-01-15T00:00:00
A000311,P000193,SAVINGS,2023-11-18,,OPEN,2026-01-15T00:00:00
A000312,P000194,TRANSACTION,2018-04-04,,DORMANT,2026-01-15T00:00:00
A000313,P000194,SAVINGS,2019-06-25,,OPEN,2026-01-15T00:00:00
A000314,P000194,TRANSACTION,2016-06-06,,DORMANT,2026-01-15T00:00:00
A000315,P000195,TRANSACTION,2016-09-25,,OPEN,2026-01-15T00:00:00
A000316,P000196,TERM_DEPOSIT,2017-01-07,,DORMANT,2026-01-15T00:00:00
A000317,P000196,CREDIT_CARD,2022-06-04,,DORMANT,2026-01-15T00:00:00
A000318,P000197,SAVINGS,2019-04-20,,OPEN,2026-01-15T00:00:00
A000319,P000198,SAVINGS,2019-02-25,,OPEN,2026-01-15T00:00:00
A000320,P000198,SAVINGS,2022-02-19,,DORMANT,2026-01-15T00:00:00
A000321,P000198,TERM_DEPOSIT,2019-10-10,,OPEN,2026-01-15T00:00:00
A000322,P000199,TERM_DEPOSIT,2018-06-02,,OPEN,2026-01-15T00:00:00
A000323,P000199,TRANSACTION,2021-10-26,,OPEN,2026-01-15T00:00:00
A000324,P000200,SAVINGS,2017-01-05,,OPEN,2026-01-15T00:00:00
A000325,P000200,TRANSACTION,2020-07-13,,OPEN,2026-01-15T00:00:00
A000326,P000200,TERM_DEPOSIT,2017-12-25,,OPEN,2026-01-15T00:00:00
A000327,P000201,CREDIT_CARD,2024-11-24,,OPEN,2026-01-15T00:00:00
A000328,P000201,TRANSACTION,2020-01-03,,OPEN,2026-01-15T00:00:00
A000329,P000202,SAVINGS,2017-06-06,,OPEN,2026-01-15T00:00:00
A000330,P000202,TRANSACTION,2022-04-29,,OPEN,2026-01-15T00:00:00
A000331,P000203,TRANSACTION,2018-11-23,2026-01-15,CLOSED,2026-01-15T09:00:00
A000332,P000203,TRANSACTION,2024-12-29,,OPEN,2026-01-15T00:00:00
A000333,P000204,TRANSACTION,2020-06-28,,OPEN,2026-01-15T00:00:00
A000334,P000205,HOME_LOAN,2017-04-11,,OPEN,2026-01-15T00:00:00
A000335,P000206,TRANSACTION,2016-08-06,,OPEN,2026-01-15T00:00:00
A000336,P000206,TERM_DEPOSIT,2022-06-23,,DORMANT,2026-01-15T00:00:00
A000337,P000207,SAVINGS,2023-12-22,,OPEN,2026-01-15T00:00:00
A000338,P000207,CREDIT_CARD,2019-12-05,,OPEN,2026-01-15T00:00:00
A000339,P000208,TRANSACTION,2021-12-22,2022-06-07,CLOSED,2026-01-15T00:00:00
A000340,P000208,CREDIT_CARD,2018-03-31,,DORMANT,2026-01-15T00:00:00
A000341,P000208,CREDIT_CARD,2020-01-16,,DORMANT,2026-01-15T00:00:00
A000342,P000209,SAVINGS,2025-06-01,,DORMANT,2026-01-15T00:00:00
A000343,P000210,TERM_DEPOSIT,2023-06-08,,OPEN,2026-01-15T00:00:00
A000344,P000211,TRANSACTION,2023-08-08,,OPEN,2026-01-15T00:00:00
A000345,P000212,TRANSACTION,2021-08-22,,OPEN,2026-01-15T00:00:00
A000346,P000212,SAVINGS,2022-08-30,,OPEN,2026-01-15T00:00:00
A000347,P000213,CREDIT_CARD,2016-08-05,,OPEN,2026-01-15T00:00:00
A000348,P000214,TRANSACTION,2023-05-11,,OPEN,2026-01-15T00:00:00
A000349,P000215,TRANSACTION,2024-04-30,,OPEN,2026-01-15T00:00:00
A000350,P000215,SAVINGS,2023-01-09,,DORMANT,2026-01-15T00:00:00
A000351,P000216,SAVINGS,2016-03-26,,DORMANT,2026-01-15T00:00:00
A000352,P000217,TERM_DEPOSIT,2018-08-04,,OPEN,2026-01-15T00:00:00
A000353,P000218,SAVINGS,2021-04-03,,DORMANT,2026-01-15T09:00:00
A000354,P000219,CREDIT_CARD,2023-10-17,,OPEN,2026-01-15T00:00:00
A000355,P000220,SAVINGS,2018-11-22,,OPEN,2026-01-15T00:00:00
A000356,P000221,CREDIT_CARD,2024-06-22,,OPEN,2026-01-15T00:00:00
A000357,P000222,SAVINGS,2024-08-16,,OPEN,2026-01-15T00:00:00
A000358,P000223,TRANSACTION,2019-11-24,,DORMANT,2026-01-15T09:00:00
A000359,P000223,TERM_DEPOSIT,2023-01-16,2026-01-14,CLOSED,2026-01-15T00:00:00
A000360,P000224,TRANSACTION,2019-11-27,,OPEN,2026-01-15T00:00:00
A000361,P000224,CREDIT_CARD,2022-12-26,,OPEN,2026-01-15T00:00:00
A000362,P000224,TRANSACTION,2016-09-09,,DORMANT,2026-01-15T00:00:00
A000363,P000225,TRANSACTION,2016-06-04,,OPEN,2026-01-15T00:00:00
A000364,P000226,HOME_LOAN,2020-08-29,,OPEN,2026-01-15T00:00:00
A000365,P000227,TRANSACTION,2021-07-26,,OPEN,2026-01-15T00:00:00
A000366,P000228,CREDIT_CARD,2023-03-17,,OPEN,2026-01-15T00:00:00
A000367,P000228,TRANSACTION,2017-08-21,,OPEN,2026-01-15T00:00:00
A000368,P000229,TRANSACTION,2020-04-09,,OPEN,2026-01-15T00:00:00
A000369,P000229,TRANSACTION,2023-07-24,,OPEN,2026-01-15T00:00:00
A000370,P000230,TRANSACTION,2024-03-16,,OPEN,2026-01-15T00:00:00
A000371,P000231,TERM_DEPOSIT,2021-12-28,,OPEN,2026-01-15T00:00:00
A000372,P000231,TERM_DEPOSIT,2025-04-14,,OPEN,2026-01-15T00:00:00
A000373,P000231,TRANSACTION,2022-08-24,,DORMANT,2026-01-15T09:00:00
A000374,P000232,SAVINGS,2022-02-25,,OPEN,2026-01-15T00:00:00
A000375,P000233,CREDIT_CARD,2025-02-20,,DORMANT,2026-01-15T00:00:00
A000376,P000234,TRANSACTION,2024-02-11,,OPEN,2026-01-15T00:00:00
A000377,P000234,HOME_LOAN,2025-04-13,,OPEN,2026-01-15T00:00:00
A000378,P000235,SAVINGS,2025-09-21,,OPEN,2026-01-15T00:00:00
A000379,P000236,TERM_DEPOSIT,2021-10-06,,OPEN,2026-01-15T00:00:00
A000380,P000237,SAVINGS,2025-11-07,,OPEN,2026-01-15T00:00:00
A000381,P000237,SAVINGS,2016-10-17,,OPEN,2026-01-15T00:00:00
A000382,P000237,SAVINGS,2016-04-22,,OPEN,2026-01-15T00:00:00
A000383,P000238,SAVINGS,2025-02-02,,OPEN,2026-01-15T00:00:00
A000384,P000238,CREDIT_CARD,2020-07-29,,DORMANT,2026-01-15T00:00:00
A000385,P000239,TRANSACTION,2019-01-04,,OPEN,2026-01-15T00:00:00
A000386,P000239,TERM_DEPOSIT,2023-04-03,,OPEN,2026-01-15T00:00:00
A000387,P000240,TRANSACTION,2018-10-12,,OPEN,2026-01-15T00:00:00
A000388,P000240,TERM_DEPOSIT,2024-03-14,,OPEN,2026-01-15T00:00:00
A000389,P000241,TRANSACTION,2022-09-14,,OPEN,2026-01-15T00:00:00
A000390,P000241,TRANSACTION,2021-07-24,2026-01-14,CLOSED,2026-01-15T00:00:00
A000391,P000242,CREDIT_CARD,2021-01-28,,OPEN,2026-01-15T00:00:00
A000392,P000243,SAVINGS,2017-12-13,,DORMANT,2026-01-15T00:00:00
A000393,P000244,HOME_LOAN,2024-07-07,,DORMANT,2026-01-15T00:00:00
A000394,P000244,TRANSACTION,2021-05-14,,OPEN,2026-01-15T00:00:00
A000395,P000245,CREDIT_CARD,2020-12-09,2023-09-14,CLOSED,2026-01-15T00:00:00
A000396,P000246,TRANSACTION,2021-06-12,,OPEN,2026-01-15T00:00:00
A000397,P000247,TRANSACTION,2017-12-05,,OPEN,2026-01-15T00:00:00
A000398,P000248,CREDIT_CARD,2018-07-11,,OPEN,2026-01-15T00:00:00
A000399,P000249,SAVINGS,2016-03-31,,OPEN,2026-01-15T00:00:00
A000400,P000250,SAVINGS,2023-07-11,,OPEN,2026-01-15T00:00:00
A000401,P000251,SAVINGS,2020-11-05,,OPEN,2026-01-15T00:00:00
A000402,P000252,CREDIT_CARD,2018-12-04,,OPEN,2026-01-15T00:00:00
A000403,P000252,TRANSACTION,2022-02-17,,OPEN,2026-01-15T00:00:00
A000404,P000253,TRANSACTION,2020-02-12,,OPEN,2026-01-15T00:00:00
A000405,P000254,TRANSACTION,2023-08-09,,OPEN,2026-01-15T00:00:00
A000406,P000254,SAVINGS,2022-11-08,2026-01-14,CLOSED,2026-01-15T00:00:00
A000407,P000254,SAVINGS,2024-03-03,,OPEN,2026-01-15T00:00:00
A000408,P000255,CREDIT_CARD,2024-03-24,,OPEN,2026-01-15T00:00:00
A000409,P000255,SAVINGS,2016-03-08,,OPEN,2026-01-15T00:00:00
A000410,P000256,SAVINGS,2019-01-27,,DORMANT,2026-01-15T00:00:00
A000411,P000256,SAVINGS,2017-09-03,,OPEN,2026-01-15T00:00:00
A000412,P000257,TRANSACTION,2025-03-09,,OPEN,2026-01-15T00:00:00
A000413,P000258,CREDIT_CARD,2025-04-29,,OPEN,2026-01-15T00:00:00
A000414,P000259,TERM_DEPOSIT,2021-12-01,,OPEN,2026-01-15T00:00:00
A000415,P000260,TRANSACTION,2016-06-28,,OPEN,2026-01-15T00:00:00
A000416,P000261,TRANSACTION,2016-08-18,,OPEN,2026-01-15T00:00:00
A000417,P000261,TRANSACTION,2023-12-15,,OPEN,2026-01-15T00:00:00
A000418,P000262,SAVINGS,2024-03-19,,DORMANT,2026-01-15T09:00:00
A000419,P000263,TERM_DEPOSIT,2021-04-28,,OPEN,2026-01-15T00:00:00
A000420,P000264,SAVINGS,2022-10-07,,OPEN,2026-01-15T00:00:00
A000421,P000264,TERM_DEPOSIT,2024-08-24,,OPEN,2026-01-15T00:00:00
A000422,P000265,TRANSACTION,2017-06-11,,OPEN,2026-01-15T00:00:00
A000423,P000266,SAVINGS,2020-07-27,,OPEN,2026-01-15T00:00:00
A000424,P000266,TRANSACTION,2018-03-15,2020-05-25,CLOSED,2026-01-15T00:00:00
A000425,P000266,TERM_DEPOSIT,2019-05-12,,OPEN,2026-01-15T00:00:00
A000426,P000267,TRANSACTION,2020-05-27,,DORMANT,2026-01-15T00:00:00
A000427,P000268,TERM_DEPOSIT,2024-12-18,,DORMANT,2026-01-15T00:00:00
A000428,P000268,TRANSACTION,2024-05-28,,OPEN,2026-01-15T00:00:00
A000429,P000269,TERM_DEPOSIT,2024-09-03,2026-01-14,CLOSED,2026-01-15T00:00:00
A000430,P000269,HOME_LOAN,2023-09-16,2025-09-01,CLOSED,2026-01-15T00:00:00
A000431,P000270,CREDIT_CARD,2017-02-05,,OPEN,2026-01-15T00:00:00
A000432,P000271,CREDIT_CARD,2025-09-27,,DORMANT,2026-01-15T09:00:00
A000433,P000271,SAVINGS,2024-01-09,,OPEN,2026-01-15T00:00:00
A000434,P000272,SAVINGS,2020-01-31,,DORMANT,2026-01-15T00:00:00
A000435,P000273,TRANSACTION,2024-01-18,,OPEN,2026-01-15T00:00:00
A000436,P000274,TRANSACTION,2020-11-19,2022-12-10,CLOSED,2026-01-15T00:00:00
A000437,P000275,CREDIT_CARD,2017-05-26,,OPEN,2026-01-15T00:00:00
A000438,P000276,TRANSACTION,2025-07-26,,OPEN,2026-01-15T00:00:00
A000439,P000276,HOME_LOAN,2018-12-02,,OPEN,2026-01-15T00:00:00
A000440,P000277,TRANSACTION,2023-09-06,,DORMANT,2026-01-15T00:00:00
A000441,P000277,TRANSACTION,2025-07-07,,OPEN,2026-01-15T00:00:00
A000442,P000278,TRANSACTION,2021-10-21,,OPEN,2026-01-15T00:00:00
A000443,P000279,CREDIT_CARD,2021-05-09,,OPEN,2026-01-15T00:00:00
A000444,P000279,TRANSACTION,2022-01-13,,OPEN,2026-01-15T00:00:00
A000445,P000280,SAVINGS,2022-12-05,,OPEN,2026-01-15T00:00:00
A000446,P000280,TRANSACTION,2018-05-21,,OPEN,2026-01-15T00:00:00
A000447,P000281,TRANSACTION,2020-03-18,,DORMANT,2026-01-15T00:00:00
A000448,P000281,TRANSACTION,2024-06-23,,OPEN,2026-01-15T00:00:00
A000449,P000282,TRANSACTION,2021-09-24,,OPEN,2026-01-15T00:00:00
A000450,P000283,TRANSACTION,2024-12-09,,DORMANT,2026-01-15T00:00:00
A000451,P000283,TRANSACTION,2025-10-07,,OPEN,2026-01-15T00:00:00
A000452,P000284,TERM_DEPOSIT,2025-02-16,,OPEN,2026-01-15T00:00:00
A000453,P000285,CREDIT_CARD,2020-10-01,,OPEN,2026-01-15T00:00:00
A000454,P000285,TRANSACTION,2018-06-18,,OPEN,2026-01-15T00:00:00
A000455,P000286,CREDIT_CARD,2023-09-06,,DORMANT,2026-01-15T00:00:00
A000456,P000287,TRANSACTION,2017-11-12,2018-01-18,CLOSED,2026-01-15T00:00:00
A000457,P000287,TRANSACTION,2018-03-25,,OPEN,2026-01-15T00:00:00
A000458,P000287,TRANSACTION,2025-01-10,,OPEN,2026-01-15T00:00:00
A000459,P000288,TRANSACTION,2016-10-01,,OPEN,2026-01-15T00:00:00
A000460,P000288,HOME_LOAN,2019-02-17,,OPEN,2026-01-15T00:00:00
A000461,P000289,CREDIT_CARD,2019-04-13,,DORMANT,2026-01-15T00:00:00
A000462,P000290,TRANSACTION,2025-11-06,,OPEN,2026-01-15T00:00:00
A000463,P000291,TRANSACTION,2016-01-26,,OPEN,2026-01-15T00:00:00
A000464,P000291,HOME_LOAN,2018-01-25,,OPEN,2026-01-15T00:00:00
A000465,P000291,CREDIT_CARD,2023-10-23,,OPEN,2026-01-15T00:00:00
A000466,P000292,HOME_LOAN,2024-02-05,,OPEN,2026-01-15T00:00:00
A000467,P000293,TRANSACTION,2021-04-18,,OPEN,2026-01-15T00:00:00
A000468,P000293,TRANSACTION,2021-02-18,,OPEN,2026-01-15T00:00:00
A000469,P000294,TRANSACTION,2025-11-03,,OPEN,2026-01-15T00:00:00
A000470,P000295,TRANSACTION,2017-06-17,,OPEN,2026-01-15T00:00:00
A000471,P000295,TRANSACTION,2020-05-18,,DORMANT,2026-01-15T09:00:00
A000472,P000295,CREDIT_CARD,2018-12-20,,OPEN,2026-01-15T00:00:00
A000473,P000296,SAVINGS,2017-11-20,,OPEN,2026-01-15T00:00:00
A000474,P000297,SAVINGS,2022-05-07,,DORMANT,2026-01-15T09:00:00
A000475,P000297,TERM_DEPOSIT,2021-11-12,,OPEN,2026-01-15T00:00:00
A000476,P000297,SAVINGS,2025-03-07,,OPEN,2026-01-15T00:00:00
A000477,P000298,TRANSACTION,2021-11-26,,OPEN,2026-01-15T00:00:00
A000478,P000298,SAVINGS,2020-04-25,,OPEN,2026-01-15T00:00:00
A000479,P000299,SAVINGS,2017-07-25,,OPEN,2026-01-15T00:00:00
A000480,P000300,TRANSACTION,2021-12-17,,OPEN,2026-01-15T00:00:00
A000481,P000300,CREDIT_CARD,2022-04-13,,DORMANT,2026-01-15T00:00:00
A000482,P000301,HOME_LOAN,2020-09-19,,DORMANT,2026-01-15T00:00:00
A000483,P000301,SAVINGS,2024-03-16,2026-01-15,CLOSED,2026-01-15T09:00:00
A000484,P000302,TRANSACTION,2025-08-23,2026-01-15,CLOSED,2026-01-15T09:00:00
A000485,P000302,CREDIT_CARD,2021-08-22,2025-05-07,CLOSED,2026-01-15T00:00:00
A000486,P000303,TRANSACTION,2021-01-17,,OPEN,2026-01-15T00:00:00
A000487,P000304,TRANSACTION,2019-04-09,,DORMANT,2026-01-15T00:00:00
A000488,P000304,TRANSACTION,2025-09-25,,OPEN,2026-01-15T00:00:00
A000489,P000305,TRANSACTION,2025-09-04,,OPEN,2026-01-15T00:00:00
A000490,P000306,CREDIT_CARD,2016-05-05,,OPEN,2026-01-15T00:00:00
A000491,P000307,SAVINGS,2017-10-20,,OPEN,2026-01-15T00:00:00
A000492,P000308,CREDIT_CARD,2020-06-14,2020-12-13,CLOSED,2026-01-15T00:00:00
A000493,P000309,TRANSACTION,2022-04-17,,OPEN,2026-01-15T00:00:00
A000494,P000310,TRANSACTION,2020-02-07,,DORMANT,2026-01-15T00:00:00
A000495,P000310,CREDIT_CARD,2021-04-01,,OPEN,2026-01-15T00:00:00
A000496,P000311,SAVINGS,2022-02-14,,OPEN,2026-01-15T00:00:00
A000497,P000311,SAVINGS,2021-02-08,,OPEN,2026-01-15T00:00:00
A000498,P000311,SAVINGS,2019-12-24,,OPEN,2026-01-15T00:00:00
A000499,P000312,CREDIT_CARD,2016-03-24,,OPEN,2026-01-15T00:00:00
A000500,P000312,SAVINGS,2020-08-10,,OPEN,2026-01-15T00:00:00
A000501,P000313,TRANSACTION,2023-07-28,,DORMANT,2026-01-15T00:00:00
A000502,P000314,TERM_DEPOSIT,2022-05-31,,OPEN,2026-01-15T00:00:00
A000503,P000314,TERM_DEPOSIT,2020-07-30,,OPEN,2026-01-15T00:00:00
A000504,P000315,SAVINGS,2022-03-16,,OPEN,2026-01-15T00:00:00
A000505,P000315,TERM_DEPOSIT,2022-04-23,,OPEN,2026-01-15T00:00:00
A000506,P000316,TERM_DEPOSIT,2017-12-23,,OPEN,2026-01-15T00:00:00
A000507,P000316,TRANSACTION,2016-09-22,,OPEN,2026-01-15T00:00:00
A000508,P000317,TERM_DEPOSIT,2022-05-28,,OPEN,2026-01-15T00:00:00
A000509,P000317,TRANSACTION,2017-07-04,,OPEN,2026-01-15T00:00:00
A000510,P000318,SAVINGS,2020-09-23,,OPEN,2026-01-15T00:00:00
A000511,P000319,HOME_LOAN,2022-12-08,,OPEN,2026-01-15T00:00:00
A000512,P000319,TRANSACTION,2023-10-02,,OPEN,2026-01-15T00:00:00
A000513,P000319,TRANSACTION,2024-04-24,,OPEN,2026-01-15T00:00:00
A000514,P000320,SAVINGS,2023-06-01,,OPEN,2026-01-15T00:00:00
A000515,P000320,TRANSACTION,2016-09-01,,OPEN,2026-01-15T00:00:00
A000516,P000321,CREDIT_CARD,2022-05-01,,OPEN,2026-01-15T00:00:00
A000517,P000321,TRANSACTION,2019-11-27,,OPEN,2026-01-15T00:00:00
A000518,P000322,TRANSACTION,2019-03-21,,OPEN,2026-01-15T00:00:00
A000519,P000322,TRANSACTION,2025-03-28,,OPEN,2026-01-15T00:00:00
A000520,P000323,CREDIT_CARD,2022-10-02,,OPEN,2026-01-15T00:00:00
A000521,P000324,CREDIT_CARD,2016-05-10,,OPEN,2026-01-15T00:00:00
A000522,P000325,TRANSACTION,2025-08-20,2026-01-15,CLOSED,2026-01-15T09:00:00
A000523,P000326,TRANSACTION,2021-10-14,,OPEN,2026-01-15T00:00:00
A000524,P000326,TERM_DEPOSIT,2024-04-06,,OPEN,2026-01-15T00:00:00
A000525,P000327,TRANSACTION,2020-12-08,,OPEN,2026-01-15T00:00:00
A000526,P000328,TRANSACTION,2022-10-28,,OPEN,2026-01-15T00:00:00
A000527,P000329,TRANSACTION,2019-05-05,,OPEN,2026-01-15T00:00:00
A000528,P000329,HOME_LOAN,2024-07-12,,OPEN,2026-01-15T00:00:00
A000529,P000330,SAVINGS,2024-04-30,,OPEN,2026-01-15T00:00:00
A000530,P000331,SAVINGS,2018-11-13,,OPEN,2026-01-15T00:00:00
A000531,P000331,TRANSACTION,2023-12-03,,OPEN,2026-01-15T00:00:00
A000532,P000332,TRANSACTION,2022-09-30,,OPEN,2026-01-15T00:00:00
A000533,P000332,CREDIT_CARD,2025-06-23,,DORMANT,2026-01-15T00:00:00
A000534,P000333,CREDIT_CARD,2024-06-09,,DORMANT,2026-01-15T09:00:00
A000535,P000334,TRANSACTION,2024-10-09,,OPEN,2026-01-15T00:00:00
A000536,P000334,TERM_DEPOSIT,2023-04-14,,OPEN,2026-01-15T00:00:00
A000537,P000334,TRANSACTION,2021-11-30,,OPEN,2026-01-15T00:00:00
A000538,P000335,CREDIT_CARD,2020-05-24,,OPEN,2026-01-15T00:00:00
A000539,P000336,TRANSACTION,2017-01-23,,OPEN,2026-01-15T00:00:00
A000540,P000337,CREDIT_CARD,2016-10-14,,OPEN,2026-01-15T00:00:00
A000541,P000338,CREDIT_CARD,2016-03-05,,OPEN,2026-01-15T00:00:00
A000542,P000339,SAVINGS,2019-08-31,,OPEN,2026-01-15T00:00:00
A000543,P000340,SAVINGS,2020-07-20,,OPEN,2026-01-15T00:00:00
A000544,P000340,TRANSACTION,2023-04-24,,DORMANT,2026-01-15T00:00:00
A000545,P000341,TRANSACTION,2022-05-03,,OPEN,2026-01-15T00:00:00
A000546,P000341,CREDIT_CARD,2018-05-27,,OPEN,2026-01-15T00:00:00
A000547,P000341,SAVINGS,2022-09-02,,OPEN,2026-01-15T00:00:00
A000548,P000342,SAVINGS,2019-10-02,,OPEN,2026-01-15T00:00:00
A000549,P000342,TRANSACTION,2025-07-07,,OPEN,2026-01-15T00:00:00
A000550,P000343,TRANSACTION,2018-01-18,,OPEN,2026-01-15T00:00:00
A000551,P000343,TERM_DEPOSIT,2020-03-17,,DORMANT,2026-01-15T00:00:00
A000552,P000344,TRANSACTION,2019-11-27,2026-01-15,CLOSED,2026-01-15T09:00:00
A000553,P000345,SAVINGS,2022-12-09,,OPEN,2026-01-15T00:00:00
A000554,P000345,SAVINGS,2024-02-16,,OPEN,2026-01-15T00:00:00
A000555,P000346,TRANSACTION,2023-09-22,,OPEN,2026-01-15T00:00:00
A000556,P000346,TRANSACTION,2024-07-31,,OPEN,2026-01-15T00:00:00
A000557,P000347,TRANSACTION,2018-08-12,,DORMANT,2026-01-15T09:00:00
A000558,P000348,TRANSACTION,2024-08-27,,OPEN,2026-01-15T00:00:00
A000559,P000348,CREDIT_CARD,2017-08-03,,DORMANT,2026-01-15T00:00:00
A000560,P000349,CREDIT_CARD,2017-09-01,,OPEN,2026-01-15T00:00:00
A000561,P000350,SAVINGS,2019-04-08,,OPEN,2026-01-15T00:00:00
A000562,P000350,TRANSACTION,2025-04-23,,OPEN,2026-01-15T00:00:00
A000563,P000351,TERM_DEPOSIT,2016-06-16,,OPEN,2026-01-15T00:00:00
A000564,P000352,TRANSACTION,2023-06-29,,OPEN,2026-01-15T00:00:00
A000565,P000353,TRANSACTION,2017-11-05,,OPEN,2026-01-15T00:00:00
A000566,P000353,TRANSACTION,2021-07-15,,OPEN,2026-01-15T00:00:00
A000567,P000354,SAVINGS,2019-08-18,,OPEN,2026-01-15T00:00:00
A000568,P000355,SAVINGS,2023-02-18,,OPEN,2026-01-15T00:00:00
A000569,P000355,TRANSACTION,2025-11-30,,DORMANT,2026-01-15T00:00:00
A000570,P000356,CREDIT_CARD,2022-11-04,,DORMANT,2026-01-15T00:00:00
A000571,P000356,TRANSACTION,2021-08-22,,OPEN,2026-01-15T00:00:00
A000572,P000357,TRANSACTION,2021-10-16,,OPEN,2026-01-15T00:00:00
A000573,P000357,TRANSACTION,2021-03-04,,OPEN,2026-01-15T00:00:00
A000574,P000357,TRANSACTION,2022-10-12,,OPEN,2026-01-15T00:00:00
A000575,P000358,CREDIT_CARD,2024-07-28,,OPEN,2026-01-15T00:00:00
A000576,P000359,TERM_DEPOSIT,2016-12-09,,DORMANT,2026-01-15T00:00:00
A000577,P000360,SAVINGS,2018-04-10,,OPEN,2026-01-15T00:00:00
A000578,P000361,TERM_DEPOSIT,2023-12-17,,OPEN,2026-01-15T00:00:00
A000579,P000361,TRANSACTION,2023-04-15,,OPEN,2026-01-15T00:00:00
A000580,P000361,TERM_DEPOSIT,2018-02-15,,OPEN,2026-01-15T00:00:00
A000581,P000362,CREDIT_CARD,2020-07-16,,OPEN,2026-01-15T00:00:00
A000582,P000363,TRANSACTION,2021-06-17,,OPEN,2026-01-15T00:00:00
A000583,P000363,TRANSACTION,2020-05-04,,OPEN,2026-01-15T00:00:00
A000584,P000364,TRANSACTION,2025-10-08,,OPEN,2026-01-15T00:00:00
A000585,P000365,TRANSACTION,2017-04-15,,DORMANT,2026-01-15T00:00:00
A000586,P000366,CREDIT_CARD,2023-08-24,,OPEN,2026-01-15T00:00:00
A000587,P000366,TRANSACTION,2022-11-14,2024-02-02,CLOSED,2026-01-15T00:00:00
A000588,P000367,TRANSACTION,2025-11-24,2026-01-14,CLOSED,2026-01-15T00:00:00
A000589,P000368,CREDIT_CARD,2021-01-13,,OPEN,2026-01-15T00:00:00
A000590,P000368,CREDIT_CARD,2017-01-14,,OPEN,2026-01-15T00:00:00
A000591,P000369,TRANSACTION,2021-11-01,,OPEN,2026-01-15T00:00:00
A000592,P000369,TRANSACTION,2016-09-18,,OPEN,2026-01-15T00:00:00
A000593,P000370,SAVINGS,2021-10-03,,OPEN,2026-01-15T00:00:00
A000594,P000371,TRANSACTION,2018-10-01,,OPEN,2026-01-15T00:00:00
A000595,P000372,TRANSACTION,2020-09-04,2025-02-21,CLOSED,2026-01-15T00:00:00
A000596,P000373,CREDIT_CARD,2017-06-28,,DORMANT,2026-01-15T00:00:00
A000597,P000374,TRANSACTION,2021-01-28,,OPEN,2026-01-15T00:00:00
A000598,P000374,TRANSACTION,2024-05-17,,OPEN,2026-01-15T00:00:00
A000599,P000375,SAVINGS,2017-06-19,,OPEN,2026-01-15T00:00:00
A000600,P000376,TERM_DEPOSIT,2022-01-25,,OPEN,2026-01-15T00:00:00
A000601,P000376,CREDIT_CARD,2018-11-28,,OPEN,2026-01-15T00:00:00
A000602,P000377,SAVINGS,2017-07-26,,OPEN,2026-01-15T00:00:00
A000603,P000378,TRANSACTION,2016-10-06,,OPEN,2026-01-15T00:00:00
A000604,P000378,CREDIT_CARD,2021-06-22,,OPEN,2026-01-15T00:00:00
A000605,P000379,TRANSACTION,2020-04-18,,OPEN,2026-01-15T00:00:00
A000606,P000380,SAVINGS,2023-01-23,,DORMANT,2026-01-15T00:00:00
A000607,P000381,TRANSACTION,2023-05-18,,OPEN,2026-01-15T00:00:00
A000608,P000381,CREDIT_CARD,2020-06-07,,OPEN,2026-01-15T00:00:00
A000609,P000382,CREDIT_CARD,2019-10-08,,DORMANT,2026-01-15T00:00:00
A000610,P000382,SAVINGS,2016-09-23,,OPEN,2026-01-15T00:00:00
A000611,P000383,CREDIT_CARD,2018-03-16,,OPEN,2026-01-15T00:00:00
A000612,P000383,TRANSACTION,2018-09-26,,OPEN,2026-01-15T00:00:00
A000613,P000384,SAVINGS,2017-06-21,,DORMANT,2026-01-15T09:00:00
A000614,P000385,CREDIT_CARD,2020-04-05,,OPEN,2026-01-15T00:00:00
A000615,P000386,TERM_DEPOSIT,2018-02-15,2019-08-24,CLOSED,2026-01-15T00:00:00
A000616,P000387,TRANSACTION,2023-07-28,,OPEN,2026-01-15T00:00:00
A000617,P000387,TRANSACTION,2016-10-13,,OPEN,2026-01-15T00:00:00
A000618,P000388,TRANSACTION,2023-08-06,,OPEN,2026-01-15T00:00:00
A000619,P000389,TRANSACTION,2023-01-28,,OPEN,2026-01-15T00:00:00
A000620,P000389,TRANSACTION,2021-11-28,,OPEN,2026-01-15T00:00:00
A000621,P000390,SAVINGS,2022-01-26,,OPEN,2026-01-15T00:00:00
A000622,P000391,TRANSACTION,2019-04-22,,DORMANT,2026-01-15T00:00:00
A000623,P000392,SAVINGS,2018-04-21,,OPEN,2026-01-15T00:00:00
A000624,P000392,TRANSACTION,2022-05-02,,OPEN,2026-01-15T00:00:00
A000625,P000393,SAVINGS,2016-12-21,,OPEN,2026-01-15T00:00:00
A000626,P000394,TRANSACTION,2018-03-13,,OPEN,2026-01-15T00:00:00
A000627,P000395,TERM_DEPOSIT,2018-03-28,,OPEN,2026-01-15T00:00:00
A000628,P000395,TRANSACTION,2025-06-26,2026-01-14,CLOSED,2026-01-15T00:00:00
A000629,P000395,TERM_DEPOSIT,2020-08-04,,OPEN,2026-01-15T00:00:00
A000630,P000396,TRANSACTION,2016-08-08,,OPEN,2026-01-15T00:00:00
A000631,P000397,SAVINGS,2017-07-08,,OPEN,2026-01-15T00:00:00
A000632,P000397,SAVINGS,2020-08-27,,OPEN,2026-01-15T00:00:00
A000633,P000397,TRANSACTION,2017-03-15,,OPEN,2026-01-15T00:00:00
A000634,P000398,SAVINGS,2024-11-08,,OPEN,2026-01-15T00:00:00
A000635,P000399,CREDIT_CARD,2017-02-28,,OPEN,2026-01-15T00:00:00
A000636,P000400,TRANSACTION,2023-11-20,,OPEN,2026-01-15T00:00:00
A000637,P000401,TRANSACTION,2019-11-29,,OPEN,2026-01-15T00:00:00
A000638,P000401,TRANSACTION,2019-05-09,,OPEN,2026-01-15T00:00:00
A000639,P000402,TRANSACTION,2020-11-07,,OPEN,2026-01-15T00:00:00
A000640,P000403,TRANSACTION,2022-03-15,,OPEN,2026-01-15T00:00:00
A000641,P000404,HOME_LOAN,2025-01-21,,OPEN,2026-01-15T00:00:00
A000642,P000404,SAVINGS,2025-11-08,,OPEN,2026-01-15T00:00:00
A000643,P000405,SAVINGS,2023-12-09,,OPEN,2026-01-15T00:00:00
A000644,P000405,TRANSACTION,2023-11-14,,OPEN,2026-01-15T00:00:00
A000645,P000406,SAVINGS,2020-05-21,,OPEN,2026-01-15T00:00:00
A000646,P000406,TRANSACTION,2018-01-22,,DORMANT,2026-01-15T00:00:00
A000647,P000407,TRANSACTION,2024-06-09,,OPEN,2026-01-15T00:00:00
A000648,P000408,SAVINGS,2021-01-02,,OPEN,2026-01-15T00:00:00
A000649,P000408,CREDIT_CARD,2021-02-04,,OPEN,2026-01-15T00:00:00
A000650,P000408,SAVINGS,2018-02-20,,OPEN,2026-01-15T00:00:00
A000651,P000409,TRANSACTION,2025-07-17,,OPEN,2026-01-15T00:00:00
A000652,P000410,TRANSACTION,2025-03-10,,OPEN,2026-01-15T00:00:00
A000653,P000410,CREDIT_CARD,2018-06-19,,OPEN,2026-01-15T00:00:00
A000654,P000411,TERM_DEPOSIT,2016-02-06,,DORMANT,2026-01-15T09:00:00
A000655,P000412,TRANSACTION,2023-10-28,,OPEN,2026-01-15T00:00:00
A000656,P000413,HOME_LOAN,2021-09-24,,OPEN,2026-01-15T00:00:00
A000657,P000414,HOME_LOAN,2018-07-23,,OPEN,2026-01-15T00:00:00
A000658,P000415,SAVINGS,2023-04-25,,OPEN,2026-01-15T00:00:00
A000659,P000416,CREDIT_CARD,2021-07-15,,OPEN,2026-01-15T00:00:00
A000660,P000417,CREDIT_CARD,2024-08-27,,OPEN,2026-01-15T00:00:00
A000661,P000418,SAVINGS,2022-07-08,,DORMANT,2026-01-15T00:00:00
A000662,P000419,TERM_DEPOSIT,2016-04-08,,OPEN,2026-01-15T00:00:00
A000663,P000420,SAVINGS,2020-07-21,,OPEN,2026-01-15T00:00:00
A000664,P000421,TRANSACTION,2018-10-25,,OPEN,2026-01-15T00:00:00
A000665,P000422,TRANSACTION,2018-06-09,,DORMANT,2026-01-15T09:00:00
A000666,P000422,SAVINGS,2016-04-05,,OPEN,2026-01-15T00:00:00
A000667,P000423,HOME_LOAN,2025-02-07,,OPEN,2026-01-15T00:00:00
A000668,P000424,CREDIT_CARD,2016-07-02,,OPEN,2026-01-15T00:00:00
A000669,P000425,CREDIT_CARD,2021-05-12,,OPEN,2026-01-15T00:00:00
A000670,P000425,TRANSACTION,2016-02-26,,OPEN,2026-01-15T00:00:00
A000671,P000425,TRANSACTION,2023-10-05,,OPEN,2026-01-15T00:00:00
A000672,P000426,TRANSACTION,2019-02-13,,OPEN,2026-01-15T00:00:00
A000673,P000426,TRANSACTION,2024-06-28,,OPEN,2026-01-15T00:00:00
A000674,P000426,TERM_DEPOSIT,2020-03-15,,DORMANT,2026-01-15T00:00:00
A000675,P000427,CREDIT_CARD,2024-02-26,,OPEN,2026-01-15T00:00:00
A000676,P000427,SAVINGS,2020-05-05,,OPEN,2026-01-15T00:00:00
A000677,P000428,TRANSACTION,2025-03-05,,OPEN,2026-01-15T00:00:00
A000678,P000429,CREDIT_CARD,2017-04-02,,OPEN,2026-01-15T00:00:00
A000679,P000429,TRANSACTION,2021-07-05,,OPEN,2026-01-15T00:00:00
A000680,P000430,HOME_LOAN,2022-02-02,,OPEN,2026-01-15T00:00:00
A000681,P000430,SAVINGS,2022-04-02,,DORMANT,2026-01-15T00:00:00
A000682,P000431,SAVINGS,2020-06-13,,OPEN,2026-01-15T00:00:00
A000683,P000431,CREDIT_CARD,2018-03-14,,OPEN,2026-01-15T00:00:00
A000684,P000432,SAVINGS,2019-03-14,,OPEN,2026-01-15T00:00:00
A000685,P000432,SAVINGS,2020-08-27,,OPEN,2026-01-15T00:00:00
A000686,P000433,HOME_LOAN,2019-12-11,,OPEN,2026-01-15T00:00:00
A000687,P000433,SAVINGS,2023-02-05,2026-01-15,CLOSED,2026-01-15T09:00:00
A000688,P000434,CREDIT_CARD,2019-04-03,,OPEN,2026-01-15T00:00:00
A000689,P000434,TRANSACTION,2022-04-14,,DORMANT,2026-01-15T00:00:00
A000690,P000434,SAVINGS,2022-01-04,2023-04-01,CLOSED,2026-01-15T00:00:00
A000691,P000435,SAVINGS,2021-04-21,,OPEN,2026-01-15T00:00:00
A000692,P000435,SAVINGS,2018-05-29,,OPEN,2026-01-15T00:00:00
A000693,P000436,TERM_DEPOSIT,2024-05-10,,OPEN,2026-01-15T00:00:00
A000694,P000436,SAVINGS,2023-10-15,,OPEN,2026-01-15T00:00:00
A000695,P000437,SAVINGS,2022-04-26,,OPEN,2026-01-15T00:00:00
A000696,P000438,SAVINGS,2024-08-08,,OPEN,2026-01-15T00:00:00
A000697,P000439,SAVINGS,2023-08-12,,DORMANT,2026-01-15T09:00:00
A000698,P000439,SAVINGS,2022-02-19,,OPEN,2026-01-15T00:00:00
A000699,P000440,SAVINGS,2023-03-01,,OPEN,2026-01-15T00:00:00
A000700,P000440,CREDIT_CARD,2019-07-19,,OPEN,2026-01-15T00:00:00
A000701,P000441,TRANSACTION,2025-02-09,,OPEN,2026-01-15T00:00:00
A000702,P000442,CREDIT_CARD,2021-07-05,,OPEN,2026-01-15T00:00:00
A000703,P000442,TRANSACTION,2023-01-23,,DORMANT,2026-01-15T00:00:00
A000704,P000442,SAVINGS,2019-09-29,,OPEN,2026-01-15T00:00:00
A000705,P000443,SAVINGS,2023-09-08,,OPEN,2026-01-15T00:00:00
A000706,P000444,SAVINGS,2020-06-05,,OPEN,2026-01-15T00:00:00
A000707,P000444,SAVINGS,2021-07-31,,OPEN,2026-01-15T00:00:00
A000708,P000444,TRANSACTION,2024-07-16,,OPEN,2026-01-15T00:00:00
A000709,P000445,TRANSACTION,2016-06-01,,OPEN,2026-01-15T00:00:00
A000710,P000445,TRANSACTION,2019-12-01,,OPEN,2026-01-15T00:00:00
A000711,P000446,TERM_DEPOSIT,2018-03-21,,OPEN,2026-01-15T00:00:00
A000712,P000446,TRANSACTION,2018-07-07,,OPEN,2026-01-15T00:00:00
A000713,P000447,TRANSACTION,2018-12-01,,OPEN,2026-01-15T00:00:00
A000714,P000448,TRANSACTION,2023-06-13,,OPEN,2026-01-15T00:00:00
A000715,P000449,TRANSACTION,2019-09-21,,OPEN,2026-01-15T00:00:00
A000716,P000449,TRANSACTION,2025-08-29,,OPEN,2026-01-15T00:00:00
A000717,P000450,TRANSACTION,2016-11-18,2019-03-12,CLOSED,2026-01-15T00:00:00
A000718,P000451,SAVINGS,2024-02-14,,OPEN,2026-01-15T00:00:00
A000719,P000452,HOME_LOAN,2022-11-23,,OPEN,2026-01-15T00:00:00
A000720,P000452,TRANSACTION,2023-02-27,,DORMANT,2026-01-15T00:00:00
A000721,P000453,SAVINGS,2024-01-23,,DORMANT,2026-01-15T00:00:00
A000722,P000454,TRANSACTION,2025-11-19,,OPEN,2026-01-15T00:00:00
A000723,P000454,TRANSACTION,2019-06-02,,DORMANT,2026-01-15T00:00:00
A000724,P000454,CREDIT_CARD,2020-11-30,,OPEN,2026-01-15T00:00:00
A000725,P000455,TRANSACTION,2017-12-05,,OPEN,2026-01-15T00:00:00
A000726,P000456,TERM_DEPOSIT,2016-05-18,,OPEN,2026-01-15T00:00:00
A000727,P000457,SAVINGS,2022-11-15,,OPEN,2026-01-15T00:00:00
A000728,P000458,TRANSACTION,2016-02-08,,OPEN,2026-01-15T00:00:00
A000729,P000458,TRANSACTION,2020-04-27,,OPEN,2026-01-15T00:00:00
A000730,P000459,TRANSACTION,2023-08-13,,OPEN,2026-01-15T00:00:00
A000731,P000460,SAVINGS,2018-01-30,,OPEN,2026-01-15T00:00:00
A000732,P000460,TRANSACTION,2021-05-22,,OPEN,2026-01-15T00:00:00
A000733,P000461,TRANSACTION,2023-02-17,,OPEN,2026-01-15T00:00:00
A000734,P000462,TRANSACTION,2016-01-28,,OPEN,2026-01-15T00:00:00
A000735,P000462,TRANSACTION,2019-08-08,,OPEN,2026-01-15T00:00:00
A000736,P000462,SAVINGS,2020-11-05,,OPEN,2026-01-15T00:00:00
A000737,P000463,SAVINGS,2021-11-20,,OPEN,2026-01-15T00:00:00
A000738,P000464,CREDIT_CARD,2021-02-28,,OPEN,2026-01-15T00:00:00
A000739,P000465,TRANSACTION,2021-10-22,,DORMANT,2026-01-15T00:00:00
A000740,P000466,TRANSACTION,2023-06-18,,DORMANT,2026-01-15T00:00:00
A000741,P000467,SAVINGS,2016-10-31,,OPEN,2026-01-15T00:00:00
A000742,P000467,TRANSACTION,2021-08-22,,OPEN,2026-01-15T00:00:00
A000743,P000468,TRANSACTION,2024-02-20,,OPEN,2026-01-15T00:00:00
A000744,P000468,SAVINGS,2025-05-10,,OPEN,2026-01-15T00:00:00
A000745,P000469,TRANSACTION,2024-03-31,,OPEN,2026-01-15T00:00:00
A000746,P000470,TRANSACTION,2023-11-01,,OPEN,2026-01-15T00:00:00
A000747,P000470,TRANSACTION,2020-01-30,,OPEN,2026-01-15T00:00:00
A000748,P000471,SAVINGS,2019-07-01,,OPEN,2026-01-15T00:00:00
A000749,P000471,CREDIT_CARD,2016-03-13,,DORMANT,2026-01-15T00:00:00
A000750,P000472,SAVINGS,2021-03-04,,DORMANT,2026-01-15T00:00:00
A000751,P000473,CREDIT_CARD,2023-09-23,,OPEN,2026-01-15T00:00:00
A000752,P000474,CREDIT_CARD,2022-11-25,,OPEN,2026-01-15T00:00:00
A000753,P000475,TRANSACTION,2020-09-24,,OPEN,2026-01-15T00:00:00
A000754,P000476,TRANSACTION,2019-12-08,,DORMANT,2026-01-15T00:00:00
A000755,P000477,TRANSACTION,2016-04-29,,OPEN,2026-01-15T00:00:00
A000756,P000478,CREDIT_CARD,2020-04-20,,OPEN,2026-01-15T00:00:00
A000757,P000479,TRANSACTION,2025-05-17,,OPEN,2026-01-15T00:00:00
A000758,P000480,TRANSACTION,2019-02-02,,OPEN,2026-01-15T00:00:00
A000759,P000480,SAVINGS,2022-10-15,,OPEN,2026-01-15T00:00:00
A000760,P000481,CREDIT_CARD,2017-12-01,,OPEN,2026-01-15T00:00:00
A000761,P000482,CREDIT_CARD,2025-03-02,2026-01-14,CLOSED,2026-01-15T00:00:00
A000762,P000482,TRANSACTION,2020-10-01,,OPEN,2026-01-15T00:00:00
A000763,P000483,CREDIT_CARD,2019-09-30,,OPEN,2026-01-15T00:00:00
A000764,P000484,SAVINGS,2018-08-29,,DORMANT,2026-01-15T00:00:00
A000765,P000485,SAVINGS,2017-11-11,,OPEN,2026-01-15T00:00:00
A000766,P000486,TRANSACTION,2021-05-07,,OPEN,2026-01-15T00:00:00
A000767,P000487,TRANSACTION,2025-07-05,,OPEN,2026-01-15T00:00:00
A000768,P000487,SAVINGS,2021-10-18,,DORMANT,2026-01-15T00:00:00
A000769,P000488,TERM_DEPOSIT,2021-08-17,,OPEN,2026-01-15T00:00:00
A000770,P000489,TRANSACTION,2023-09-10,,OPEN,2026-01-15T00:00:00
A000771,P000490,CREDIT_CARD,2017-07-03,,OPEN,2026-01-15T00:00:00
A000772,P000491,CREDIT_CARD,2017-07-08,,OPEN,2026-01-15T00:00:00
A000773,P000491,CREDIT_CARD,2021-06-22,,OPEN,2026-01-15T00:00:00
A000774,P000492,TRANSACTION,2020-12-29,,OPEN,2026-01-15T00:00:00
A000775,P000493,CREDIT_CARD,2021-10-02,,DORMANT,2026-01-15T00:00:00
A000776,P000494,TRANSACTION,2025-05-05,,OPEN,2026-01-15T00:00:00
A000777,P000495,SAVINGS,2024-10-13,,OPEN,2026-01-15T00:00:00
A000778,P000496,SAVINGS,2021-08-01,,DORMANT,2026-01-15T00:00:00
A000779,P000497,TRANSACTION,2022-08-15,,OPEN,2026-01-15T00:00:00
A000780,P000497,SAVINGS,2020-07-26,,OPEN,2026-01-15T00:00:00
A000781,P000498,CREDIT_CARD,2025-02-27,,OPEN,2026-01-15T00:00:00
A000782,P000498,TRANSACTION,2020-03-27,,OPEN,2026-01-15T00:00:00
A000783,P000498,HOME_LOAN,2024-04-13,,OPEN,2026-01-15T00:00:00
A000784,P000499,TRANSACTION,2020-03-16,,OPEN,2026-01-15T00:00:00
A000785,P000499,SAVINGS,2025-08-25,,OPEN,2026-01-15T00:00:00
A000786,P000500,SAVINGS,2022-01-10,,OPEN,2026-01-15T00:00:00
A000787,P000501,TRANSACTION,2020-02-14,2026-01-15,CLOSED,2026-01-15T09:00:00
A000788,P000502,CREDIT_CARD,2021-01-21,,OPEN,2026-01-15T00:00:00
A000789,P000502,TRANSACTION,2017-03-06,,OPEN,2026-01-15T00:00:00
A000790,P000502,CREDIT_CARD,2020-03-30,,OPEN,2026-01-15T00:00:00
A000791,P000503,TERM_DEPOSIT,2021-09-06,,OPEN,2026-01-15T00:00:00
A000792,P000503,CREDIT_CARD,2017-09-18,,OPEN,2026-01-15T00:00:00
A000793,P000503,TRANSACTION,2024-04-28,,OPEN,2026-01-15T00:00:00
A000794,P000504,SAVINGS,2022-10-29,,OPEN,2026-01-15T00:00:00
A000795,P000505,TRANSACTION,2024-06-05,,OPEN,2026-01-15T00:00:00
A000796,P000506,TRANSACTION,2016-08-28,,DORMANT,2026-01-15T00:00:00
A000797,P000506,TRANSACTION,2019-07-19,,OPEN,2026-01-15T00:00:00
A000798,P000507,TRANSACTION,2025-03-05,,OPEN,2026-01-15T00:00:00
A000799,P000507,TRANSACTION,2017-10-06,,OPEN,2026-01-15T00:00:00
A000800,P000507,TRANSACTION,2020-08-31,,DORMANT,2026-01-15T00:00:00
A000801,P000508,SAVINGS,2024-08-21,,OPEN,2026-01-15T00:00:00
A000802,P000509,TERM_DEPOSIT,2019-01-01,,OPEN,2026-01-15T00:00:00
A000803,P000510,SAVINGS,2023-01-09,,OPEN,2026-01-15T00:00:00
A000804,P000511,TERM_DEPOSIT,2017-08-06,,OPEN,2026-01-15T00:00:00
A000805,P000512,SAVINGS,2018-06-06,,OPEN,2026-01-15T00:00:00
A000806,P000512,CREDIT_CARD,2020-02-01,,OPEN,2026-01-15T00:00:00
A000807,P000513,CREDIT_CARD,2023-03-03,,OPEN,2026-01-15T00:00:00
A000808,P000513,TRANSACTION,2020-07-01,,OPEN,2026-01-15T00:00:00
A000809,P000514,TRANSACTION,2017-10-18,2018-04-01,CLOSED,2026-01-15T00:00:00
A000810,P000514,HOME_LOAN,2022-07-20,,OPEN,2026-01-15T00:00:00
A000811,P000514,TRANSACTION,2016-09-04,,OPEN,2026-01-15T00:00:00
A000812,P000515,CREDIT_CARD,2023-02-17,,OPEN,2026-01-15T00:00:00
A000813,P000516,TRANSACTION,2019-11-03,,OPEN,2026-01-15T00:00:00
A000814,P000517,TRANSACTION,2019-07-26,,OPEN,2026-01-15T00:00:00
A000815,P000518,TRANSACTION,2020-07-10,,DORMANT,2026-01-15T00:00:00
A000816,P000519,CREDIT_CARD,2025-04-12,,OPEN,2026-01-15T00:00:00
A000817,P000519,CREDIT_CARD,2024-03-11,,OPEN,2026-01-15T00:00:00
A000818,P000520,TRANSACTION,2021-10-06,,OPEN,2026-01-15T00:00:00
A000819,P000520,TRANSACTION,2016-01-23,2021-06-05,CLOSED,2026-01-15T00:00:00
A000820,P000520,HOME_LOAN,2019-04-27,,OPEN,2026-01-15T00:00:00
A000821,P000521,TRANSACTION,2023-03-11,,OPEN,2026-01-15T00:00:00
A000822,P000522,TRANSACTION,2022-04-02,,OPEN,2026-01-15T00:00:00
A000823,P000523,TRANSACTION,2024-12-29,,OPEN,2026-01-15T00:00:00
A000824,P000523,TRANSACTION,2019-11-10,,OPEN,2026-01-15T00:00:00
A000825,P000524,TERM_DEPOSIT,2017-01-07,,OPEN,2026-01-15T00:00:00
A000826,P000524,SAVINGS,2025-05-05,,OPEN,2026-01-15T00:00:00
A000827,P000524,TRANSACTION,2024-06-03,,OPEN,2026-01-15T00:00:00
A000828,P000525,SAVINGS,2016-08-24,,OPEN,2026-01-15T00:00:00
A000829,P000525,SAVINGS,2024-12-08,,OPEN,2026-01-15T00:00:00
A000830,P000526,TRANSACTION,2025-06-25,2026-01-14,CLOSED,2026-01-15T00:00:00
A000831,P000526,HOME_LOAN,2019-01-11,,OPEN,2026-01-15T00:00:00
A000832,P000526,TERM_DEPOSIT,2017-01-24,,OPEN,2026-01-15T00:00:00
A000833,P000527,HOME_LOAN,2024-09-17,,OPEN,2026-01-15T00:00:00
A000834,P000528,CREDIT_CARD,2025-02-11,,OPEN,2026-01-15T00:00:00
A000835,P000529,TRANSACTION,2019-02-14,,DORMANT,2026-01-15T00:00:00
A000836,P000530,CREDIT_CARD,2020-02-23,,OPEN,2026-01-15T00:00:00
A000837,P000531,SAVINGS,2025-07-23,,DORMANT,2026-01-15T09:00:00
A000838,P000531,TRANSACTION,2024-02-04,,OPEN,2026-01-15T00:00:00
A000839,P000532,TRANSACTION,2020-03-18,,OPEN,2026-01-15T00:00:00
A000840,P000532,SAVINGS,2016-10-13,,OPEN,2026-01-15T00:00:00
A000841,P000533,TRANSACTION,2016-06-02,,OPEN,2026-01-15T00:00:00
A000842,P000533,TRANSACTION,2023-03-22,,OPEN,2026-01-15T00:00:00
A000843,P000534,TRANSACTION,2025-04-05,,OPEN,2026-01-15T00:00:00
A000844,P000534,TRANSACTION,2024-09-16,2025-07-31,CLOSED,2026-01-15T00:00:00
A000845,P000535,TRANSACTION,2017-04-12,,OPEN,2026-01-15T00:00:00
A000846,P000536,TRANSACTION,2020-07-08,,OPEN,2026-01-15T00:00:00
A000847,P000537,SAVINGS,2018-05-21,,OPEN,2026-01-15T00:00:00
A000848,P000538,TERM_DEPOSIT,2023-07-26,,DORMANT,2026-01-15T00:00:00
A000849,P000538,SAVINGS,2021-11-01,,OPEN,2026-01-15T00:00:00
A000850,P000539,TRANSACTION,2025-07-26,,DORMANT,2026-01-15T00:00:00
A000851,P000540,TRANSACTION,2016-10-21,2026-01-15,CLOSED,2026-01-15T09:00:00
A000852,P000540,SAVINGS,2021-06-17,,OPEN,2026-01-15T00:00:00
A000853,P000541,TRANSACTION,2016-10-08,,OPEN,2026-01-15T00:00:00
A000854,P000541,HOME_LOAN,2021-03-08,,OPEN,2026-01-15T00:00:00
A000855,P000542,CREDIT_CARD,2016-03-08,,OPEN,2026-01-15T00:00:00
A000856,P000542,TRANSACTION,2017-02-18,,OPEN,2026-01-15T00:00:00
A000857,P000542,TRANSACTION,2024-11-15,,DORMANT,2026-01-15T09:00:00
A000858,P000543,TRANSACTION,2024-05-06,,OPEN,2026-01-15T00:00:00
A000859,P000543,SAVINGS,2022-10-20,,DORMANT,2026-01-15T00:00:00
A000860,P000543,CREDIT_CARD,2021-03-26,,OPEN,2026-01-15T00:00:00
A000861,P000544,TRANSACTION,2022-01-27,,OPEN,2026-01-15T00:00:00
A000862,P000545,TRANSACTION,2020-07-03,,OPEN,2026-01-15T00:00:00
A000863,P000546,TRANSACTION,2024-04-05,,OPEN,2026-01-15T00:00:00
A000864,P000546,SAVINGS,2017-08-29,,OPEN,2026-01-15T00:00:00
A000865,P000546,TRANSACTION,2021-07-15,2026-01-15,CLOSED,2026-01-15T09:00:00
A000866,P000547,SAVINGS,2019-01-20,,OPEN,2026-01-15T00:00:00
A000867,P000547,CREDIT_CARD,2017-09-19,,OPEN,2026-01-15T00:00:00
A000868,P000547,SAVINGS,2017-11-08,,OPEN,2026-01-15T00:00:00
A000869,P000548,HOME_LOAN,2020-10-19,,OPEN,2026-01-15T00:00:00
A000870,P000549,TRANSACTION,2018-11-20,2019-05-27,CLOSED,2026-01-15T00:00:00
A000871,P000550,CREDIT_CARD,2020-09-20,,DORMANT,2026-01-15T00:00:00
A000872,P000551,TRANSACTION,2022-05-21,,OPEN,2026-01-15T00:00:00
A000873,P000551,TRANSACTION,2022-12-13,,OPEN,2026-01-15T00:00:00
A000874,P000552,TRANSACTION,2023-05-07,,OPEN,2026-01-15T00:00:00
A000875,P000552,SAVINGS,2021-06-28,,OPEN,2026-01-15T00:00:00
A000876,P000553,TRANSACTION,2016-09-15,,OPEN,2026-01-15T00:00:00
A000877,P000554,TRANSACTION,2025-01-24,,OPEN,2026-01-15T00:00:00
A000878,P000555,CREDIT_CARD,2019-10-16,,DORMANT,2026-01-15T00:00:00
A000879,P000556,CREDIT_CARD,2017-09-13,,OPEN,2026-01-15T00:00:00
A000880,P000557,TRANSACTION,2019-03-10,,OPEN,2026-01-15T00:00:00
A000881,P000557,SAVINGS,2019-05-31,,OPEN,2026-01-15T00:00:00
A000882,P000558,TRANSACTION,2024-08-14,,DORMANT,2026-01-15T00:00:00
A000883,P000558,TERM_DEPOSIT,2021-07-22,,OPEN,2026-01-15T00:00:00
A000884,P000559,SAVINGS,2023-09-03,,OPEN,2026-01-15T00:00:00
A000885,P000560,TRANSACTION,2023-03-02,,DORMANT,2026-01-15T00:00:00
A000886,P000561,TRANSACTION,2017-07-07,,OPEN,2026-01-15T00:00:00
A000887,P000562,TRANSACTION,2023-01-13,,OPEN,2026-01-15T00:00:00
A000888,P000563,TRANSACTION,2024-01-30,,OPEN,2026-01-15T00:00:00
A000889,P000563,CREDIT_CARD,2022-09-06,2026-01-15,CLOSED,2026-01-15T09:00:00
A000890,P000563,SAVINGS,2019-10-07,,OPEN,2026-01-15T00:00:00
A000891,P000564,TRANSACTION,2024-07-22,,DORMANT,2026-01-15T00:00:00
A000892,P000565,TRANSACTION,2017-03-09,,OPEN,2026-01-15T00:00:00
A000893,P000566,TRANSACTION,2023-11-29,,OPEN,2026-01-15T00:00:00
A000894,P000566,SAVINGS,2024-07-22,,OPEN,2026-01-15T00:00:00
A000895,P000567,SAVINGS,2020-03-10,,OPEN,2026-01-15T00:00:00
A000896,P000567,SAVINGS,2022-10-19,,OPEN,2026-01-15T00:00:00
A000897,P000568,TRANSACTION,2023-12-10,,OPEN,2026-01-15T00:00:00
A000898,P000569,TERM_DEPOSIT,2017-10-14,,OPEN,2026-01-15T00:00:00
A000899,P000570,CREDIT_CARD,2017-01-08,,OPEN,2026-01-15T00:00:00
A000900,P000570,HOME_LOAN,2024-02-06,,OPEN,2026-01-15T00:00:00
A000901,P000570,TRANSACTION,2016-10-10,,OPEN,2026-01-15T00:00:00
A000902,P000571,HOME_LOAN,2017-06-05,,OPEN,2026-01-15T00:00:00
A000903,P000572,CREDIT_CARD,2017-01-11,,OPEN,2026-01-15T00:00:00
A000904,P000573,SAVINGS,2016-10-24,,OPEN,2026-01-15T00:00:00
A000905,P000574,SAVINGS,2020-06-30,,OPEN,2026-01-15T00:00:00
A000906,P000575,TRANSACTION,2017-07-26,,OPEN,2026-01-15T00:00:00
A000907,P000575,SAVINGS,2017-02-28,,OPEN,2026-01-15T00:00:00
A000908,P000576,TRANSACTION,2018-09-18,,OPEN,2026-01-15T00:00:00
A000909,P000576,TERM_DEPOSIT,2025-07-05,,OPEN,2026-01-15T00:00:00
A000910,P000577,TRANSACTION,2018-06-19,,DORMANT,2026-01-15T00:00:00
A000911,P000578,TRANSACTION,2016-07-11,,OPEN,2026-01-15T00:00:00
A000912,P000578,TRANSACTION,2020-09-20,,OPEN,2026-01-15T00:00:00
A000913,P000579,SAVINGS,2019-08-16,,OPEN,2026-01-15T00:00:00
A000914,P000579,SAVINGS,2020-08-10,,OPEN,2026-01-15T00:00:00
A000915,P000580,CREDIT_CARD,2022-02-05,,OPEN,2026-01-15T00:00:00
A000916,P000580,CREDIT_CARD,2017-02-06,,OPEN,2026-01-15T00:00:00
A000917,P000580,TRANSACTION,2022-06-02,,OPEN,2026-01-15T00:00:00
A000918,P000581,TRANSACTION,2024-09-21,,OPEN,2026-01-15T00:00:00
A000919,P000582,HOME_LOAN,2024-05-20,,OPEN,2026-01-15T00:00:00
A000920,P000583,HOME_LOAN,2022-10-09,,OPEN,2026-01-15T00:00:00
A000921,P000583,TRANSACTION,2025-01-31,2026-01-14,CLOSED,2026-01-15T00:00:00
A000922,P000584,TRANSACTION,2022-07-22,,OPEN,2026-01-15T00:00:00
A000923,P000585,TRANSACTION,2023-11-06,,DORMANT,2026-01-15T09:00:00
A000924,P000586,TERM_DEPOSIT,2019-02-27,,OPEN,2026-01-15T00:00:00
A000925,P000586,TRANSACTION,2024-08-24,,OPEN,2026-01-15T00:00:00
A000926,P000587,TRANSACTION,2024-07-13,,OPEN,2026-01-15T00:00:00
A000927,P000588,CREDIT_CARD,2023-04-28,,OPEN,2026-01-15T00:00:00
A000928,P000589,CREDIT_CARD,2017-06-15,,OPEN,2026-01-15T00:00:00
A000929,P000590,CREDIT_CARD,2019-10-06,,DORMANT,2026-01-15T00:00:00
A000930,P000590,CREDIT_CARD,2019-10-18,,OPEN,2026-01-15T00:00:00
A000931,P000591,TRANSACTION,2021-05-23,,OPEN,2026-01-15T00:00:00
A000932,P000591,TRANSACTION,2016-01-27,,OPEN,2026-01-15T00:00:00
A000933,P000592,TRANSACTION,2025-05-02,,OPEN,2026-01-15T00:00:00
A000934,P000592,TRANSACTION,2019-04-28,,OPEN,2026-01-15T00:00:00
A000935,P000593,TRANSACTION,2016-11-03,,OPEN,2026-01-15T00:00:00
A000936,P000593,SAVINGS,2022-12-15,,OPEN,2026-01-15T00:00:00
A000937,P000593,TERM_DEPOSIT,2017-01-05,,OPEN,2026-01-15T00:00:00
A000938,P000594,TRANSACTION,2019-07-16,,OPEN,2026-01-15T00:00:00
A000939,P000595,CREDIT_CARD,2020-08-23,,OPEN,2026-01-15T00:00:00
A000940,P000596,TRANSACTION,2016-09-12,,DORMANT,2026-01-15T00:00:00
A000941,P000596,SAVINGS,2021-05-06,,OPEN,2026-01-15T00:00:00
A000942,P000597,TRANSACTION,2017-01-03,,OPEN,2026-01-15T00:00:00
A000943,P000598,SAVINGS,2023-04-02,,OPEN,2026-01-15T00:00:00
A000944,P000598,TRANSACTION,2018-06-10,,OPEN,2026-01-15T00:00:00
A000945,P000599,TRANSACTION,2024-05-23,,OPEN,2026-01-15T00:00:00
A000946,P000599,SAVINGS,2019-06-08,,OPEN,2026-01-15T00:00:00
A000947,P000600,CREDIT_CARD,2024-07-09,,OPEN,2026-01-15T00:00:00
A000948,P000601,SAVINGS,2025-11-26,2026-01-14,CLOSED,2026-01-15T00:00:00
A000949,P000602,CREDIT_CARD,2018-03-02,,OPEN,2026-01-15T00:00:00
A000950,P000602,TRANSACTION,2018-09-25,,OPEN,2026-01-15T00:00:00
A000951,P000603,TRANSACTION,2017-12-11,,OPEN,2026-01-15T00:00:00
A000952,P000603,HOME_LOAN,2017-07-25,,OPEN,2026-01-15T00:00:00
A000953,P000603,TRANSACTION,2021-06-29,,OPEN,2026-01-15T00:00:00
A000954,P000604,HOME_LOAN,2019-06-23,,OPEN,2026-01-15T00:00:00
A000955,P000605,TRANSACTION,2018-02-10,,OPEN,2026-01-15T00:00:00
A000956,P000606,TRANSACTION,2024-04-19,,OPEN,2026-01-15T00:00:00
A000957,P000607,TRANSACTION,2021-10-13,,DORMANT,2026-01-15T09:00:00
A000958,P000607,TRANSACTION,2018-07-10,,OPEN,2026-01-15T00:00:00
A000959,P000608,SAVINGS,2016-04-19,,OPEN,2026-01-15T00:00:00
A000960,P000609,TRANSACTION,2016-02-29,,OPEN,2026-01-15T00:00:00
A000961,P000610,TRANSACTION,2020-06-08,,DORMANT,2026-01-15T00:00:00
A000962,P000610,TRANSACTION,2023-02-03,,OPEN,2026-01-15T00:00:00
A000963,P000610,SAVINGS,2025-03-25,2026-01-15,CLOSED,2026-01-15T09:00:00
A000964,P000611,CREDIT_CARD,2020-01-15,,OPEN,2026-01-15T00:00:00
A000965,P000611,TRANSACTION,2022-09-12,,OPEN,2026-01-15T00:00:00
A000966,P000612,TRANSACTION,2025-10-06,,OPEN,2026-01-15T00:00:00
A000967,P000613,TRANSACTION,2020-10-27,,OPEN,2026-01-15T00:00:00
A000968,P000613,SAVINGS,2020-11-17,,OPEN,2026-01-15T00:00:00
A000969,P000614,CREDIT_CARD,2021-07-16,,OPEN,2026-01-15T00:00:00
A000970,P000614,SAVINGS,2021-01-02,,DORMANT,2026-01-15T00:00:00
A000971,P000615,TRANSACTION,2020-06-20,,OPEN,2026-01-15T00:00:00
A000972,P000616,SAVINGS,2018-09-20,,DORMANT,2026-01-15T00:00:00
A000973,P000616,TRANSACTION,2017-10-30,,OPEN,2026-01-15T00:00:00
A000974,P000616,TRANSACTION,2024-10-23,,OPEN,2026-01-15T00:00:00
A000975,P000617,CREDIT_CARD,2017-07-19,,OPEN,2026-01-15T00:00:00
A000976,P000617,TRANSACTION,2024-09-19,,OPEN,2026-01-15T00:00:00
A000977,P000618,CREDIT_CARD,2017-06-03,2022-10-22,CLOSED,2026-01-15T00:00:00
A000978,P000619,SAVINGS,2016-12-16,,DORMANT,2026-01-15T00:00:00
A000979,P000619,TERM_DEPOSIT,2018-11-18,,OPEN,2026-01-15T00:00:00
A000980,P000620,TRANSACTION,2025-09-12,,OPEN,2026-01-15T00:00:00
A000981,P000621,SAVINGS,2019-07-20,,OPEN,2026-01-15T00:00:00
A000982,P000621,SAVINGS,2023-10-26,,OPEN,2026-01-15T00:00:00
A000983,P000622,CREDIT_CARD,2023-02-07,,OPEN,2026-01-15T00:00:00
A000984,P000623,TRANSACTION,2021-05-30,,OPEN,2026-01-15T00:00:00
A000985,P000624,SAVINGS,2021-12-01,,OPEN,2026-01-15T00:00:00
A000986,P000624,SAVINGS,2023-09-20,,DORMANT,2026-01-15T00:00:00
A000987,P000624,TRANSACTION,2016-04-19,,OPEN,2026-01-15T00:00:00
A000988,P000625,TRANSACTION,2022-03-07,,OPEN,2026-01-15T00:00:00
A000989,P000626,SAVINGS,2018-03-08,,OPEN,2026-01-15T00:00:00
A000990,P000627,TRANSACTION,2021-04-24,,DORMANT,2026-01-15T09:00:00
A000991,P000627,TRANSACTION,2021-04-17,,OPEN,2026-01-15T00:00:00
A000992,P000628,TRANSACTION,2019-10-08,,OPEN,2026-01-15T00:00:00
A000993,P000628,TRANSACTION,2017-08-23,,OPEN,2026-01-15T00:00:00
A000994,P000629,TRANSACTION,2025-10-15,,DORMANT,2026-01-15T00:00:00
A000995,P000630,HOME_LOAN,2018-09-16,,OPEN,2026-01-15T00:00:00
A000996,P000631,TRANSACTION,2022-02-05,,DORMANT,2026-01-15T00:00:00
A000997,P000632,TRANSACTION,2023-02-10,,OPEN,2026-01-15T00:00:00
A000998,P000632,SAVINGS,2018-11-12,,DORMANT,2026-01-15T00:00:00
A000999,P000633,SAVINGS,2022-10-24,,OPEN,2026-01-15T00:00:00
A001000,P000634,SAVINGS,2025-11-05,,DORMANT,2026-01-15T00:00:00
A001001,P000634,SAVINGS,2023-06-29,,OPEN,2026-01-15T00:00:00
A001002,P000635,TRANSACTION,2020-04-08,,OPEN,2026-01-15T00:00:00
A001003,P000635,TERM_DEPOSIT,2022-10-21,,OPEN,2026-01-15T00:00:00
A001004,P000635,SAVINGS,2021-12-01,,OPEN,2026-01-15T00:00:00
A001005,P000636,TRANSACTION,2017-08-19,,OPEN,2026-01-15T00:00:00
A001006,P000636,SAVINGS,2025-09-05,,OPEN,2026-01-15T00:00:00
A001007,P000637,CREDIT_CARD,2023-04-17,,DORMANT,2026-01-15T09:00:00
A001008,P000638,TRANSACTION,2023-07-29,,OPEN,2026-01-15T00:00:00
A001009,P000638,TRANSACTION,2025-03-26,,OPEN,2026-01-15T00:00:00
A001010,P000639,TRANSACTION,2024-08-06,,OPEN,2026-01-15T00:00:00
A001011,P000640,TRANSACTION,2017-06-08,,DORMANT,2026-01-15T00:00:00
A001012,P000640,TRANSACTION,2018-03-21,,OPEN,2026-01-15T00:00:00
A001013,P000641,CREDIT_CARD,2024-02-19,,OPEN,2026-01-15T00:00:00
A001014,P000641,TRANSACTION,2021-09-19,,OPEN,2026-01-15T00:00:00
A001015,P000642,CREDIT_CARD,2021-03-16,,OPEN,2026-01-15T00:00:00
A001016,P000643,TRANSACTION,2024-03-12,,OPEN,2026-01-15T00:00:00
A001017,P000643,TRANSACTION,2018-01-27,,DORMANT,2026-01-15T09:00:00
A001018,P000644,SAVINGS,2019-09-11,,DORMANT,2026-01-15T00:00:00
A001019,P000645,TERM_DEPOSIT,2019-04-14,,DORMANT,2026-01-15T00:00:00
A001020,P000646,HOME_LOAN,2020-11-02,,OPEN,2026-01-15T00:00:00
A001021,P000646,HOME_LOAN,2019-12-11,,OPEN,2026-01-15T00:00:00
A001022,P000646,TRANSACTION,2020-11-18,,OPEN,2026-01-15T00:00:00
A001023,P000647,CREDIT_CARD,2022-10-15,,OPEN,2026-01-15T00:00:00
A001024,P000647,SAVINGS,2017-09-10,,OPEN,2026-01-15T00:00:00
A001025,P000648,TRANSACTION,2022-08-09,,OPEN,2026-01-15T00:00:00
A001026,P000648,SAVINGS,2024-11-24,,DORMANT,2026-01-15T00:00:00
A001027,P000649,SAVINGS,2025-04-25,,OPEN,2026-01-15T00:00:00
A001028,P000650,TERM_DEPOSIT,2024-08-25,,OPEN,2026-01-15T00:00:00
A001029,P000650,TRANSACTION,2018-08-20,,OPEN,2026-01-15T00:00:00
A001030,P000651,TRANSACTION,2020-02-10,,OPEN,2026-01-15T00:00:00
A001031,P000651,CREDIT_CARD,2016-12-16,,OPEN,2026-01-15T00:00:00
A001032,P000652,SAVINGS,2019-02-11,,OPEN,2026-01-15T00:00:00
A001033,P000652,TRANSACTION,2019-11-16,,OPEN,2026-01-15T00:00:00
A001034,P000652,TRANSACTION,2019-11-22,,OPEN,2026-01-15T00:00:00
A001035,P000653,SAVINGS,2016-08-19,,OPEN,2026-01-15T00:00:00
A001036,P000654,CREDIT_CARD,2023-08-14,,OPEN,2026-01-15T00:00:00
A001037,P000655,SAVINGS,2024-11-30,,OPEN,2026-01-15T00:00:00
A001038,P000655,SAVINGS,2025-02-12,,OPEN,2026-01-15T00:00:00
A001039,P000656,TRANSACTION,2017-05-24,,OPEN,2026-01-15T00:00:00
A001040,P000656,TRANSACTION,2022-10-27,2024-11-16,CLOSED,2026-01-15T00:00:00
A001041,P000657,CREDIT_CARD,2017-03-03,,OPEN,2026-01-15T00:00:00
A001042,P000658,TRANSACTION,2016-11-02,,OPEN,2026-01-15T00:00:00
A001043,P000658,TRANSACTION,2024-01-26,,OPEN,2026-01-15T00:00:00
A001044,P000659,SAVINGS,2024-12-28,,DORMANT,2026-01-15T09:00:00
A001045,P000659,SAVINGS,2016-11-20,,OPEN,2026-01-15T00:00:00
A001046,P000660,SAVINGS,2021-10-02,,OPEN,2026-01-15T00:00:00
A001047,P000660,SAVINGS,2019-02-19,2026-01-15,CLOSED,2026-01-15T09:00:00
A001048,P000661,TRANSACTION,2021-09-01,,OPEN,2026-01-15T00:00:00
A001049,P000662,SAVINGS,2022-09-01,,OPEN,2026-01-15T00:00:00
A001050,P000662,TRANSACTION,2024-12-18,,OPEN,2026-01-15T00:00:00
A001051,P000663,SAVINGS,2019-11-12,,OPEN,2026-01-15T00:00:00
A001052,P000664,TERM_DEPOSIT,2025-01-22,,OPEN,2026-01-15T00:00:00
A001053,P000665,TRANSACTION,2018-12-12,,OPEN,2026-01-15T00:00:00
A001054,P000665,TRANSACTION,2020-08-29,,OPEN,2026-01-15T00:00:00
A001055,P000666,TRANSACTION,2019-03-14,,OPEN,2026-01-15T00:00:00
A001056,P000667,TERM_DEPOSIT,2021-09-06,,OPEN,2026-01-15T00:00:00
A001057,P000667,TRANSACTION,2021-11-12,,OPEN,2026-01-15T00:00:00
A001058,P000668,TRANSACTION,2021-09-06,,OPEN,2026-01-15T00:00:00
A001059,P000669,TRANSACTION,2022-11-24,,OPEN,2026-01-15T00:00:00
A001060,P000670,TRANSACTION,2025-05-15,,OPEN,2026-01-15T00:00:00
A001061,P000670,CREDIT_CARD,2017-02-11,,OPEN,2026-01-15T00:00:00
A001062,P000670,CREDIT_CARD,2019-09-21,,OPEN,2026-01-15T00:00:00
A001063,P000671,TRANSACTION,2023-08-03,,OPEN,2026-01-15T00:00:00
A001064,P000671,SAVINGS,2019-01-12,2026-01-15,CLOSED,2026-01-15T09:00:00
A001065,P000672,CREDIT_CARD,2025-09-23,,OPEN,2026-01-15T00:00:00
A001066,P000672,CREDIT_CARD,2016-04-26,,DORMANT,2026-01-15T00:00:00
A001067,P000673,TRANSACTION,2022-12-01,,OPEN,2026-01-15T00:00:00
A001068,P000674,CREDIT_CARD,2023-01-31,,OPEN,2026-01-15T00:00:00
A001069,P000674,TRANSACTION,2019-09-08,,DORMANT,2026-01-15T00:00:00
A001070,P000674,CREDIT_CARD,2022-12-26,,OPEN,2026-01-15T00:00:00
A001071,P000675,CREDIT_CARD,2023-12-06,,OPEN,2026-01-15T00:00:00
A001072,P000676,TERM_DEPOSIT,2023-02-16,,OPEN,2026-01-15T00:00:00
A001073,P000677,CREDIT_CARD,2019-12-29,,OPEN,2026-01-15T00:00:00
A001074,P000678,TRANSACTION,2018-05-16,,OPEN,2026-01-15T00:00:00
A001075,P000679,SAVINGS,2022-08-11,,OPEN,2026-01-15T00:00:00
A001076,P000679,SAVINGS,2018-09-07,,OPEN,2026-01-15T00:00:00
A001077,P000680,TRANSACTION,2024-02-21,,OPEN,2026-01-15T00:00:00
A001078,P000680,CREDIT_CARD,2017-06-08,,OPEN,2026-01-15T00:00:00
A001079,P000681,CREDIT_CARD,2019-12-29,,OPEN,2026-01-15T00:00:00
A001080,P000682,HOME_LOAN,2023-02-04,,OPEN,2026-01-15T00:00:00
A001081,P000683,CREDIT_CARD,2022-08-25,,DORMANT,2026-01-15T00:00:00
A001082,P000683,SAVINGS,2024-02-29,,OPEN,2026-01-15T00:00:00
A001083,P000684,CREDIT_CARD,2016-03-15,,DORMANT,2026-01-15T00:00:00
A001084,P000684,TRANSACTION,2017-01-27,,OPEN,2026-01-15T00:00:00
A001085,P000685,TRANSACTION,2018-04-04,,OPEN,2026-01-15T00:00:00
A001086,P000685,TRANSACTION,2016-03-19,,DORMANT,2026-01-15T00:00:00
A001087,P000686,TRANSACTION,2021-09-08,,OPEN,2026-01-15T00:00:00
A001088,P000687,CREDIT_CARD,2020-03-01,,OPEN,2026-01-15T00:00:00
A001089,P000687,CREDIT_CARD,2020-04-02,,DORMANT,2026-01-15T00:00:00
A001090,P000688,TRANSACTION,2024-09-11,,OPEN,2026-01-15T00:00:00
A001091,P000689,SAVINGS,2023-12-02,,OPEN,2026-01-15T00:00:00
A001092,P000689,TRANSACTION,2017-10-13,2020-07-22,CLOSED,2026-01-15T00:00:00
A001093,P000690,SAVINGS,2018-05-13,,DORMANT,2026-01-15T09:00:00
A001094,P000690,TRANSACTION,2018-03-20,,OPEN,2026-01-15T00:00:00
A001095,P000691,TRANSACTION,2023-08-16,,DORMANT,2026-01-15T00:00:00
A001096,P000691,TRANSACTION,2017-05-04,,OPEN,2026-01-15T00:00:00
A001097,P000691,TRANSACTION,2020-01-07,,OPEN,2026-01-15T00:00:00
A001098,P000692,CREDIT_CARD,2021-06-29,,OPEN,2026-01-15T00:00:00
A001099,P000693,CREDIT_CARD,2024-11-28,,OPEN,2026-01-15T00:00:00
A001100,P000693,SAVINGS,2020-01-07,,OPEN,2026-01-15T00:00:00
A001101,P000694,TRANSACTION,2025-05-18,,OPEN,2026-01-15T00:00:00
A001102,P000694,TRANSACTION,2019-04-07,,OPEN,2026-01-15T00:00:00
A001103,P000695,SAVINGS,2024-05-29,,OPEN,2026-01-15T00:00:00
A001104,P000695,TRANSACTION,2023-05-22,,OPEN,2026-01-15T00:00:00
A001105,P000696,TRANSACTION,2025-01-21,2026-01-14,CLOSED,2026-01-15T00:00:00
A001106,P000697,CREDIT_CARD,2020-05-07,,OPEN,2026-01-15T00:00:00
A001107,P000697,TRANSACTION,2021-07-21,2026-01-15,CLOSED,2026-01-15T09:00:00
A001108,P000698,CREDIT_CARD,2017-03-08,,OPEN,2026-01-15T00:00:00
A001109,P000698,CREDIT_CARD,2025-10-28,,OPEN,2026-01-15T00:00:00
A001110,P000698,TRANSACTION,2016-09-19,,OPEN,2026-01-15T00:00:00
A001111,P000699,SAVINGS,2022-03-02,,OPEN,2026-01-15T00:00:00
A001112,P000699,TRANSACTION,2024-06-26,,OPEN,2026-01-15T00:00:00
A001113,P000700,TRANSACTION,2018-03-14,,OPEN,2026-01-15T00:00:00
A001114,P000701,CREDIT_CARD,2022-12-17,,OPEN,2026-01-15T00:00:00
A001115,P000702,SAVINGS,2017-10-16,,DORMANT,2026-01-15T00:00:00
A001116,P000702,TERM_DEPOSIT,2018-12-15,,OPEN,2026-01-15T00:00:00
A001117,P000703,SAVINGS,2022-01-15,,OPEN,2026-01-15T00:00:00
A001118,P000704,TRANSACTION,2025-02-14,2026-01-15,CLOSED,2026-01-15T09:00:00
A001119,P000705,SAVINGS,2019-06-21,,OPEN,2026-01-15T00:00:00
A001120,P000705,SAVINGS,2023-05-21,,OPEN,2026-01-15T00:00:00
A001121,P000706,TRANSACTION,2025-08-15,,OPEN,2026-01-15T00:00:00
A001122,P000707,TRANSACTION,2024-01-03,,OPEN,2026-01-15T00:00:00
A001123,P000707,TRANSACTION,2023-07-02,,OPEN,2026-01-15T00:00:00
A001124,P000708,TRANSACTION,2020-11-09,,OPEN,2026-01-15T00:00:00
A001125,P000709,TRANSACTION,2023-01-21,,DORMANT,2026-01-15T00:00:00
A001126,P000710,CREDIT_CARD,2022-08-15,,OPEN,2026-01-15T00:00:00
A001127,P000710,SAVINGS,2017-07-16,,OPEN,2026-01-15T00:00:00
A001128,P000711,TRANSACTION,2017-01-13,,OPEN,2026-01-15T00:00:00
A001129,P000712,TRANSACTION,2021-01-13,2025-05-15,CLOSED,2026-01-15T00:00:00
A001130,P000713,SAVINGS,2024-08-11,,OPEN,2026-01-15T00:00:00
A001131,P000714,CREDIT_CARD,2025-06-12,,DORMANT,2026-01-15T09:00:00
A001132,P000715,TRANSACTION,2023-08-22,,OPEN,2026-01-15T00:00:00
A001133,P000715,TRANSACTION,2019-02-08,,OPEN,2026-01-15T00:00:00
A001134,P000716,TRANSACTION,2024-03-11,,OPEN,2026-01-15T00:00:00
A001135,P000716,TRANSACTION,2017-07-24,,OPEN,2026-01-15T00:00:00
A001136,P000717,CREDIT_CARD,2023-01-26,,DORMANT,2026-01-15T00:00:00
A001137,P000717,TRANSACTION,2016-10-01,,OPEN,2026-01-15T00:00:00
A001138,P000717,SAVINGS,2021-01-10,,OPEN,2026-01-15T00:00:00
A001139,P000718,CREDIT_CARD,2021-02-27,,OPEN,2026-01-15T00:00:00
A001140,P000719,TRANSACTION,2023-07-22,2026-01-14,CLOSED,2026-01-15T00:00:00
A001141,P000719,TRANSACTION,2017-07-06,2018-04-29,CLOSED,2026-01-15T00:00:00
A001142,P000720,TERM_DEPOSIT,2025-11-11,,OPEN,2026-01-15T00:00:00
A001143,P000721,CREDIT_CARD,2022-01-28,,OPEN,2026-01-15T00:00:00
A001144,P000721,SAVINGS,2018-06-09,,DORMANT,2026-01-15T00:00:00
A001145,P000721,CREDIT_CARD,2019-12-28,,OPEN,2026-01-15T00:00:00
A001146,P000722,TRANSACTION,2021-09-20,,OPEN,2026-01-15T00:00:00
A001147,P000723,TRANSACTION,2021-10-06,,OPEN,2026-01-15T00:00:00
A001148,P000724,SAVINGS,2025-05-21,,OPEN,2026-01-15T00:00:00
A001149,P000724,HOME_LOAN,2019-05-28,,OPEN,2026-01-15T00:00:00
A001150,P000725,TRANSACTION,2023-11-18,,DORMANT,2026-01-15T00:00:00
A001151,P000725,CREDIT_CARD,2020-11-02,2024-04-08,CLOSED,2026-01-15T00:00:00
A001152,P000726,TRANSACTION,2019-03-20,,OPEN,2026-01-15T00:00:00
A001153,P000726,SAVINGS,2018-11-25,,OPEN,2026-01-15T00:00:00
A001154,P000727,CREDIT_CARD,2016-03-02,,OPEN,2026-01-15T00:00:00
A001155,P000727,TRANSACTION,2019-09-21,,OPEN,2026-01-15T00:00:00
A001156,P000728,CREDIT_CARD,2018-05-04,,OPEN,2026-01-15T00:00:00
A001157,P000728,HOME_LOAN,2020-10-20,,OPEN,2026-01-15T00:00:00
A001158,P000729,TRANSACTION,2017-02-17,,OPEN,2026-01-15T00:00:00
A001159,P000730,HOME_LOAN,2023-02-19,2026-01-15,CLOSED,2026-01-15T09:00:00
A001160,P000731,TRANSACTION,2017-04-04,,DORMANT,2026-01-15T09:00:00
A001161,P000731,TRANSACTION,2018-12-24,,OPEN,2026-01-15T00:00:00
A001162,P000732,HOME_LOAN,2023-10-14,,OPEN,2026-01-15T00:00:00
A001163,P000732,CREDIT_CARD,2016-11-13,,OPEN,2026-01-15T00:00:00
A001164,P000733,TRANSACTION,2021-02-05,,OPEN,2026-01-15T00:00:00
A001165,P000734,TERM_DEPOSIT,2021-05-06,,OPEN,2026-01-15T00:00:00
A001166,P000734,TRANSACTION,2019-08-30,,OPEN,2026-01-15T00:00:00
A001167,P000735,TRANSACTION,2017-05-09,,OPEN,2026-01-15T00:00:00
A001168,P000736,SAVINGS,2023-12-20,,DORMANT,2026-01-15T09:00:00
A001169,P000736,TRANSACTION,2017-10-17,,OPEN,2026-01-15T00:00:00
A001170,P000736,SAVINGS,2022-04-07,,OPEN,2026-01-15T00:00:00
A001171,P000737,TRANSACTION,2023-03-08,,DORMANT,2026-01-15T00:00:00
A001172,P000737,SAVINGS,2018-07-19,,DORMANT,2026-01-15T00:00:00
A001173,P000738,CREDIT_CARD,2022-09-22,,OPEN,2026-01-15T00:00:00
A001174,P000738,TERM_DEPOSIT,2021-05-07,,DORMANT,2026-01-15T00:00:00
A001175,P000739,TRANSACTION,2018-02-14,,OPEN,2026-01-15T00:00:00
A001176,P000740,TRANSACTION,2016-11-23,,DORMANT,2026-01-15T00:00:00
A001177,P000741,SAVINGS,2021-11-23,,DORMANT,2026-01-15T09:00:00
A001178,P000742,SAVINGS,2024-11-14,,OPEN,2026-01-15T00:00:00
A001179,P000743,TRANSACTION,2021-05-10,,OPEN,2026-01-15T00:00:00
A001180,P000744,TRANSACTION,2019-08-14,,OPEN,2026-01-15T00:00:00
A001181,P000744,TRANSACTION,2018-05-20,,OPEN,2026-01-15T00:00:00
A001182,P000744,TERM_DEPOSIT,2017-04-28,,OPEN,2026-01-15T00:00:00
A001183,P000745,SAVINGS,2017-07-03,,OPEN,2026-01-15T00:00:00
A001184,P000746,CREDIT_CARD,2021-06-13,,OPEN,2026-01-15T00:00:00
A001185,P000746,TRANSACTION,2016-12-27,,OPEN,2026-01-15T00:00:00
A001186,P000747,TRANSACTION,2025-06-18,,DORMANT,2026-01-15T00:00:00
A001187,P000747,CREDIT_CARD,2024-01-29,,OPEN,2026-01-15T00:00:00
A001188,P000748,TRANSACTION,2016-05-12,,OPEN,2026-01-15T00:00:00
A001189,P000749,TERM_DEPOSIT,2021-07-21,,OPEN,2026-01-15T00:00:00
A001190,P000749,TRANSACTION,2016-07-27,2018-11-26,CLOSED,2026-01-15T00:00:00
A001191,P000750,TRANSACTION,2018-06-04,,OPEN,2026-01-15T00:00:00
A001192,P000751,CREDIT_CARD,2016-09-07,,DORMANT,2026-01-15T00:00:00
A001193,P000751,TRANSACTION,2025-03-05,,OPEN,2026-01-15T00:00:00
A001194,P000752,SAVINGS,2025-01-07,,OPEN,2026-01-15T00:00:00
A001195,P000753,CREDIT_CARD,2022-04-25,,OPEN,2026-01-15T00:00:00
A001196,P000753,TRANSACTION,2023-12-07,,DORMANT,2026-01-15T00:00:00
A001197,P000754,CREDIT_CARD,2020-12-12,,OPEN,2026-01-15T00:00:00
A001198,P000755,TRANSACTION,2021-10-15,,OPEN,2026-01-15T00:00:00
A001199,P000755,TRANSACTION,2025-09-24,,DORMANT,2026-01-15T00:00:00
A001200,P000756,SAVINGS,2021-07-15,,OPEN,2026-01-15T00:00:00
A001201,P000757,TRANSACTION,2024-05-08,,OPEN,2026-01-15T00:00:00
A001202,P000757,CREDIT_CARD,2021-04-20,,OPEN,2026-01-15T00:00:00
A001203,P000758,TRANSACTION,2019-09-09,,OPEN,2026-01-15T00:00:00
A001204,P000758,CREDIT_CARD,2020-05-26,,OPEN,2026-01-15T00:00:00
A001205,P000759,TERM_DEPOSIT,2025-05-20,2026-01-14,CLOSED,2026-01-15T00:00:00
A001206,P000759,SAVINGS,2019-03-04,,OPEN,2026-01-15T00:00:00
A001207,P000760,TRANSACTION,2020-01-16,,OPEN,2026-01-15T00:00:00
A001208,P000760,TRANSACTION,2023-09-24,,OPEN,2026-01-15T00:00:00
A001209,P000761,TRANSACTION,2024-06-06,2026-01-14,CLOSED,2026-01-15T00:00:00
A001210,P000762,TERM_DEPOSIT,2023-08-25,,OPEN,2026-01-15T00:00:00
A001211,P000763,TRANSACTION,2019-10-23,,DORMANT,2026-01-15T00:00:00
A001212,P000763,SAVINGS,2023-08-15,,DORMANT,2026-01-15T00:00:00
A001213,P000763,TERM_DEPOSIT,2024-01-29,,OPEN,2026-01-15T00:00:00
A001214,P000764,TRANSACTION,2021-08-29,,OPEN,2026-01-15T00:00:00
A001215,P000765,TRANSACTION,2020-02-29,2022-02-08,CLOSED,2026-01-15T00:00:00
A001216,P000765,TRANSACTION,2020-05-11,,OPEN,2026-01-15T00:00:00
A001217,P000766,TRANSACTION,2023-10-14,,OPEN,2026-01-15T00:00:00
A001218,P000766,TRANSACTION,2018-06-06,,OPEN,2026-01-15T00:00:00
A001219,P000766,TRANSACTION,2019-04-10,,DORMANT,2026-01-15T09:00:00
A001220,P000767,CREDIT_CARD,2022-04-18,,OPEN,2026-01-15T00:00:00
A001221,P000767,CREDIT_CARD,2022-08-15,,OPEN,2026-01-15T00:00:00
A001222,P000767,HOME_LOAN,2024-11-09,,OPEN,2026-01-15T00:00:00
A001223,P000768,TRANSACTION,2020-11-07,,OPEN,2026-01-15T00:00:00
A001224,P000769,TRANSACTION,2020-08-23,,OPEN,2026-01-15T00:00:00
A001225,P000770,TERM_DEPOSIT,2017-08-11,,OPEN,2026-01-15T00:00:00
A001226,P000770,SAVINGS,2024-01-04,,DORMANT,2026-01-15T00:00:00
A001227,P000770,TRANSACTION,2016-07-26,,OPEN,2026-01-15T00:00:00
A001228,P000771,SAVINGS,2016-09-18,,OPEN,2026-01-15T00:00:00
A001229,P000772,TRANSACTION,2023-10-01,,OPEN,2026-01-15T00:00:00
A001230,P000772,TERM_DEPOSIT,2021-03-18,,OPEN,2026-01-15T00:00:00
A001231,P000773,CREDIT_CARD,2020-05-29,,OPEN,2026-01-15T00:00:00
A001232,P000774,TRANSACTION,2017-06-02,,OPEN,2026-01-15T00:00:00
A001233,P000774,CREDIT_CARD,2016-02-10,,OPEN,2026-01-15T00:00:00
A001234,P000775,TRANSACTION,2020-02-21,,OPEN,2026-01-15T00:00:00
A001235,P000776,TRANSACTION,2025-08-04,,OPEN,2026-01-15T00:00:00
A001236,P000776,SAVINGS,2020-11-16,2021-03-02,CLOSED,2026-01-15T00:00:00
A001237,P000777,CREDIT_CARD,2019-10-24,,OPEN,2026-01-15T00:00:00
A001238,P000778,SAVINGS,2024-08-01,,OPEN,2026-01-15T00:00:00
A001239,P000779,TRANSACTION,2020-05-08,,OPEN,2026-01-15T00:00:00
A001240,P000779,TRANSACTION,2017-03-04,,OPEN,2026-01-15T00:00:00
A001241,P000780,TRANSACTION,2017-05-06,2026-01-15,CLOSED,2026-01-15T09:00:00
A001242,P000780,SAVINGS,2024-12-21,,OPEN,2026-01-15T00:00:00
A001243,P000781,TRANSACTION,2022-01-01,,OPEN,2026-01-15T00:00:00
A001244,P000782,HOME_LOAN,2018-04-22,,DORMANT,2026-01-15T00:00:00
A001245,P000783,CREDIT_CARD,2019-11-15,2025-04-16,CLOSED,2026-01-15T00:00:00
A001246,P000784,TRANSACTION,2019-07-14,,OPEN,2026-01-15T00:00:00
A001247,P000785,SAVINGS,2023-12-19,2026-01-15,CLOSED,2026-01-15T09:00:00
A001248,P000786,TRANSACTION,2021-06-16,2025-11-08,CLOSED,2026-01-15T00:00:00
A001249,P000786,SAVINGS,2025-06-23,2026-01-15,CLOSED,2026-01-15T09:00:00
A001250,P000787,SAVINGS,2023-04-13,,OPEN,2026-01-15T00:00:00
A001251,P000788,TRANSACTION,2019-10-15,,DORMANT,2026-01-15T00:00:00
A001252,P000788,HOME_LOAN,2024-06-30,,DORMANT,2026-01-15T00:00:00
A001253,P000789,TRANSACTION,2025-07-16,2026-01-14,CLOSED,2026-01-15T00:00:00
A001254,P000790,SAVINGS,2019-11-02,,OPEN,2026-01-15T00:00:00
A001255,P000790,CREDIT_CARD,2017-11-18,,OPEN,2026-01-15T00:00:00
A001256,P000791,TRANSACTION,2024-06-17,,OPEN,2026-01-15T00:00:00
A001257,P000792,CREDIT_CARD,2019-01-30,,OPEN,2026-01-15T00:00:00
A001258,P000792,SAVINGS,2018-08-29,,OPEN,2026-01-15T00:00:00
A001259,P000793,SAVINGS,2020-03-24,,OPEN,2026-01-15T00:00:00
A001260,P000794,TERM_DEPOSIT,2018-02-14,,OPEN,2026-01-15T00:00:00
A001261,P000794,TRANSACTION,2023-11-29,,OPEN,2026-01-15T00:00:00
A001262,P000795,TRANSACTION,2020-07-24,,OPEN,2026-01-15T00:00:00
A001263,P000796,SAVINGS,2025-08-16,,DORMANT,2026-01-15T00:00:00
A001264,P000796,SAVINGS,2021-08-26,,OPEN,2026-01-15T00:00:00
A001265,P000797,TRANSACTION,2018-11-17,2026-01-15,CLOSED,2026-01-15T09:00:00
A001266,P000797,SAVINGS,2019-01-27,,OPEN,2026-01-15T00:00:00
A001267,P000797,TRANSACTION,2024-03-27,,DORMANT,2026-01-15T00:00:00
A001268,P000798,TRANSACTION,2020-05-05,,OPEN,2026-01-15T00:00:00
A001269,P000798,TRANSACTION,2016-07-25,,OPEN,2026-01-15T00:00:00
A001270,P000799,TRANSACTION,2017-07-05,,OPEN,2026-01-15T00:00:00
A001271,P000800,TRANSACTION,2020-01-15,,OPEN,2026-01-15T00:00:00
A001272,P000800,SAVINGS,2018-04-08,,OPEN,2026-01-15T00:00:00
A001273,P000801,TRANSACTION,2022-11-24,,DORMANT,2026-01-15T00:00:00
A001274,P000802,CREDIT_CARD,2017-06-12,2019-09-30,CLOSED,2026-01-15T00:00:00
A001275,P000802,CREDIT_CARD,2022-03-13,,OPEN,2026-01-15T00:00:00
A001276,P000803,TRANSACTION,2024-07-08,,OPEN,2026-01-15T00:00:00
A001277,P000803,TERM_DEPOSIT,2023-12-12,,OPEN,2026-01-15T00:00:00
A001278,P000804,TRANSACTION,2023-02-07,,OPEN,2026-01-15T00:00:00
A001279,P000805,SAVINGS,2021-07-01,,OPEN,2026-01-15T00:00:00
A001280,P000806,CREDIT_CARD,2022-08-15,,OPEN,2026-01-15T00:00:00
A001281,P000807,HOME_LOAN,2018-04-03,,OPEN,2026-01-15T00:00:00
A001282,P000808,TRANSACTION,2021-07-12,,OPEN,2026-01-15T00:00:00
A001283,P000808,TRANSACTION,2023-09-27,,OPEN,2026-01-15T00:00:00
A001284,P000809,SAVINGS,2024-10-05,,OPEN,2026-01-15T00:00:00
A001285,P000809,TRANSACTION,2025-01-09,,OPEN,2026-01-15T00:00:00
A001286,P000809,TERM_DEPOSIT,2023-10-29,,OPEN,2026-01-15T00:00:00
A001287,P000810,HOME_LOAN,2020-07-01,,OPEN,2026-01-15T00:00:00
A001288,P000811,TRANSACTION,2019-06-19,,OPEN,2026-01-15T00:00:00
A001289,P000811,TERM_DEPOSIT,2023-06-08,,DORMANT,2026-01-15T00:00:00
A001290,P000811,TRANSACTION,2019-12-24,2026-01-15,CLOSED,2026-01-15T09:00:00
A001291,P000812,TRANSACTION,2016-04-08,2019-04-06,CLOSED,2026-01-15T00:00:00
A001292,P000812,TRANSACTION,2017-12-13,,OPEN,2026-01-15T00:00:00
A001293,P000813,HOME_LOAN,2020-06-05,2026-01-15,CLOSED,2026-01-15T09:00:00
A001294,P000814,TERM_DEPOSIT,2019-08-27,,OPEN,2026-01-15T00:00:00
A001295,P000814,SAVINGS,2017-06-10,,OPEN,2026-01-15T00:00:00
A001296,P000814,SAVINGS,2016-09-01,,OPEN,2026-01-15T00:00:00
A001297,P000815,TRANSACTION,2018-12-06,,OPEN,2026-01-15T00:00:00
A001298,P000816,SAVINGS,2019-06-13,,OPEN,2026-01-15T00:00:00
A001299,P000816,CREDIT_CARD,2020-07-09,,OPEN,2026-01-15T00:00:00
A001300,P000817,TRANSACTION,2016-07-29,,OPEN,2026-01-15T00:00:00
A001301,P000818,TRANSACTION,2025-06-30,,OPEN,2026-01-15T00:00:00
A001302,P000818,TRANSACTION,2021-06-30,,OPEN,2026-01-15T00:00:00
A001303,P000819,SAVINGS,2022-04-03,,OPEN,2026-01-15T00:00:00
A001304,P000820,TRANSACTION,2023-12-22,,OPEN,2026-01-15T00:00:00
A001305,P000821,CREDIT_CARD,2020-07-31,,OPEN,2026-01-15T00:00:00
A001306,P000821,HOME_LOAN,2024-10-29,,OPEN,2026-01-15T00:00:00
A001307,P000821,TRANSACTION,2016-05-15,,OPEN,2026-01-15T00:00:00
A001308,P000822,SAVINGS,2016-06-04,,OPEN,2026-01-15T00:00:00
A001309,P000823,CREDIT_CARD,2022-09-27,2026-01-14,CLOSED,2026-01-15T00:00:00
A001310,P000823,TRANSACTION,2017-03-19,,OPEN,2026-01-15T00:00:00
A001311,P000824,SAVINGS,2024-07-20,,OPEN,2026-01-15T00:00:00
A001312,P000825,SAVINGS,2019-02-18,,OPEN,2026-01-15T00:00:00
A001313,P000826,SAVINGS,2022-11-15,,OPEN,2026-01-15T00:00:00
A001314,P000827,SAVINGS,2019-08-31,,DORMANT,2026-01-15T00:00:00
A001315,P000828,TRANSACTION,2024-05-20,,DORMANT,2026-01-15T00:00:00
A001316,P000829,TERM_DEPOSIT,2017-03-21,,OPEN,2026-01-15T00:00:00
A001317,P000829,TRANSACTION,2022-04-13,,DORMANT,2026-01-15T00:00:00
A001318,P000830,TRANSACTION,2017-06-17,,OPEN,2026-01-15T00:00:00
A001319,P000830,TRANSACTION,2022-07-27,,DORMANT,2026-01-15T00:00:00
A001320,P000831,CREDIT_CARD,2020-03-13,,OPEN,2026-01-15T00:00:00
A001321,P000832,SAVINGS,2019-11-06,,OPEN,2026-01-15T00:00:00
A001322,P000832,CREDIT_CARD,2021-03-09,2025-10-25,CLOSED,2026-01-15T00:00:00
A001323,P000833,CREDIT_CARD,2016-06-24,,OPEN,2026-01-15T00:00:00
A001324,P000833,TRANSACTION,2024-06-22,,OPEN,2026-01-15T00:00:00
A001325,P000834,TRANSACTION,2024-12-27,,OPEN,2026-01-15T00:00:00
A001326,P000834,TRANSACTION,2022-03-11,,OPEN,2026-01-15T00:00:00
A001327,P000835,TRANSACTION,2025-06-23,,OPEN,2026-01-15T00:00:00
A001328,P000835,CREDIT_CARD,2021-09-28,,OPEN,2026-01-15T00:00:00
A001329,P000835,SAVINGS,2016-01-26,,OPEN,2026-01-15T00:00:00
A001330,P000836,TRANSACTION,2016-01-30,,OPEN,2026-01-15T00:00:00
A001331,P000836,HOME_LOAN,2024-08-14,,OPEN,2026-01-15T00:00:00
A001332,P000836,CREDIT_CARD,2025-02-21,,OPEN,2026-01-15T00:00:00
A001333,P000837,SAVINGS,2020-01-25,,OPEN,2026-01-15T00:00:00
A001334,P000838,SAVINGS,2023-11-16,,OPEN,2026-01-15T00:00:00
A001335,P000838,TRANSACTION,2022-09-24,,DORMANT,2026-01-15T00:00:00
A001336,P000839,TRANSACTION,2019-05-05,,OPEN,2026-01-15T00:00:00
A001337,P000840,TRANSACTION,2016-05-19,,DORMANT,2026-01-15T09:00:00
A001338,P000840,TERM_DEPOSIT,2021-03-05,,OPEN,2026-01-15T00:00:00
A001339,P000841,TRANSACTION,2022-08-21,,OPEN,2026-01-15T00:00:00
A001340,P000841,TRANSACTION,2025-11-05,,OPEN,2026-01-15T00:00:00
A001341,P000842,HOME_LOAN,2018-01-10,,OPEN,2026-01-15T00:00:00
A001342,P000842,TRANSACTION,2023-07-29,,DORMANT,2026-01-15T09:00:00
A001343,P000843,TRANSACTION,2016-10-17,,OPEN,2026-01-15T00:00:00
A001344,P000844,CREDIT_CARD,2017-08-27,,OPEN,2026-01-15T00:00:00
A001345,P000845,TRANSACTION,2019-02-12,,OPEN,2026-01-15T00:00:00
A001346,P000845,CREDIT_CARD,2025-11-02,,OPEN,2026-01-15T00:00:00
A001347,P000846,TRANSACTION,2017-08-21,,DORMANT,2026-01-15T09:00:00
A001348,P000846,TRANSACTION,2023-03-05,,OPEN,2026-01-15T00:00:00
A001349,P000847,TRANSACTION,2019-09-20,,OPEN,2026-01-15T00:00:00
A001350,P000848,TRANSACTION,2020-08-18,,OPEN,2026-01-15T00:00:00
A001351,P000849,SAVINGS,2023-12-08,,OPEN,2026-01-15T00:00:00
A001352,P000849,TERM_DEPOSIT,2020-07-14,,OPEN,2026-01-15T00:00:00
A001353,P000850,HOME_LOAN,2019-08-13,,OPEN,2026-01-15T00:00:00
A001354,P000851,TRANSACTION,2016-03-30,,OPEN,2026-01-15T00:00:00
A001355,P000852,TRANSACTION,2024-11-27,,OPEN,2026-01-15T00:00:00
A001356,P000853,SAVINGS,2020-10-31,,OPEN,2026-01-15T00:00:00
A001357,P000853,SAVINGS,2023-03-20,,OPEN,2026-01-15T00:00:00
A001358,P000854,SAVINGS,2023-11-18,,OPEN,2026-01-15T00:00:00
A001359,P000855,SAVINGS,2023-12-13,,OPEN,2026-01-15T00:00:00
A001360,P000855,SAVINGS,2023-09-11,,OPEN,2026-01-15T00:00:00
A001361,P000855,CREDIT_CARD,2023-06-26,,DORMANT,2026-01-15T00:00:00
A001362,P000856,HOME_LOAN,2016-07-10,,DORMANT,2026-01-15T00:00:00
A001363,P000856,TRANSACTION,2023-12-26,,OPEN,2026-01-15T00:00:00
A001364,P000857,TERM_DEPOSIT,2023-07-09,,OPEN,2026-01-15T00:00:00
A001365,P000857,TERM_DEPOSIT,2024-10-15,,OPEN,2026-01-15T00:00:00
A001366,P000857,CREDIT_CARD,2018-07-19,,DORMANT,2026-01-15T00:00:00
A001367,P000858,TRANSACTION,2019-09-19,,OPEN,2026-01-15T00:00:00
A001368,P000859,TRANSACTION,2018-08-05,,OPEN,2026-01-15T00:00:00
A001369,P000860,CREDIT_CARD,2016-04-28,,DORMANT,2026-01-15T00:00:00
A001370,P000860,TRANSACTION,2019-09-07,,DORMANT,2026-01-15T00:00:00
A001371,P000860,TRANSACTION,2024-07-19,,OPEN,2026-01-15T00:00:00
A001372,P000861,CREDIT_CARD,2020-05-22,,OPEN,2026-01-15T00:00:00
A001373,P000861,CREDIT_CARD,2022-09-01,,OPEN,2026-01-15T00:00:00
A001374,P000862,TRANSACTION,2016-03-19,,OPEN,2026-01-15T00:00:00
A001375,P000863,CREDIT_CARD,2019-01-24,,OPEN,2026-01-15T00:00:00
A001376,P000863,TRANSACTION,2020-11-27,,OPEN,2026-01-15T00:00:00
A001377,P000864,SAVINGS,2025-11-20,,OPEN,2026-01-15T00:00:00
A001378,P000864,TRANSACTION,2025-02-18,,OPEN,2026-01-15T00:00:00
A001379,P000865,SAVINGS,2019-03-28,,OPEN,2026-01-15T00:00:00
A001380,P000866,SAVINGS,2024-08-28,2026-01-15,CLOSED,2026-01-15T09:00:00
A001381,P000867,CREDIT_CARD,2024-05-14,,OPEN,2026-01-15T00:00:00
A001382,P000867,SAVINGS,2020-02-06,,OPEN,2026-01-15T00:00:00
A001383,P000868,CREDIT_CARD,2017-06-23,2018-05-24,CLOSED,2026-01-15T00:00:00
A001384,P000869,TRANSACTION,2017-01-19,,OPEN,2026-01-15T00:00:00
A001385,P000869,TRANSACTION,2023-10-22,,OPEN,2026-01-15T00:00:00
A001386,P000870,TRANSACTION,2019-09-14,,OPEN,2026-01-15T00:00:00
A001387,P000870,CREDIT_CARD,2018-03-24,,DORMANT,2026-01-15T00:00:00
A001388,P000870,SAVINGS,2020-03-30,,DORMANT,2026-01-15T00:00:00
A001389,P000871,SAVINGS,2018-02-22,,OPEN,2026-01-15T00:00:00
A001390,P000872,TRANSACTION,2020-02-25,,OPEN,2026-01-15T00:00:00
A001391,P000872,TRANSACTION,2019-12-02,,OPEN,2026-01-15T00:00:00
A001392,P000873,CREDIT_CARD,2017-07-02,,OPEN,2026-01-15T00:00:00
A001393,P000874,TRANSACTION,2025-09-21,,OPEN,2026-01-15T00:00:00
A001394,P000874,TRANSACTION,2021-07-27,,OPEN,2026-01-15T00:00:00
A001395,P000875,CREDIT_CARD,2019-06-26,,OPEN,2026-01-15T00:00:00
A001396,P000875,SAVINGS,2022-01-11,,OPEN,2026-01-15T00:00:00
A001397,P000876,TRANSACTION,2017-10-03,,OPEN,2026-01-15T00:00:00
A001398,P000877,TRANSACTION,2017-03-08,,OPEN,2026-01-15T00:00:00
A001399,P000877,SAVINGS,2017-03-07,,DORMANT,2026-01-15T00:00:00
A001400,P000877,TERM_DEPOSIT,2017-07-07,,OPEN,2026-01-15T00:00:00
A001401,P000878,TRANSACTION,2020-07-23,,OPEN,2026-01-15T00:00:00
A001402,P000879,SAVINGS,2025-04-13,,OPEN,2026-01-15T00:00:00
A001403,P000879,TRANSACTION,2025-11-11,,DORMANT,2026-01-15T09:00:00
A001404,P000880,TRANSACTION,2018-03-20,,OPEN,2026-01-15T00:00:00
A001405,P000880,TRANSACTION,2024-08-17,,OPEN,2026-01-15T00:00:00
A001406,P000880,TRANSACTION,2024-03-23,,OPEN,2026-01-15T00:00:00
A001407,P000881,TRANSACTION,2016-03-13,,OPEN,2026-01-15T00:00:00
A001408,P000882,SAVINGS,2020-09-07,,OPEN,2026-01-15T00:00:00
A001409,P000882,TRANSACTION,2024-08-17,,OPEN,2026-01-15T00:00:00
A001410,P000883,TRANSACTION,2024-08-27,,OPEN,2026-01-15T00:00:00
A001411,P000883,TRANSACTION,2023-11-22,,OPEN,2026-01-15T00:00:00
A001412,P000884,TRANSACTION,2024-05-23,,OPEN,2026-01-15T00:00:00
A001413,P000884,SAVINGS,2019-12-26,,OPEN,2026-01-15T00:00:00
A001414,P000885,TRANSACTION,2018-12-07,,OPEN,2026-01-15T00:00:00
A001415,P000885,TRANSACTION,2022-08-17,,OPEN,2026-01-15T00:00:00
A001416,P000885,TRANSACTION,2022-02-19,,OPEN,2026-01-15T00:00:00
A001417,P000886,TRANSACTION,2018-08-16,,DORMANT,2026-01-15T00:00:00
A001418,P000887,CREDIT_CARD,2024-10-03,,OPEN,2026-01-15T00:00:00
A001419,P000887,CREDIT_CARD,2023-12-11,,OPEN,2026-01-15T00:00:00
A001420,P000888,CREDIT_CARD,2018-04-05,,OPEN,2026-01-15T00:00:00
A001421,P000889,TERM_DEPOSIT,2016-04-11,,OPEN,2026-01-15T00:00:00
A001422,P000890,HOME_LOAN,2024-03-27,,OPEN,2026-01-15T00:00:00
A001423,P000890,TRANSACTION,2025-09-22,,OPEN,2026-01-15T00:00:00
A001424,P000891,CREDIT_CARD,2021-10-21,2023-12-06,CLOSED,2026-01-15T00:00:00
A001425,P000891,CREDIT_CARD,2016-07-02,,OPEN,2026-01-15T00:00:00
A001426,P000892,CREDIT_CARD,2025-11-26,,OPEN,2026-01-15T00:00:00
A001427,P000892,TRANSACTION,2018-06-10,,OPEN,2026-01-15T00:00:00
A001428,P000893,CREDIT_CARD,2019-05-18,,OPEN,2026-01-15T00:00:00
A001429,P000894,TRANSACTION,2020-10-30,,OPEN,2026-01-15T00:00:00
A001430,P000895,TRANSACTION,2021-11-22,,OPEN,2026-01-15T00:00:00
A001431,P000896,TRANSACTION,2017-05-14,,DORMANT,2026-01-15T00:00:00
A001432,P000897,TRANSACTION,2025-01-29,,DORMANT,2026-01-15T00:00:00
A001433,P000898,TRANSACTION,2020-07-07,,DORMANT,2026-01-15T00:00:00
A001434,P000898,TRANSACTION,2021-11-10,,OPEN,2026-01-15T00:00:00
A001435,P000899,SAVINGS,2022-10-20,,OPEN,2026-01-15T00:00:00
A001436,P000900,TRANSACTION,2017-11-09,,OPEN,2026-01-15T00:00:00
A001437,P000900,TRANSACTION,2021-02-20,,DORMANT,2026-01-15T00:00:00
A001438,P000901,TRANSACTION,2024-07-01,,DORMANT,2026-01-15T00:00:00
A001439,P000902,TERM_DEPOSIT,2024-09-19,,OPEN,2026-01-15T00:00:00
A001440,P000903,CREDIT_CARD,2016-08-20,,DORMANT,2026-01-15T00:00:00
A001441,P000904,TRANSACTION,2018-01-20,,OPEN,2026-01-15T00:00:00
A001442,P000904,TRANSACTION,2023-02-13,,OPEN,2026-01-15T00:00:00
A001443,P000905,TRANSACTION,2021-05-15,2024-09-11,CLOSED,2026-01-15T00:00:00
A001444,P000906,SAVINGS,2021-10-14,,OPEN,2026-01-15T00:00:00
A001445,P000906,CREDIT_CARD,2018-12-07,,OPEN,2026-01-15T00:00:00
A001446,P000906,TRANSACTION,2018-04-29,,OPEN,2026-01-15T00:00:00
A001447,P000907,TRANSACTION,2016-06-17,,OPEN,2026-01-15T00:00:00
A001448,P000908,SAVINGS,2024-09-22,,OPEN,2026-01-15T00:00:00
A001449,P000909,SAVINGS,2025-11-20,,OPEN,2026-01-15T00:00:00
A001450,P000909,SAVINGS,2017-04-17,,OPEN,2026-01-15T00:00:00
A001451,P000910,TRANSACTION,2023-08-06,,OPEN,2026-01-15T00:00:00
A001452,P000910,TERM_DEPOSIT,2017-01-11,,OPEN,2026-01-15T00:00:00
A001453,P000911,TRANSACTION,2022-10-27,,OPEN,2026-01-15T00:00:00
A001454,P000912,TRANSACTION,2020-02-17,,OPEN,2026-01-15T00:00:00
A001455,P000913,TRANSACTION,2017-10-08,,OPEN,2026-01-15T00:00:00
A001456,P000914,TRANSACTION,2025-07-30,,DORMANT,2026-01-15T00:00:00
A001457,P000915,TRANSACTION,2025-03-27,,OPEN,2026-01-15T00:00:00
A001458,P000916,TRANSACTION,2020-11-02,,OPEN,2026-01-15T00:00:00
A001459,P000917,CREDIT_CARD,2022-03-12,,OPEN,2026-01-15T00:00:00
A001460,P000918,CREDIT_CARD,2021-11-13,2023-07-30,CLOSED,2026-01-15T00:00:00
A001461,P000919,TRANSACTION,2021-06-05,,OPEN,2026-01-15T00:00:00
A001462,P000920,TRANSACTION,2019-08-01,,OPEN,2026-01-15T00:00:00
A001463,P000920,TRANSACTION,2016-04-12,,OPEN,2026-01-15T00:00:00
A001464,P000921,TRANSACTION,2021-02-06,,OPEN,2026-01-15T00:00:00
A001465,P000922,TRANSACTION,2019-08-17,,OPEN,2026-01-15T00:00:00
A001466,P000923,SAVINGS,2016-02-20,,OPEN,2026-01-15T00:00:00
A001467,P000924,TRANSACTION,2016-11-01,,DORMANT,2026-01-15T00:00:00
A001468,P000924,TRANSACTION,2023-01-25,,OPEN,2026-01-15T00:00:00
A001469,P000925,TRANSACTION,2024-04-01,,OPEN,2026-01-15T00:00:00
A001470,P000925,SAVINGS,2020-01-14,,OPEN,2026-01-15T00:00:00
A001471,P000925,TRANSACTION,2016-05-06,,OPEN,2026-01-15T00:00:00
A001472,P000926,HOME_LOAN,2021-05-26,,OPEN,2026-01-15T00:00:00
A001473,P000927,HOME_LOAN,2018-11-21,,OPEN,2026-01-15T00:00:00
A001474,P000928,CREDIT_CARD,2025-05-08,,OPEN,2026-01-15T00:00:00
A001475,P000928,SAVINGS,2020-09-04,,OPEN,2026-01-15T00:00:00
A001476,P000929,TRANSACTION,2018-07-28,,OPEN,2026-01-15T00:00:00
A001477,P000930,CREDIT_CARD,2019-09-23,,OPEN,2026-01-15T00:00:00
A001478,P000931,CREDIT_CARD,2016-04-18,,OPEN,2026-01-15T00:00:00
A001479,P000931,SAVINGS,2019-06-25,,OPEN,2026-01-15T00:00:00
A001480,P000932,HOME_LOAN,2025-03-07,,OPEN,2026-01-15T00:00:00
A001481,P000933,TRANSACTION,2019-02-03,,OPEN,2026-01-15T00:00:00
A001482,P000934,TRANSACTION,2016-08-10,,OPEN,2026-01-15T00:00:00
A001483,P000934,SAVINGS,2021-06-28,,OPEN,2026-01-15T00:00:00
A001484,P000935,SAVINGS,2023-05-30,,OPEN,2026-01-15T00:00:00
A001485,P000936,SAVINGS,2018-03-27,,OPEN,2026-01-15T00:00:00
A001486,P000937,SAVINGS,2017-07-05,,DORMANT,2026-01-15T09:00:00
A001487,P000938,TRANSACTION,2024-10-20,,OPEN,2026-01-15T00:00:00
A001488,P000939,HOME_LOAN,2020-06-24,,DORMANT,2026-01-15T09:00:00
A001489,P000940,TRANSACTION,2023-12-19,,OPEN,2026-01-15T00:00:00
A001490,P000941,TRANSACTION,2018-03-12,2022-02-10,CLOSED,2026-01-15T00:00:00
A001491,P000942,TRANSACTION,2019-07-18,,DORMANT,2026-01-15T00:00:00
A001492,P000942,HOME_LOAN,2020-11-30,,OPEN,2026-01-15T00:00:00
A001493,P000943,CREDIT_CARD,2022-12-16,,OPEN,2026-01-15T00:00:00
A001494,P000944,HOME_LOAN,2018-07-07,,OPEN,2026-01-15T00:00:00
A001495,P000945,TRANSACTION,2020-10-01,,OPEN,2026-01-15T00:00:00
A001496,P000946,TRANSACTION,2024-12-02,,OPEN,2026-01-15T00:00:00
A001497,P000947,SAVINGS,2018-07-11,,OPEN,2026-01-15T00:00:00
A001498,P000947,CREDIT_CARD,2018-11-17,,OPEN,2026-01-15T00:00:00
A001499,P000948,TERM_DEPOSIT,2019-10-19,,DORMANT,2026-01-15T00:00:00
A001500,P000948,CREDIT_CARD,2023-04-13,,OPEN,2026-01-15T00:00:00
A001501,P000949,SAVINGS,2020-03-01,,OPEN,2026-01-15T00:00:00
A001502,P000949,TERM_DEPOSIT,2017-03-03,,OPEN,2026-01-15T00:00:00
A001503,P000950,TERM_DEPOSIT,2024-12-24,2025-04-08,CLOSED,2026-01-15T00:00:00
A001504,P000950,CREDIT_CARD,2019-11-22,,OPEN,2026-01-15T00:00:00
A001505,P000950,SAVINGS,2022-09-02,,DORMANT,2026-01-15T00:00:00
A001506,P000951,CREDIT_CARD,2016-05-15,,OPEN,2026-01-15T00:00:00
A001507,P000952,TRANSACTION,2023-01-01,,OPEN,2026-01-15T00:00:00
A001508,P000953,CREDIT_CARD,2020-11-09,,DORMANT,2026-01-15T00:00:00
A001509,P000954,SAVINGS,2017-08-25,,DORMANT,2026-01-15T00:00:00
A001510,P000954,SAVINGS,2020-12-24,2023-03-29,CLOSED,2026-01-15T00:00:00
A001511,P000954,TRANSACTION,2025-10-15,,OPEN,2026-01-15T00:00:00
A001512,P000955,TRANSACTION,2019-11-11,,OPEN,2026-01-15T00:00:00
A001513,P000956,SAVINGS,2024-11-13,,OPEN,2026-01-15T00:00:00
A001514,P000957,TRANSACTION,2019-08-08,,OPEN,2026-01-15T00:00:00
A001515,P000958,TRANSACTION,2018-08-26,,OPEN,2026-01-15T00:00:00
A001516,P000958,TERM_DEPOSIT,2020-03-10,,DORMANT,2026-01-15T00:00:00
A001517,P000959,SAVINGS,2017-01-16,,OPEN,2026-01-15T00:00:00
A001518,P000959,SAVINGS,2019-08-23,,DORMANT,2026-01-15T00:00:00
A001519,P000960,CREDIT_CARD,2021-07-09,,OPEN,2026-01-15T00:00:00
A001520,P000961,TERM_DEPOSIT,2020-07-26,,OPEN,2026-01-15T00:00:00
A001521,P000961,TRANSACTION,2025-06-08,,OPEN,2026-01-15T00:00:00
A001522,P000961,TRANSACTION,2024-08-06,,OPEN,2026-01-15T00:00:00
A001523,P000962,CREDIT_CARD,2021-03-03,,OPEN,2026-01-15T00:00:00
A001524,P000962,TRANSACTION,2020-05-17,,DORMANT,2026-01-15T00:00:00
A001525,P000963,TRANSACTION,2022-09-25,,OPEN,2026-01-15T00:00:00
A001526,P000963,CREDIT_CARD,2019-09-19,,OPEN,2026-01-15T00:00:00
A001527,P000964,TRANSACTION,2024-09-19,,OPEN,2026-01-15T00:00:00
A001528,P000965,CREDIT_CARD,2016-11-22,,OPEN,2026-01-15T00:00:00
A001529,P000966,TRANSACTION,2018-09-28,,OPEN,2026-01-15T00:00:00
A001530,P000966,SAVINGS,2021-03-10,,OPEN,2026-01-15T00:00:00
A001531,P000967,SAVINGS,2021-08-13,,OPEN,2026-01-15T00:00:00
A001532,P000968,TERM_DEPOSIT,2021-02-07,,OPEN,2026-01-15T00:00:00
A001533,P000968,SAVINGS,2022-06-01,,OPEN,2026-01-15T00:00:00
A001534,P000969,TRANSACTION,2022-02-16,,OPEN,2026-01-15T00:00:00
A001535,P000970,HOME_LOAN,2021-12-06,,OPEN,2026-01-15T00:00:00
A001536,P000971,SAVINGS,2022-10-31,,OPEN,2026-01-15T00:00:00
A001537,P000972,SAVINGS,2019-06-26,2024-01-05,CLOSED,2026-01-15T00:00:00
A001538,P000973,SAVINGS,2019-12-12,,OPEN,2026-01-15T00:00:00
A001539,P000974,TRANSACTION,2021-01-11,,OPEN,2026-01-15T00:00:00
A001540,P000975,SAVINGS,2017-06-23,,OPEN,2026-01-15T00:00:00
A001541,P000976,TRANSACTION,2025-09-02,,OPEN,2026-01-15T00:00:00
A001542,P000976,TRANSACTION,2022-07-22,,OPEN,2026-01-15T00:00:00
A001543,P000977,TRANSACTION,2017-06-07,2018-12-27,CLOSED,2026-01-15T00:00:00
A001544,P000977,TRANSACTION,2017-06-12,2021-03-13,CLOSED,2026-01-15T00:00:00
A001545,P000977,CREDIT_CARD,2016-09-18,,DORMANT,2026-01-15T00:00:00
A001546,P000978,TRANSACTION,2023-07-12,,OPEN,2026-01-15T00:00:00
A001547,P000978,TRANSACTION,2025-11-30,,OPEN,2026-01-15T00:00:00
A001548,P000979,TRANSACTION,2023-01-24,,OPEN,2026-01-15T00:00:00
A001549,P000979,SAVINGS,2021-06-05,,OPEN,2026-01-15T00:00:00
A001550,P000979,CREDIT_CARD,2025-09-03,,DORMANT,2026-01-15T00:00:00
A001551,P000980,HOME_LOAN,2017-07-03,,OPEN,2026-01-15T00:00:00
A001552,P000981,TRANSACTION,2024-10-29,,OPEN,2026-01-15T00:00:00
A001553,P000982,CREDIT_CARD,2018-02-07,,OPEN,2026-01-15T00:00:00
A001554,P000982,TRANSACTION,2019-07-23,,OPEN,2026-01-15T00:00:00
A001555,P000983,SAVINGS,2017-08-13,,OPEN,2026-01-15T00:00:00
A001556,P000983,TERM_DEPOSIT,2017-07-15,,OPEN,2026-01-15T00:00:00
A001557,P000984,CREDIT_CARD,2019-04-02,,OPEN,2026-01-15T00:00:00
A001558,P000985,SAVINGS,2019-10-15,,OPEN,2026-01-15T00:00:00
A001559,P000985,TERM_DEPOSIT,2025-11-20,,DORMANT,2026-01-15T00:00:00
A001560,P000986,SAVINGS,2024-10-31,,OPEN,2026-01-15T00:00:00
A001561,P000987,TRANSACTION,2016-05-30,2020-12-27,CLOSED,2026-01-15T00:00:00
A001562,P000988,TRANSACTION,2023-11-06,,DORMANT,2026-01-15T00:00:00
A001563,P000989,TERM_DEPOSIT,2019-10-18,,OPEN,2026-01-15T00:00:00
A001564,P000989,SAVINGS,2018-12-30,,OPEN,2026-01-15T00:00:00
A001565,P000990,HOME_LOAN,2021-06-24,,DORMANT,2026-01-15T09:00:00
A001566,P000991,TRANSACTION,2020-03-27,,OPEN,2026-01-15T00:00:00
A001567,P000992,TERM_DEPOSIT,2024-11-27,,OPEN,2026-01-15T00:00:00
A001568,P000993,HOME_LOAN,2016-11-27,,OPEN,2026-01-15T00:00:00
A001569,P000993,TRANSACTION,2019-01-14,,OPEN,2026-01-15T00:00:00
A001570,P000994,TRANSACTION,2016-06-11,,OPEN,2026-01-15T00:00:00
A001571,P000994,SAVINGS,2021-11-13,,OPEN,2026-01-15T00:00:00
A001572,P000995,TERM_DEPOSIT,2025-06-02,,OPEN,2026-01-15T00:00:00
A001573,P000995,TRANSACTION,2025-01-14,,OPEN,2026-01-15T00:00:00
A001574,P000995,CREDIT_CARD,2023-05-16,,OPEN,2026-01-15T00:00:00
A001575,P000996,CREDIT_CARD,2016-11-11,,OPEN,2026-01-15T00:00:00
A001576,P000997,TRANSACTION,2017-12-18,,OPEN,2026-01-15T00:00:00
A001577,P000998,SAVINGS,2022-03-30,2026-01-15,CLOSED,2026-01-15T09:00:00
A001578,P000999,SAVINGS,2025-05-14,,OPEN,2026-01-15T00:00:00
A001579,P001000,SAVINGS,2016-11-13,,OPEN,2026-01-15T00:00:00
A001580,P001000,SAVINGS,2019-05-30,,OPEN,2026-01-15T00:00:00
A001581,P001001,TERM_DEPOSIT,2021-09-17,,OPEN,2026-01-15T00:00:00
A001582,P001002,TERM_DEPOSIT,2016-04-04,,OPEN,2026-01-15T00:00:00
A001583,P001003,SAVINGS,2025-05-11,,OPEN,2026-01-15T00:00:00
A001584,P001004,TRANSACTION,2016-09-20,,OPEN,2026-01-15T00:00:00
A001585,P001005,TRANSACTION,2021-11-01,,OPEN,2026-01-15T00:00:00
A001586,P001006,SAVINGS,2025-08-04,,OPEN,2026-01-15T00:00:00
A001587,P001007,TRANSACTION,2022-05-05,2023-08-01,CLOSED,2026-01-15T00:00:00
A001588,P001007,CREDIT_CARD,2016-11-20,,OPEN,2026-01-15T00:00:00
A001589,P001008,TRANSACTION,2017-02-22,,OPEN,2026-01-15T00:00:00
A001590,P001009,CREDIT_CARD,2017-02-18,,OPEN,2026-01-15T00:00:00
A001591,P001009,SAVINGS,2017-04-12,,OPEN,2026-01-15T00:00:00
A001592,P001010,TRANSACTION,2021-06-21,,OPEN,2026-01-15T00:00:00
A001593,P001010,SAVINGS,2022-01-10,,DORMANT,2026-01-15T09:00:00
A001594,P001011,SAVINGS,2018-05-07,,OPEN,2026-01-15T00:00:00
A001595,P001012,TRANSACTION,2024-03-18,,OPEN,2026-01-15T00:00:00
A001596,P001012,HOME_LOAN,2016-12-19,,OPEN,2026-01-15T00:00:00
A001597,P001013,SAVINGS,2018-07-22,,OPEN,2026-01-15T00:00:00
A001598,P001013,TRANSACTION,2017-05-09,,OPEN,2026-01-15T00:00:00
A001599,P001013,TRANSACTION,2025-08-10,,OPEN,2026-01-15T00:00:00
A001600,P001014,CREDIT_CARD,2024-10-18,,OPEN,2026-01-15T00:00:00
A001601,P001015,CREDIT_CARD,2016-10-10,2019-12-06,CLOSED,2026-01-15T00:00:00
A001602,P001015,CREDIT_CARD,2018-09-30,,DORMANT,2026-01-15T09:00:00
A001603,P001015,TRANSACTION,2017-05-23,,DORMANT,2026-01-15T00:00:00
A001604,P001016,TRANSACTION,2019-04-26,2026-01-15,CLOSED,2026-01-15T09:00:00
A001605,P001017,CREDIT_CARD,2019-08-27,,OPEN,2026-01-15T00:00:00
A001606,P001018,TRANSACTION,2019-03-29,,DORMANT,2026-01-15T00:00:00
A001607,P001018,TRANSACTION,2017-02-09,,DORMANT,2026-01-15T00:00:00
A001608,P001019,TRANSACTION,2024-05-28,2026-01-14,CLOSED,2026-01-15T00:00:00
A001609,P001019,CREDIT_CARD,2016-05-10,,OPEN,2026-01-15T00:00:00
A001610,P001019,CREDIT_CARD,2025-01-24,,OPEN,2026-01-15T00:00:00
A001611,P001020,TRANSACTION,2023-08-19,,OPEN,2026-01-15T00:00:00
A001612,P001021,CREDIT_CARD,2020-07-20,,OPEN,2026-01-15T00:00:00
A001613,P001022,SAVINGS,2017-09-26,,OPEN,2026-01-15T00:00:00
A001614,P001023,TRANSACTION,2019-09-15,,OPEN,2026-01-15T00:00:00
A001615,P001023,CREDIT_CARD,2024-01-10,,OPEN,2026-01-15T00:00:00
A001616,P001024,SAVINGS,2022-06-12,,OPEN,2026-01-15T00:00:00
A001617,P001025,SAVINGS,2023-04-24,,OPEN,2026-01-15T00:00:00
A001618,P001025,CREDIT_CARD,2021-11-10,2026-01-15,CLOSED,2026-01-15T09:00:00
A001619,P001026,TRANSACTION,2025-07-26,,OPEN,2026-01-15T00:00:00
A001620,P001026,TRANSACTION,2022-06-29,,OPEN,2026-01-15T00:00:00
A001621,P001026,TRANSACTION,2020-09-05,,OPEN,2026-01-15T00:00:00
A001622,P001027,TRANSACTION,2016-01-19,,OPEN,2026-01-15T00:00:00
A001623,P001028,TRANSACTION,2017-12-03,2019-09-08,CLOSED,2026-01-15T00:00:00
A001624,P001029,SAVINGS,2017-08-29,,OPEN,2026-01-15T00:00:00
A001625,P001029,SAVINGS,2018-12-16,,OPEN,2026-01-15T00:00:00
A001626,P001030,SAVINGS,2017-03-30,,OPEN,2026-01-15T00:00:00
A001627,P001030,TRANSACTION,2018-06-20,,OPEN,2026-01-15T00:00:00
A001628,P001030,SAVINGS,2017-08-05,,OPEN,2026-01-15T00:00:00
A001629,P001031,TRANSACTION,2016-07-31,,OPEN,2026-01-15T00:00:00
A001630,P001032,TRANSACTION,2025-02-06,,DORMANT,2026-01-15T00:00:00
A001631,P001033,TRANSACTION,2019-10-31,,OPEN,2026-01-15T00:00:00
A001632,P001034,SAVINGS,2021-07-30,2026-01-14,CLOSED,2026-01-15T00:00:00
A001633,P001034,TRANSACTION,2022-03-25,,OPEN,2026-01-15T00:00:00
A001634,P001035,TRANSACTION,2017-01-10,2019-01-05,CLOSED,2026-01-15T00:00:00
A001635,P001036,SAVINGS,2024-04-17,,OPEN,2026-01-15T00:00:00
A001636,P001036,TERM_DEPOSIT,2022-03-17,,DORMANT,2026-01-15T00:00:00
A001637,P001037,TRANSACTION,2016-04-19,,DORMANT,2026-01-15T00:00:00
A001638,P001037,CREDIT_CARD,2018-10-21,,OPEN,2026-01-15T00:00:00
A001639,P001037,SAVINGS,2017-11-24,,DORMANT,2026-01-15T00:00:00
A001640,P001038,SAVINGS,2020-02-25,,DORMANT,2026-01-15T00:00:00
A001641,P001039,TRANSACTION,2023-12-27,,OPEN,2026-01-15T00:00:00
A001642,P001039,TRANSACTION,2018-05-28,2020-01-13,CLOSED,2026-01-15T00:00:00
A001643,P001040,TRANSACTION,2019-12-16,,OPEN,2026-01-15T00:00:00
A001644,P001041,TRANSACTION,2025-03-06,,OPEN,2026-01-15T00:00:00
A001645,P001042,SAVINGS,2017-02-14,,OPEN,2026-01-15T00:00:00
A001646,P001042,TRANSACTION,2018-03-23,,OPEN,2026-01-15T00:00:00
A001647,P001043,CREDIT_CARD,2022-04-29,,OPEN,2026-01-15T00:00:00
A001648,P001043,SAVINGS,2024-04-08,,OPEN,2026-01-15T00:00:00
A001649,P001043,HOME_LOAN,2020-03-03,,OPEN,2026-01-15T00:00:00
A001650,P001044,CREDIT_CARD,2016-11-26,,OPEN,2026-01-15T00:00:00
A001651,P001044,SAVINGS,2019-05-06,,OPEN,2026-01-15T00:00:00
A001652,P001045,TERM_DEPOSIT,2017-05-07,,OPEN,2026-01-15T00:00:00
A001653,P001045,TRANSACTION,2022-05-23,,DORMANT,2026-01-15T09:00:00
A001654,P001046,CREDIT_CARD,2024-09-29,,OPEN,2026-01-15T00:00:00
A001655,P001046,TRANSACTION,2024-05-17,,OPEN,2026-01-15T00:00:00
A001656,P001047,CREDIT_CARD,2016-04-02,,OPEN,2026-01-15T00:00:00
A001657,P001048,CREDIT_CARD,2021-08-23,,OPEN,2026-01-15T00:00:00
A001658,P001048,TRANSACTION,2024-06-08,,DORMANT,2026-01-15T00:00:00
A001659,P001049,SAVINGS,2019-04-11,,OPEN,2026-01-15T00:00:00
A001660,P001049,SAVINGS,2023-04-01,,OPEN,2026-01-15T00:00:00
A001661,P001050,HOME_LOAN,2018-09-03,,OPEN,2026-01-15T00:00:00
A001662,P001051,TRANSACTION,2016-10-03,,OPEN,2026-01-15T00:00:00
A001663,P001052,TRANSACTION,2023-12-26,,OPEN,2026-01-15T00:00:00
A001664,P001052,SAVINGS,2025-05-13,,OPEN,2026-01-15T00:00:00
A001665,P001052,SAVINGS,2023-07-17,,OPEN,2026-01-15T00:00:00
A001666,P001053,CREDIT_CARD,2025-10-01,,OPEN,2026-01-15T00:00:00
A001667,P001054,TRANSACTION,2025-03-18,,DORMANT,2026-01-15T09:00:00
A001668,P001055,TRANSACTION,2024-08-19,,OPEN,2026-01-15T00:00:00
A001669,P001056,CREDIT_CARD,2019-03-24,,OPEN,2026-01-15T00:00:00
A001670,P001057,CREDIT_CARD,2020-07-11,,OPEN,2026-01-15T00:00:00
A001671,P001057,TRANSACTION,2019-10-11,,OPEN,2026-01-15T00:00:00
A001672,P001058,TRANSACTION,2016-12-25,,OPEN,2026-01-15T00:00:00
A001673,P001059,CREDIT_CARD,2019-09-19,,OPEN,2026-01-15T00:00:00
A001674,P001060,TRANSACTION,2024-12-18,,OPEN,2026-01-15T00:00:00
A001675,P001061,CREDIT_CARD,2022-10-27,,OPEN,2026-01-15T00:00:00
A001676,P001061,CREDIT_CARD,2016-04-25,,OPEN,2026-01-15T00:00:00
A001677,P001062,TRANSACTION,2021-05-03,,DORMANT,2026-01-15T00:00:00
A001678,P001063,CREDIT_CARD,2017-01-21,,OPEN,2026-01-15T00:00:00
A001679,P001063,TRANSACTION,2017-09-11,,OPEN,2026-01-15T00:00:00
A001680,P001064,CREDIT_CARD,2021-05-21,,DORMANT,2026-01-15T00:00:00
A001681,P001065,CREDIT_CARD,2022-10-16,,DORMANT,2026-01-15T00:00:00
A001682,P001066,SAVINGS,2021-01-04,,OPEN,2026-01-15T00:00:00
A001683,P001066,TRANSACTION,2018-03-11,,OPEN,2026-01-15T00:00:00
A001684,P001066,TRANSACTION,2018-06-04,,OPEN,2026-01-15T00:00:00
A001685,P001067,TRANSACTION,2018-08-29,,OPEN,2026-01-15T00:00:00
A001686,P001068,CREDIT_CARD,2017-12-20,,OPEN,2026-01-15T00:00:00
A001687,P001069,HOME_LOAN,2023-05-26,2023-07-28,CLOSED,2026-01-15T00:00:00
A001688,P001069,CREDIT_CARD,2019-11-05,,OPEN,2026-01-15T00:00:00
A001689,P001070,CREDIT_CARD,2019-04-15,,OPEN,2026-01-15T00:00:00
A001690,P001071,TRANSACTION,2019-01-08,,OPEN,2026-01-15T00:00:00
A001691,P001071,CREDIT_CARD,2017-05-24,,OPEN,2026-01-15T00:00:00
A001692,P001072,TRANSACTION,2019-09-15,,OPEN,2026-01-15T00:00:00
A001693,P001073,SAVINGS,2018-12-11,,OPEN,2026-01-15T00:00:00
A001694,P001074,SAVINGS,2025-09-29,,OPEN,2026-01-15T00:00:00
A001695,P001075,SAVINGS,2020-02-01,,DORMANT,2026-01-15T00:00:00
A001696,P001076,SAVINGS,2018-04-09,,OPEN,2026-01-15T00:00:00
A001697,P001076,SAVINGS,2019-01-11,,OPEN,2026-01-15T00:00:00
A001698,P001077,CREDIT_CARD,2021-02-09,,OPEN,2026-01-15T00:00:00
A001699,P001078,TRANSACTION,2020-10-27,,DORMANT,2026-01-15T00:00:00
A001700,P001079,SAVINGS,2024-07-01,,OPEN,2026-01-15T00:00:00
A001701,P001080,TRANSACTION,2018-01-19,,OPEN,2026-01-15T00:00:00
A001702,P001081,CREDIT_CARD,2018-11-04,,OPEN,2026-01-15T00:00:00
A001703,P001082,CREDIT_CARD,2021-08-27,,OPEN,2026-01-15T00:00:00
A001704,P001082,HOME_LOAN,2019-09-18,,DORMANT,2026-01-15T00:00:00
A001705,P001083,HOME_LOAN,2019-07-05,,OPEN,2026-01-15T00:00:00
A001706,P001083,TRANSACTION,2025-02-06,,OPEN,2026-01-15T00:00:00
A001707,P001084,SAVINGS,2024-08-06,,OPEN,2026-01-15T00:00:00
A001708,P001085,CREDIT_CARD,2018-05-24,,OPEN,2026-01-15T00:00:00
A001709,P001086,TRANSACTION,2023-11-05,,OPEN,2026-01-15T00:00:00
A001710,P001087,SAVINGS,2016-07-22,,OPEN,2026-01-15T00:00:00
A001711,P001088,TRANSACTION,2017-12-04,,OPEN,2026-01-15T00:00:00
A001712,P001089,TRANSACTION,2023-12-07,,OPEN,2026-01-15T00:00:00
A001713,P001089,SAVINGS,2020-07-25,,OPEN,2026-01-15T00:00:00
A001714,P001089,SAVINGS,2020-11-17,,OPEN,2026-01-15T00:00:00
A001715,P001090,HOME_LOAN,2022-12-15,,OPEN,2026-01-15T00:00:00
A001716,P001090,TRANSACTION,2024-06-09,,OPEN,2026-01-15T00:00:00
A001717,P001091,SAVINGS,2021-09-26,,OPEN,2026-01-15T00:00:00
A001718,P001091,CREDIT_CARD,2022-05-05,,OPEN,2026-01-15T00:00:00
A001719,P001092,TRANSACTION,2019-06-09,,OPEN,2026-01-15T00:00:00
A001720,P001093,TRANSACTION,2016-08-09,,OPEN,2026-01-15T00:00:00
A001721,P001093,SAVINGS,2017-09-07,,OPEN,2026-01-15T00:00:00
A001722,P001094,TRANSACTION,2018-01-08,,DORMANT,2026-01-15T00:00:00
A001723,P001094,TRANSACTION,2025-04-29,,OPEN,2026-01-15T00:00:00
A001724,P001095,TRANSACTION,2016-05-31,,DORMANT,2026-01-15T00:00:00
A001725,P001096,SAVINGS,2019-08-22,,OPEN,2026-01-15T00:00:00
A001726,P001096,TERM_DEPOSIT,2017-02-01,,OPEN,2026-01-15T00:00:00
A001727,P001096,TRANSACTION,2020-06-22,,OPEN,2026-01-15T00:00:00
A001728,P001097,CREDIT_CARD,2023-11-14,,OPEN,2026-01-15T00:00:00
A001729,P001097,TRANSACTION,2020-11-04,,OPEN,2026-01-15T00:00:00
A001730,P001097,TRANSACTION,2021-03-18,,OPEN,2026-01-15T00:00:00
A001731,P001098,SAVINGS,2017-01-02,,OPEN,2026-01-15T00:00:00
A001732,P001098,TRANSACTION,2025-03-07,,OPEN,2026-01-15T00:00:00
A001733,P001098,TRANSACTION,2019-08-12,,OPEN,2026-01-15T00:00:00
A001734,P001099,TRANSACTION,2024-08-13,,OPEN,2026-01-15T00:00:00
A001735,P001099,HOME_LOAN,2019-01-27,,OPEN,2026-01-15T00:00:00
A001736,P001100,CREDIT_CARD,2016-10-06,,OPEN,2026-01-15T00:00:00
A001737,P001101,TRANSACTION,2017-07-15,,DORMANT,2026-01-15T00:00:00
A001738,P001102,TRANSACTION,2016-10-03,,DORMANT,2026-01-15T00:00:00
A001739,P001102,TRANSACTION,2016-09-17,,OPEN,2026-01-15T00:00:00
A001740,P001103,TRANSACTION,2025-02-14,,OPEN,2026-01-15T00:00:00
A001741,P001104,SAVINGS,2025-11-13,2026-01-14,CLOSED,2026-01-15T00:00:00
A001742,P001104,TERM_DEPOSIT,2016-08-11,2017-04-05,CLOSED,2026-01-15T00:00:00
A001743,P001105,SAVINGS,2022-06-01,,OPEN,2026-01-15T00:00:00
A001744,P001105,TRANSACTION,2022-08-19,,OPEN,2026-01-15T00:00:00
A001745,P001106,CREDIT_CARD,2020-01-25,,OPEN,2026-01-15T00:00:00
A001746,P001106,SAVINGS,2019-06-29,,OPEN,2026-01-15T00:00:00
A001747,P001107,TRANSACTION,2019-03-31,,OPEN,2026-01-15T00:00:00
A001748,P001107,HOME_LOAN,2017-04-30,,OPEN,2026-01-15T00:00:00
A001749,P001108,TRANSACTION,2018-12-01,,OPEN,2026-01-15T00:00:00
A001750,P001108,SAVINGS,2024-05-02,2025-08-19,CLOSED,2026-01-15T00:00:00
A001751,P001109,CREDIT_CARD,2024-12-28,,OPEN,2026-01-15T00:00:00
A001752,P001109,CREDIT_CARD,2017-03-30,,OPEN,2026-01-15T00:00:00
A001753,P001110,TRANSACTION,2021-12-22,,OPEN,2026-01-15T00:00:00
A001754,P001111,TRANSACTION,2018-03-29,,OPEN,2026-01-15T00:00:00
A001755,P001111,SAVINGS,2022-08-04,,OPEN,2026-01-15T00:00:00
A001756,P001112,CREDIT_CARD,2021-11-18,,OPEN,2026-01-15T00:00:00
A001757,P001112,SAVINGS,2016-09-05,,OPEN,2026-01-15T00:00:00
A001758,P001112,CREDIT_CARD,2024-03-21,,OPEN,2026-01-15T00:00:00
A001759,P001113,CREDIT_CARD,2019-10-19,,OPEN,2026-01-15T00:00:00
A001760,P001114,TRANSACTION,2019-04-28,,OPEN,2026-01-15T00:00:00
A001761,P001114,HOME_LOAN,2023-02-06,,DORMANT,2026-01-15T00:00:00
A001762,P001115,SAVINGS,2019-10-13,,OPEN,2026-01-15T00:00:00
A001763,P001115,TRANSACTION,2016-12-11,,OPEN,2026-01-15T00:00:00
A001764,P001115,TERM_DEPOSIT,2016-12-21,,DORMANT,2026-01-15T00:00:00
A001765,P001116,TRANSACTION,2024-05-16,,OPEN,2026-01-15T00:00:00
A001766,P001116,TRANSACTION,2025-04-28,,OPEN,2026-01-15T00:00:00
A001767,P001116,TRANSACTION,2022-10-25,,OPEN,2026-01-15T00:00:00
A001768,P001117,TRANSACTION,2022-02-26,,OPEN,2026-01-15T00:00:00
A001769,P001118,TRANSACTION,2023-08-11,,OPEN,2026-01-15T00:00:00
A001770,P001119,TRANSACTION,2025-07-15,,OPEN,2026-01-15T00:00:00
A001771,P001119,TRANSACTION,2017-05-01,,OPEN,2026-01-15T00:00:00
A001772,P001120,SAVINGS,2022-06-13,,OPEN,2026-01-15T00:00:00
A001773,P001121,SAVINGS,2023-04-20,,OPEN,2026-01-15T00:00:00
A001774,P001121,TRANSACTION,2024-10-17,,OPEN,2026-01-15T00:00:00
A001775,P001122,TRANSACTION,2019-03-07,2019-06-14,CLOSED,2026-01-15T00:00:00
A001776,P001123,CREDIT_CARD,2018-01-08,,DORMANT,2026-01-15T00:00:00
A001777,P001124,TRANSACTION,2018-01-14,,OPEN,2026-01-15T00:00:00
A001778,P001124,SAVINGS,2021-05-13,,OPEN,2026-01-15T00:00:00
A001779,P001125,TRANSACTION,2016-10-01,,DORMANT,2026-01-15T00:00:00
A001780,P001126,TERM_DEPOSIT,2018-04-07,,OPEN,2026-01-15T00:00:00
A001781,P001127,TRANSACTION,2024-05-27,,OPEN,2026-01-15T00:00:00
A001782,P001128,CREDIT_CARD,2019-07-29,,OPEN,2026-01-15T00:00:00
A001783,P001128,HOME_LOAN,2025-10-19,,OPEN,2026-01-15T00:00:00
A001784,P001128,TRANSACTION,2016-10-22,,OPEN,2026-01-15T00:00:00
A001785,P001129,TRANSACTION,2022-02-19,,OPEN,2026-01-15T00:00:00
A001786,P001130,TRANSACTION,2016-01-25,,OPEN,2026-01-15T00:00:00
A001787,P001130,CREDIT_CARD,2018-03-22,,OPEN,2026-01-15T00:00:00
A001788,P001131,SAVINGS,2018-12-29,,OPEN,2026-01-15T00:00:00
A001789,P001132,TRANSACTION,2016-07-22,,OPEN,2026-01-15T00:00:00
A001790,P001133,CREDIT_CARD,2016-06-12,,OPEN,2026-01-15T00:00:00
A001791,P001133,SAVINGS,2025-05-13,,DORMANT,2026-01-15T00:00:00
A001792,P001134,SAVINGS,2021-10-24,,OPEN,2026-01-15T00:00:00
A001793,P001134,TERM_DEPOSIT,2018-06-12,,OPEN,2026-01-15T00:00:00
A001794,P001135,TRANSACTION,2021-07-07,2026-01-15,CLOSED,2026-01-15T09:00:00
A001795,P001136,TRANSACTION,2022-07-05,,OPEN,2026-01-15T00:00:00
A001796,P001136,TRANSACTION,2018-03-07,,DORMANT,2026-01-15T00:00:00
A001797,P001137,TRANSACTION,2024-07-03,,DORMANT,2026-01-15T00:00:00
A001798,P001138,TRANSACTION,2020-03-28,,OPEN,2026-01-15T00:00:00
A001799,P001138,HOME_LOAN,2022-09-24,,OPEN,2026-01-15T00:00:00
A001800,P001139,SAVINGS,2024-11-12,2026-01-14,CLOSED,2026-01-15T00:00:00
A001801,P001140,SAVINGS,2023-12-19,2026-01-14,CLOSED,2026-01-15T00:00:00
A001802,P001141,CREDIT_CARD,2021-09-22,,OPEN,2026-01-15T00:00:00
A001803,P001142,TRANSACTION,2021-07-27,2026-01-15,CLOSED,2026-01-15T09:00:00
A001804,P001143,HOME_LOAN,2019-07-14,,DORMANT,2026-01-15T00:00:00
A001805,P001144,TRANSACTION,2019-07-07,,OPEN,2026-01-15T00:00:00
A001806,P001145,CREDIT_CARD,2025-04-05,,OPEN,2026-01-15T00:00:00
A001807,P001145,TRANSACTION,2020-12-28,,OPEN,2026-01-15T00:00:00
A001808,P001145,TRANSACTION,2018-02-13,,DORMANT,2026-01-15T00:00:00
A001809,P001146,SAVINGS,2018-02-17,,OPEN,2026-01-15T00:00:00
A001810,P001146,CREDIT_CARD,2023-06-23,,OPEN,2026-01-15T00:00:00
A001811,P001146,SAVINGS,2022-09-05,,OPEN,2026-01-15T00:00:00
A001812,P001147,HOME_LOAN,2016-04-02,,OPEN,2026-01-15T00:00:00
A001813,P001147,TRANSACTION,2020-05-31,,OPEN,2026-01-15T00:00:00
A001814,P001148,CREDIT_CARD,2022-03-04,,OPEN,2026-01-15T00:00:00
A001815,P001148,TRANSACTION,2018-10-27,,OPEN,2026-01-15T00:00:00
A001816,P001149,SAVINGS,2021-08-30,,OPEN,2026-01-15T00:00:00
A001817,P001150,TRANSACTION,2022-09-18,,OPEN,2026-01-15T00:00:00
A001818,P001151,TRANSACTION,2025-03-26,,OPEN,2026-01-15T00:00:00
A001819,P001152,SAVINGS,2017-03-07,,OPEN,2026-01-15T00:00:00
A001820,P001152,CREDIT_CARD,2022-06-20,,OPEN,2026-01-15T00:00:00
A001821,P001153,TRANSACTION,2017-02-01,,OPEN,2026-01-15T00:00:00
A001822,P001154,TERM_DEPOSIT,2021-03-10,,DORMANT,2026-01-15T09:00:00
A001823,P001155,TRANSACTION,2018-10-10,,OPEN,2026-01-15T00:00:00
A001824,P001156,TERM_DEPOSIT,2020-03-12,,OPEN,2026-01-15T00:00:00
A001825,P001157,TERM_DEPOSIT,2024-08-11,,DORMANT,2026-01-15T09:00:00
A001826,P001158,TRANSACTION,2024-05-23,,OPEN,2026-01-15T00:00:00
A001827,P001159,TERM_DEPOSIT,2022-03-02,2026-01-14,CLOSED,2026-01-15T00:00:00
A001828,P001160,TRANSACTION,2016-02-03,2019-05-17,CLOSED,2026-01-15T00:00:00
A001829,P001160,CREDIT_CARD,2019-10-30,,OPEN,2026-01-15T00:00:00
A001830,P001160,CREDIT_CARD,2016-04-07,,OPEN,2026-01-15T00:00:00
A001831,P001161,CREDIT_CARD,2017-04-09,,OPEN,2026-01-15T00:00:00
A001832,P001162,TRANSACTION,2016-06-18,,OPEN,2026-01-15T00:00:00
A001833,P001163,TERM_DEPOSIT,2016-12-23,,OPEN,2026-01-15T00:00:00
A001834,P001163,SAVINGS,2020-10-14,,OPEN,2026-01-15T00:00:00
A001835,P001164,TRANSACTION,2020-09-26,2025-11-21,CLOSED,2026-01-15T00:00:00
A001836,P001165,SAVINGS,2025-11-27,,DORMANT,2026-01-15T00:00:00
A001837,P001166,CREDIT_CARD,2016-06-23,,OPEN,2026-01-15T00:00:00
A001838,P001167,SAVINGS,2023-11-21,,OPEN,2026-01-15T00:00:00
A001839,P001167,CREDIT_CARD,2024-01-12,,OPEN,2026-01-15T00:00:00
A001840,P001168,CREDIT_CARD,2024-01-01,,OPEN,2026-01-15T00:00:00
A001841,P001168,TERM_DEPOSIT,2020-01-14,,OPEN,2026-01-15T00:00:00
A001842,P001169,TERM_DEPOSIT,2017-10-24,,OPEN,2026-01-15T00:00:00
A001843,P001170,TRANSACTION,2024-09-22,,OPEN,2026-01-15T00:00:00
A001844,P001171,TRANSACTION,2021-10-02,,OPEN,2026-01-15T00:00:00
A001845,P001172,CREDIT_CARD,2022-05-30,,DORMANT,2026-01-15T09:00:00
A001846,P001172,SAVINGS,2020-08-23,,OPEN,2026-01-15T00:00:00
A001847,P001173,TRANSACTION,2020-02-15,,OPEN,2026-01-15T00:00:00
A001848,P001173,TRANSACTION,2017-04-01,,OPEN,2026-01-15T00:00:00
A001849,P001174,SAVINGS,2016-11-08,,OPEN,2026-01-15T00:00:00
A001850,P001175,TRANSACTION,2021-09-16,,OPEN,2026-01-15T00:00:00
A001851,P001175,TRANSACTION,2019-05-24,,OPEN,2026-01-15T00:00:00
A001852,P001176,SAVINGS,2022-03-14,2024-02-08,CLOSED,2026-01-15T00:00:00
A001853,P001177,SAVINGS,2020-02-27,,OPEN,2026-01-15T00:00:00
A001854,P001177,CREDIT_CARD,2020-07-28,,OPEN,2026-01-15T00:00:00
A001855,P001178,SAVINGS,2019-01-08,,OPEN,2026-01-15T00:00:00
A001856,P001179,TERM_DEPOSIT,2023-05-10,,OPEN,2026-01-15T00:00:00
A001857,P001180,TRANSACTION,2024-12-03,,DORMANT,2026-01-15T09:00:00
A001858,P001180,SAVINGS,2022-10-17,,OPEN,2026-01-15T00:00:00
A001859,P001180,CREDIT_CARD,2017-07-07,,DORMANT,2026-01-15T00:00:00
A001860,P001181,TRANSACTION,2021-11-18,,OPEN,2026-01-15T00:00:00
A001861,P001181,CREDIT_CARD,2018-01-21,,OPEN,2026-01-15T00:00:00
A001862,P001182,SAVINGS,2025-10-09,,OPEN,2026-01-15T00:00:00
A001863,P001183,HOME_LOAN,2022-10-24,,DORMANT,2026-01-15T00:00:00
A001864,P001183,SAVINGS,2023-06-18,,DORMANT,2026-01-15T00:00:00
A001865,P001184,TRANSACTION,2021-11-21,,DORMANT,2026-01-15T00:00:00
A001866,P001185,CREDIT_CARD,2023-03-09,,OPEN,2026-01-15T00:00:00
A001867,P001186,TERM_DEPOSIT,2017-05-27,,OPEN,2026-01-15T00:00:00
A001868,P001187,TRANSACTION,2025-05-23,,OPEN,2026-01-15T00:00:00
A001869,P001188,TRANSACTION,2016-09-01,,OPEN,2026-01-15T00:00:00
A001870,P001189,SAVINGS,2016-08-18,,OPEN,2026-01-15T00:00:00
A001871,P001189,SAVINGS,2021-06-16,,DORMANT,2026-01-15T00:00:00
A001872,P001190,SAVINGS,2024-06-09,,OPEN,2026-01-15T00:00:00
A001873,P001191,SAVINGS,2019-03-18,2026-01-15,CLOSED,2026-01-15T09:00:00
A001874,P001191,SAVINGS,2016-10-20,,OPEN,2026-01-15T00:00:00
A001875,P001192,SAVINGS,2021-09-05,,DORMANT,2026-01-15T00:00:00
A001876,P001192,TRANSACTION,2024-02-19,,OPEN,2026-01-15T00:00:00
A001877,P001193,TRANSACTION,2017-02-10,,OPEN,2026-01-15T00:00:00
A001878,P001193,TRANSACTION,2017-08-07,,OPEN,2026-01-15T00:00:00
A001879,P001193,TRANSACTION,2018-12-19,,OPEN,2026-01-15T00:00:00
A001880,P001194,SAVINGS,2016-12-06,,DORMANT,2026-01-15T00:00:00
A001881,P001195,TRANSACTION,2025-10-05,,OPEN,2026-01-15T00:00:00
A001882,P001195,TRANSACTION,2019-09-02,,DORMANT,2026-01-15T00:00:00
A001883,P001195,HOME_LOAN,2021-03-27,,DORMANT,2026-01-15T00:00:00
A001884,P001196,SAVINGS,2017-06-22,,DORMANT,2026-01-15T00:00:00
A001885,P001196,TRANSACTION,2023-04-19,,OPEN,2026-01-15T00:00:00
A001886,P001196,TERM_DEPOSIT,2024-12-22,,OPEN,2026-01-15T00:00:00
A001887,P001197,TRANSACTION,2025-03-29,,OPEN,2026-01-15T00:00:00
A001888,P001197,TRANSACTION,2017-05-12,,OPEN,2026-01-15T00:00:00
A001889,P001198,TRANSACTION,2021-01-29,,OPEN,2026-01-15T00:00:00
A001890,P001199,TRANSACTION,2017-04-13,,OPEN,2026-01-15T00:00:00
A001891,P001200,TRANSACTION,2025-10-28,,OPEN,2026-01-15T00:00:00
A001892,P001201,TRANSACTION,2023-10-16,,OPEN,2026-01-15T00:00:00
A001893,P001201,TRANSACTION,2024-05-29,,OPEN,2026-01-15T00:00:00
A001894,P001202,TRANSACTION,2024-04-09,,OPEN,2026-01-15T00:00:00
A001895,P001202,CREDIT_CARD,2018-06-16,,OPEN,2026-01-15T00:00:00
A001896,P001203,TRANSACTION,2018-07-30,,OPEN,2026-01-15T00:00:00
A001897,P001203,TRANSACTION,2018-05-14,,OPEN,2026-01-15T00:00:00
A001898,P001204,CREDIT_CARD,2018-10-13,,DORMANT,2026-01-15T00:00:00
A001899,P001204,TRANSACTION,2017-09-04,,OPEN,2026-01-15T00:00:00
A001900,P001205,HOME_LOAN,2018-12-28,,OPEN,2026-01-15T00:00:00
A001901,P001205,SAVINGS,2021-05-07,,OPEN,2026-01-15T00:00:00
A001902,P001205,TRANSACTION,2022-06-06,,DORMANT,2026-01-15T00:00:00
A001903,P001206,SAVINGS,2019-07-08,,OPEN,2026-01-15T00:00:00
A001904,P001206,TRANSACTION,2023-08-31,,OPEN,2026-01-15T00:00:00
A001905,P001207,TERM_DEPOSIT,2017-11-04,2019-08-02,CLOSED,2026-01-15T00:00:00
A001906,P001207,TERM_DEPOSIT,2023-10-29,,DORMANT,2026-01-15T00:00:00
A001907,P001208,TRANSACTION,2023-04-10,,OPEN,2026-01-15T00:00:00
A001908,P001208,TRANSACTION,2023-08-26,,DORMANT,2026-01-15T00:00:00
A001909,P001209,SAVINGS,2025-01-18,,OPEN,2026-01-15T00:00:00
A001910,P001210,CREDIT_CARD,2019-12-27,,OPEN,2026-01-15T00:00:00
A001911,P001210,TRANSACTION,2017-11-09,,OPEN,2026-01-15T00:00:00
A001912,P001211,CREDIT_CARD,2021-07-16,,DORMANT,2026-01-15T00:00:00
A001913,P001211,SAVINGS,2022-11-27,,OPEN,2026-01-15T00:00:00
A001914,P001212,TRANSACTION,2017-12-07,,DORMANT,2026-01-15T00:00:00
A001915,P001212,CREDIT_CARD,2022-11-29,,OPEN,2026-01-15T00:00:00
A001916,P001213,TERM_DEPOSIT,2022-02-26,,DORMANT,2026-01-15T00:00:00
A001917,P001213,TRANSACTION,2023-03-25,,OPEN,2026-01-15T00:00:00
A001918,P001213,SAVINGS,2016-04-21,,OPEN,2026-01-15T00:00:00
A001919,P001214,CREDIT_CARD,2017-03-16,,OPEN,2026-01-15T00:00:00
A001920,P001215,TRANSACTION,2023-07-31,,DORMANT,2026-01-15T00:00:00
A001921,P001215,TRANSACTION,2023-12-07,,OPEN,2026-01-15T00:00:00
A001922,P001215,TRANSACTION,2019-11-30,,OPEN,2026-01-15T00:00:00
A001923,P001216,TRANSACTION,2016-07-06,,DORMANT,2026-01-15T00:00:00
A001924,P001217,TRANSACTION,2024-12-08,,OPEN,2026-01-15T00:00:00
A001925,P001217,TRANSACTION,2021-06-11,,OPEN,2026-01-15T00:00:00
A001926,P001217,TRANSACTION,2021-10-03,,OPEN,2026-01-15T00:00:00
A001927,P001218,CREDIT_CARD,2023-11-18,,OPEN,2026-01-15T00:00:00
A001928,P001219,TRANSACTION,2016-02-29,2017-02-02,CLOSED,2026-01-15T00:00:00
A001929,P001219,TRANSACTION,2017-03-16,,OPEN,2026-01-15T00:00:00
A001930,P001219,HOME_LOAN,2022-12-09,,OPEN,2026-01-15T00:00:00
A001931,P001220,CREDIT_CARD,2025-04-30,2026-01-14,CLOSED,2026-01-15T00:00:00
A001932,P001221,SAVINGS,2023-02-20,,OPEN,2026-01-15T00:00:00
A001933,P001221,TRANSACTION,2021-04-05,,OPEN,2026-01-15T00:00:00
A001934,P001222,TRANSACTION,2022-06-15,,OPEN,2026-01-15T00:00:00
A001935,P001223,SAVINGS,2021-04-16,,OPEN,2026-01-15T00:00:00
A001936,P001223,CREDIT_CARD,2023-05-21,,OPEN,2026-01-15T00:00:00
A001937,P001224,TERM_DEPOSIT,2025-08-01,,OPEN,2026-01-15T00:00:00
A001938,P001224,SAVINGS,2024-07-20,,OPEN,2026-01-15T00:00:00
A001939,P001224,SAVINGS,2021-12-03,,DORMANT,2026-01-15T00:00:00
A001940,P001225,TRANSACTION,2021-10-15,,OPEN,2026-01-15T00:00:00
A001941,P001226,TERM_DEPOSIT,2019-09-03,,OPEN,2026-01-15T00:00:00
A001942,P001227,TRANSACTION,2018-07-17,,OPEN,2026-01-15T00:00:00
A001943,P001228,TRANSACTION,2020-04-01,,OPEN,2026-01-15T00:00:00
A001944,P001228,TRANSACTION,2016-06-14,,OPEN,2026-01-15T00:00:00
A001945,P001228,TERM_DEPOSIT,2020-05-01,,OPEN,2026-01-15T00:00:00
A001946,P001229,SAVINGS,2024-01-31,,DORMANT,2026-01-15T00:00:00
A001947,P001230,SAVINGS,2018-03-01,,OPEN,2026-01-15T00:00:00
A001948,P001230,CREDIT_CARD,2016-02-07,,OPEN,2026-01-15T00:00:00
A001949,P001230,TRANSACTION,2020-12-06,,OPEN,2026-01-15T00:00:00
A001950,P001231,TRANSACTION,2018-04-09,,OPEN,2026-01-15T00:00:00
A001951,P001232,SAVINGS,2024-09-01,,OPEN,2026-01-15T00:00:00
A001952,P001233,CREDIT_CARD,2017-05-11,,OPEN,2026-01-15T00:00:00
A001953,P001234,TRANSACTION,2020-12-28,,DORMANT,2026-01-15T00:00:00
A001954,P001235,TERM_DEPOSIT,2021-10-18,,OPEN,2026-01-15T00:00:00
A001955,P001236,HOME_LOAN,2025-07-06,,OPEN,2026-01-15T00:00:00
A001956,P001237,CREDIT_CARD,2023-12-03,,OPEN,2026-01-15T00:00:00
A001957,P001238,TRANSACTION,2020-09-22,,OPEN,2026-01-15T00:00:00
A001958,P001239,TRANSACTION,2025-08-15,,OPEN,2026-01-15T00:00:00
A001959,P001239,TRANSACTION,2019-06-27,,OPEN,2026-01-15T00:00:00
A001960,P001239,TRANSACTION,2023-06-24,,OPEN,2026-01-15T00:00:00
A001961,P001240,SAVINGS,2024-12-11,,OPEN,2026-01-15T00:00:00
A001962,P001241,TRANSACTION,2024-07-21,,OPEN,2026-01-15T00:00:00
A001963,P001242,TRANSACTION,2024-03-10,,OPEN,2026-01-15T00:00:00
A001964,P001242,TRANSACTION,2017-11-01,,OPEN,2026-01-15T00:00:00
A001965,P001243,SAVINGS,2018-11-03,,DORMANT,2026-01-15T00:00:00
A001966,P001243,CREDIT_CARD,2022-01-23,,OPEN,2026-01-15T00:00:00
A001967,P001244,SAVINGS,2016-08-22,,DORMANT,2026-01-15T00:00:00
A001968,P001245,TRANSACTION,2023-04-15,,OPEN,2026-01-15T00:00:00
A001969,P001245,TRANSACTION,2018-02-22,,OPEN,2026-01-15T00:00:00
A001970,P001246,SAVINGS,2023-10-15,,DORMANT,2026-01-15T00:00:00
A001971,P001247,TRANSACTION,2022-09-12,,OPEN,2026-01-15T00:00:00
A001972,P001247,SAVINGS,2018-02-21,,OPEN,2026-01-15T00:00:00
A001973,P001248,TRANSACTION,2021-12-12,,OPEN,2026-01-15T00:00:00
A001974,P001248,TRANSACTION,2021-02-17,,OPEN,2026-01-15T00:00:00
A001975,P001249,TRANSACTION,2021-06-19,,OPEN,2026-01-15T00:00:00
A001976,P001250,HOME_LOAN,2025-05-29,,OPEN,2026-01-15T00:00:00
A001977,P001251,SAVINGS,2024-07-25,,OPEN,2026-01-15T00:00:00
A001978,P001252,CREDIT_CARD,2023-09-05,,OPEN,2026-01-15T00:00:00
A001979,P001252,TRANSACTION,2020-05-29,,OPEN,2026-01-15T00:00:00
A001980,P001253,TRANSACTION,2016-06-09,2019-09-15,CLOSED,2026-01-15T00:00:00
A001981,P001254,HOME_LOAN,2018-04-26,,OPEN,2026-01-15T00:00:00
A001982,P001255,CREDIT_CARD,2016-04-14,,OPEN,2026-01-15T00:00:00
A001983,P001255,CREDIT_CARD,2018-11-07,,OPEN,2026-01-15T00:00:00
A001984,P001255,CREDIT_CARD,2022-12-24,,OPEN,2026-01-15T00:00:00
A001985,P001256,TRANSACTION,2023-09-03,,OPEN,2026-01-15T00:00:00
A001986,P001257,TRANSACTION,2023-07-26,2024-12-10,CLOSED,2026-01-15T00:00:00
A001987,P001257,HOME_LOAN,2024-03-16,,OPEN,2026-01-15T00:00:00
A001988,P001258,CREDIT_CARD,2025-09-23,,OPEN,2026-01-15T00:00:00
A001989,P001259,TRANSACTION,2024-03-11,,OPEN,2026-01-15T00:00:00
A001990,P001259,HOME_LOAN,2016-04-18,,OPEN,2026-01-15T00:00:00
A001991,P001260,CREDIT_CARD,2018-03-26,,OPEN,2026-01-15T00:00:00
A001992,P001261,CREDIT_CARD,2021-12-14,,OPEN,2026-01-15T00:00:00
A001993,P001262,CREDIT_CARD,2018-12-27,2021-01-16,CLOSED,2026-01-15T00:00:00
A001994,P001263,SAVINGS,2021-07-20,,OPEN,2026-01-15T00:00:00
A001995,P001264,CREDIT_CARD,2020-07-19,,DORMANT,2026-01-15T00:00:00
A001996,P001264,TRANSACTION,2016-04-30,,OPEN,2026-01-15T00:00:00
A001997,P001264,SAVINGS,2022-11-15,,OPEN,2026-01-15T00:00:00
A001998,P001265,TRANSACTION,2016-08-20,,OPEN,2026-01-15T00:00:00
A001999,P001265,SAVINGS,2022-05-20,,OPEN,2026-01-15T00:00:00
A002000,P001266,TRANSACTION,2024-07-20,,OPEN,2026-01-15T00:00:00
A002001,P001266,TRANSACTION,2025-10-07,,DORMANT,2026-01-15T00:00:00
A002002,P001267,CREDIT_CARD,2023-12-18,,OPEN,2026-01-15T00:00:00
A002003,P001268,CREDIT_CARD,2018-06-22,,OPEN,2026-01-15T00:00:00
A002004,P001269,CREDIT_CARD,2018-07-21,2026-01-15,CLOSED,2026-01-15T09:00:00
A002005,P001269,TRANSACTION,2017-09-22,,OPEN,2026-01-15T00:00:00
A002006,P001270,TRANSACTION,2023-02-06,,OPEN,2026-01-15T00:00:00
A002007,P001271,TERM_DEPOSIT,2018-07-09,,OPEN,2026-01-15T00:00:00
A002008,P001271,TRANSACTION,2017-11-03,,OPEN,2026-01-15T00:00:00
A002009,P001272,CREDIT_CARD,2018-05-15,,OPEN,2026-01-15T00:00:00
A002010,P001273,TRANSACTION,2018-05-26,,OPEN,2026-01-15T00:00:00
A002011,P001274,SAVINGS,2023-07-19,,OPEN,2026-01-15T00:00:00
A002012,P001274,SAVINGS,2020-05-07,,OPEN,2026-01-15T00:00:00
A002013,P001275,SAVINGS,2025-11-29,,OPEN,2026-01-15T00:00:00
A002014,P001276,TRANSACTION,2024-02-22,,OPEN,2026-01-15T00:00:00
A002015,P001277,CREDIT_CARD,2020-05-09,,OPEN,2026-01-15T00:00:00
A002016,P001278,TRANSACTION,2022-06-21,,OPEN,2026-01-15T00:00:00
A002017,P001278,TRANSACTION,2023-03-10,,OPEN,2026-01-15T00:00:00
A002018,P001279,TERM_DEPOSIT,2021-05-24,,OPEN,2026-01-15T00:00:00
A002019,P001280,SAVINGS,2025-07-06,,OPEN,2026-01-15T00:00:00
A002020,P001280,SAVINGS,2023-07-02,,OPEN,2026-01-15T00:00:00
A002021,P001281,TERM_DEPOSIT,2023-04-29,,OPEN,2026-01-15T00:00:00
A002022,P001282,CREDIT_CARD,2024-06-09,,OPEN,2026-01-15T00:00:00
A002023,P001282,TRANSACTION,2017-05-06,,OPEN,2026-01-15T00:00:00
A002024,P001283,SAVINGS,2019-12-21,,OPEN,2026-01-15T00:00:00
A002025,P001283,SAVINGS,2019-10-23,,OPEN,2026-01-15T00:00:00
A002026,P001283,TRANSACTION,2018-10-09,,DORMANT,2026-01-15T00:00:00
A002027,P001284,SAVINGS,2018-02-01,,OPEN,2026-01-15T00:00:00
A002028,P001284,TRANSACTION,2019-02-28,,OPEN,2026-01-15T00:00:00
A002029,P001284,CREDIT_CARD,2022-03-26,,OPEN,2026-01-15T00:00:00
A002030,P001285,SAVINGS,2017-10-15,,OPEN,2026-01-15T00:00:00
A002031,P001286,TRANSACTION,2024-07-09,,OPEN,2026-01-15T00:00:00
A002032,P001286,TRANSACTION,2019-05-07,,OPEN,2026-01-15T00:00:00
A002033,P001287,CREDIT_CARD,2020-06-19,,OPEN,2026-01-15T00:00:00
A002034,P001287,TRANSACTION,2022-09-30,,OPEN,2026-01-15T00:00:00
A002035,P001288,TERM_DEPOSIT,2020-07-15,,OPEN,2026-01-15T00:00:00
A002036,P001289,TRANSACTION,2019-08-17,,OPEN,2026-01-15T00:00:00
A002037,P001290,SAVINGS,2017-05-14,,OPEN,2026-01-15T00:00:00
A002038,P001291,SAVINGS,2019-04-08,,OPEN,2026-01-15T00:00:00
A002039,P001292,TERM_DEPOSIT,2021-03-18,,OPEN,2026-01-15T00:00:00
A002040,P001293,TRANSACTION,2018-03-05,2019-10-12,CLOSED,2026-01-15T00:00:00
A002041,P001294,TRANSACTION,2021-05-11,,OPEN,2026-01-15T00:00:00
A002042,P001294,TRANSACTION,2023-06-12,,OPEN,2026-01-15T00:00:00
A002043,P001295,CREDIT_CARD,2022-11-12,,OPEN,2026-01-15T00:00:00
A002044,P001296,HOME_LOAN,2020-12-20,,OPEN,2026-01-15T00:00:00
A002045,P001296,TERM_DEPOSIT,2019-07-30,,OPEN,2026-01-15T00:00:00
A002046,P001297,SAVINGS,2023-06-03,,OPEN,2026-01-15T00:00:00
A002047,P001298,TRANSACTION,2020-09-10,,OPEN,2026-01-15T00:00:00
A002048,P001299,TRANSACTION,2024-02-09,,OPEN,2026-01-15T00:00:00
A002049,P001300,SAVINGS,2021-02-18,,OPEN,2026-01-15T00:00:00
A002050,P001301,CREDIT_CARD,2019-01-12,,OPEN,2026-01-15T00:00:00
A002051,P001301,SAVINGS,2016-05-21,,OPEN,2026-01-15T00:00:00
A002052,P001301,SAVINGS,2022-02-27,,OPEN,2026-01-15T00:00:00
A002053,P001302,TRANSACTION,2018-07-19,,DORMANT,2026-01-15T09:00:00
A002054,P001303,TRANSACTION,2022-12-25,,DORMANT,2026-01-15T00:00:00
A002055,P001304,TRANSACTION,2023-06-09,,OPEN,2026-01-15T00:00:00
A002056,P001304,TRANSACTION,2025-02-06,,OPEN,2026-01-15T00:00:00
A002057,P001304,TRANSACTION,2024-07-23,,OPEN,2026-01-15T00:00:00
A002058,P001305,SAVINGS,2017-06-22,,OPEN,2026-01-15T00:00:00
A002059,P001305,CREDIT_CARD,2016-04-19,,OPEN,2026-01-15T00:00:00
A002060,P001305,SAVINGS,2022-09-21,,OPEN,2026-01-15T00:00:00
A002061,P001306,CREDIT_CARD,2022-12-17,,DORMANT,2026-01-15T09:00:00
A002062,P001306,CREDIT_CARD,2016-07-14,,OPEN,2026-01-15T00:00:00
A002063,P001306,SAVINGS,2024-04-12,,OPEN,2026-01-15T00:00:00
A002064,P001307,SAVINGS,2024-06-24,,OPEN,2026-01-15T00:00:00
A002065,P001307,SAVINGS,2023-06-20,2026-01-14,CLOSED,2026-01-15T00:00:00
A002066,P001308,SAVINGS,2020-01-23,,OPEN,2026-01-15T00:00:00
A002067,P001308,TERM_DEPOSIT,2024-10-19,,OPEN,2026-01-15T00:00:00
A002068,P001309,TRANSACTION,2017-05-24,,DORMANT,2026-01-15T09:00:00
A002069,P001310,SAVINGS,2024-08-17,,DORMANT,2026-01-15T00:00:00
A002070,P001311,SAVINGS,2022-07-16,,DORMANT,2026-01-15T00:00:00
A002071,P001311,SAVINGS,2023-10-04,,OPEN,2026-01-15T00:00:00
A002072,P001312,TRANSACTION,2022-02-21,,OPEN,2026-01-15T00:00:00
A002073,P001312,SAVINGS,2016-04-13,,OPEN,2026-01-15T00:00:00
A002074,P001313,TRANSACTION,2022-07-14,,OPEN,2026-01-15T00:00:00
A002075,P001314,TRANSACTION,2025-03-14,,OPEN,2026-01-15T00:00:00
A002076,P001315,SAVINGS,2016-09-09,,OPEN,2026-01-15T00:00:00
A002077,P001315,TERM_DEPOSIT,2016-02-10,,OPEN,2026-01-15T00:00:00
A002078,P001316,TRANSACTION,2017-09-09,,DORMANT,2026-01-15T00:00:00
A002079,P001317,TRANSACTION,2021-12-03,,OPEN,2026-01-15T00:00:00
A002080,P001318,TRANSACTION,2019-05-22,,OPEN,2026-01-15T00:00:00
A002081,P001318,SAVINGS,2020-08-19,2023-11-29,CLOSED,2026-01-15T00:00:00
A002082,P001319,HOME_LOAN,2025-01-12,,DORMANT,2026-01-15T00:00:00
A002083,P001319,SAVINGS,2025-02-23,,OPEN,2026-01-15T00:00:00
A002084,P001319,TRANSACTION,2022-07-28,,OPEN,2026-01-15T00:00:00
A002085,P001320,TRANSACTION,2023-06-09,,OPEN,2026-01-15T00:00:00
A002086,P001320,TRANSACTION,2019-11-03,,OPEN,2026-01-15T00:00:00
A002087,P001321,TRANSACTION,2023-11-11,,OPEN,2026-01-15T00:00:00
A002088,P001322,TERM_DEPOSIT,2017-08-11,,OPEN,2026-01-15T00:00:00
A002089,P001323,TRANSACTION,2020-10-15,,OPEN,2026-01-15T00:00:00
A002090,P001323,TRANSACTION,2023-08-03,,OPEN,2026-01-15T00:00:00
A002091,P001324,TRANSACTION,2020-11-11,,OPEN,2026-01-15T00:00:00
A002092,P001325,CREDIT_CARD,2018-05-09,,OPEN,2026-01-15T00:00:00
A002093,P001326,CREDIT_CARD,2016-08-06,,OPEN,2026-01-15T00:00:00
A002094,P001327,TERM_DEPOSIT,2018-08-13,,OPEN,2026-01-15T00:00:00
A002095,P001327,CREDIT_CARD,2024-05-04,,OPEN,2026-01-15T00:00:00
A002096,P001328,CREDIT_CARD,2025-05-10,,OPEN,2026-01-15T00:00:00
A002097,P001329,TRANSACTION,2018-06-27,2021-02-08,CLOSED,2026-01-15T00:00:00
A002098,P001329,TERM_DEPOSIT,2025-03-13,,OPEN,2026-01-15T00:00:00
A002099,P001330,TRANSACTION,2023-08-03,,DORMANT,2026-01-15T00:00:00
A002100,P001331,TRANSACTION,2017-01-06,,OPEN,2026-01-15T00:00:00
A002101,P001332,TRANSACTION,2024-02-07,,OPEN,2026-01-15T00:00:00
A002102,P001333,TRANSACTION,2021-07-15,,OPEN,2026-01-15T00:00:00
A002103,P001333,TRANSACTION,2022-02-21,,OPEN,2026-01-15T00:00:00
A002104,P001334,CREDIT_CARD,2023-09-09,,OPEN,2026-01-15T00:00:00
A002105,P001334,SAVINGS,2024-03-14,,OPEN,2026-01-15T00:00:00
A002106,P001335,TRANSACTION,2024-05-30,,OPEN,2026-01-15T00:00:00
A002107,P001336,TRANSACTION,2023-08-17,,DORMANT,2026-01-15T00:00:00
A002108,P001336,TRANSACTION,2023-06-17,,OPEN,2026-01-15T00:00:00
A002109,P001337,TRANSACTION,2017-09-08,,OPEN,2026-01-15T00:00:00
A002110,P001338,TRANSACTION,2020-10-20,,OPEN,2026-01-15T00:00:00
A002111,P001338,CREDIT_CARD,2021-01-04,,DORMANT,2026-01-15T00:00:00
A002112,P001339,SAVINGS,2019-01-29,,OPEN,2026-01-15T00:00:00
A002113,P001340,TRANSACTION,2017-07-11,,OPEN,2026-01-15T00:00:00
A002114,P001340,TRANSACTION,2021-10-07,,OPEN,2026-01-15T00:00:00
A002115,P001341,TERM_DEPOSIT,2023-05-01,,OPEN,2026-01-15T00:00:00
A002116,P001342,TRANSACTION,2020-06-13,,OPEN,2026-01-15T00:00:00
A002117,P001342,TRANSACTION,2022-11-18,,OPEN,2026-01-15T00:00:00
A002118,P001343,TRANSACTION,2024-06-29,,OPEN,2026-01-15T00:00:00
A002119,P001343,SAVINGS,2016-12-14,,OPEN,2026-01-15T00:00:00
A002120,P001343,CREDIT_CARD,2017-04-11,,OPEN,2026-01-15T00:00:00
A002121,P001344,TRANSACTION,2024-02-01,,OPEN,2026-01-15T00:00:00
A002122,P001345,TRANSACTION,2021-09-24,,OPEN,2026-01-15T00:00:00
A002123,P001346,CREDIT_CARD,2016-08-05,,OPEN,2026-01-15T00:00:00
A002124,P001346,TERM_DEPOSIT,2020-09-24,,OPEN,2026-01-15T00:00:00
A002125,P001347,CREDIT_CARD,2020-07-30,,OPEN,2026-01-15T00:00:00
A002126,P001347,SAVINGS,2022-04-26,,OPEN,2026-01-15T00:00:00
A002127,P001347,TRANSACTION,2018-12-10,,OPEN,2026-01-15T00:00:00
A002128,P001348,CREDIT_CARD,2022-12-17,,OPEN,2026-01-15T00:00:00
A002129,P001348,TRANSACTION,2019-11-05,,OPEN,2026-01-15T00:00:00
A002130,P001349,TRANSACTION,2017-01-27,,OPEN,2026-01-15T00:00:00
A002131,P001349,SAVINGS,2022-02-10,,OPEN,2026-01-15T00:00:00
A002132,P001350,TRANSACTION,2022-05-14,,OPEN,2026-01-15T00:00:00
A002133,P001350,CREDIT_CARD,2019-05-12,,OPEN,2026-01-15T00:00:00
A002134,P001350,TRANSACTION,2021-07-01,,OPEN,2026-01-15T00:00:00
A002135,P001351,TRANSACTION,2020-03-25,,OPEN,2026-01-15T00:00:00
A002136,P001352,TRANSACTION,2023-02-15,,OPEN,2026-01-15T00:00:00
A002137,P001353,CREDIT_CARD,2025-01-23,,OPEN,2026-01-15T00:00:00
A002138,P001354,TRANSACTION,2025-05-22,,OPEN,2026-01-15T00:00:00
A002139,P001355,SAVINGS,2023-04-11,,OPEN,2026-01-15T00:00:00
A002140,P001356,SAVINGS,2016-11-12,,DORMANT,2026-01-15T00:00:00
A002141,P001356,SAVINGS,2018-05-30,,DORMANT,2026-01-15T00:00:00
A002142,P001356,HOME_LOAN,2025-02-02,,OPEN,2026-01-15T00:00:00
A002143,P001357,CREDIT_CARD,2022-08-26,,OPEN,2026-01-15T00:00:00
A002144,P001358,TERM_DEPOSIT,2019-03-18,,OPEN,2026-01-15T00:00:00
A002145,P001358,TRANSACTION,2018-12-21,,OPEN,2026-01-15T00:00:00
A002146,P001359,TRANSACTION,2022-05-08,,OPEN,2026-01-15T00:00:00
A002147,P001359,TERM_DEPOSIT,2024-09-09,,OPEN,2026-01-15T00:00:00
A002148,P001360,TRANSACTION,2020-05-25,,DORMANT,2026-01-15T00:00:00
A002149,P001361,TRANSACTION,2019-09-01,,OPEN,2026-01-15T00:00:00
A002150,P001361,TRANSACTION,2021-11-15,,DORMANT,2026-01-15T00:00:00
A002151,P001362,TRANSACTION,2023-12-11,,OPEN,2026-01-15T00:00:00
A002152,P001363,CREDIT_CARD,2019-04-16,,DORMANT,2026-01-15T00:00:00
A002153,P001364,HOME_LOAN,2023-09-24,,OPEN,2026-01-15T00:00:00
A002154,P001365,SAVINGS,2023-09-23,,OPEN,2026-01-15T00:00:00
A002155,P001366,TRANSACTION,2016-01-30,,DORMANT,2026-01-15T00:00:00
A002156,P001367,SAVINGS,2020-02-07,,OPEN,2026-01-15T00:00:00
A002157,P001368,TERM_DEPOSIT,2025-10-14,,OPEN,2026-01-15T00:00:00
A002158,P001368,TRANSACTION,2024-01-21,,OPEN,2026-01-15T00:00:00
A002159,P001369,SAVINGS,2017-04-30,,OPEN,2026-01-15T00:00:00
A002160,P001370,SAVINGS,2016-02-09,,OPEN,2026-01-15T00:00:00
A002161,P001371,TRANSACTION,2023-01-12,,OPEN,2026-01-15T00:00:00
A002162,P001371,TERM_DEPOSIT,2021-06-18,,OPEN,2026-01-15T00:00:00
A002163,P001372,TRANSACTION,2016-01-29,,OPEN,2026-01-15T00:00:00
A002164,P001372,TRANSACTION,2023-04-21,,OPEN,2026-01-15T00:00:00
A002165,P001373,SAVINGS,2022-05-05,,OPEN,2026-01-15T00:00:00
A002166,P001374,TRANSACTION,2024-03-12,,OPEN,2026-01-15T00:00:00
A002167,P001375,TRANSACTION,2019-10-31,,OPEN,2026-01-15T00:00:00
A002168,P001376,TRANSACTION,2018-08-01,,OPEN,2026-01-15T00:00:00
A002169,P001376,CREDIT_CARD,2024-02-25,,OPEN,2026-01-15T00:00:00
A002170,P001377,TRANSACTION,2016-03-22,2020-09-11,CLOSED,2026-01-15T00:00:00
A002171,P001378,TRANSACTION,2019-04-15,,OPEN,2026-01-15T00:00:00
A002172,P001379,CREDIT_CARD,2021-05-29,,OPEN,2026-01-15T00:00:00
A002173,P001379,TRANSACTION,2018-06-04,,OPEN,2026-01-15T00:00:00
A002174,P001380,TRANSACTION,2016-08-24,,OPEN,2026-01-15T00:00:00
A002175,P001381,CREDIT_CARD,2023-11-26,,OPEN,2026-01-15T00:00:00
A002176,P001382,TRANSACTION,2023-01-05,,OPEN,2026-01-15T00:00:00
A002177,P001383,SAVINGS,2022-02-09,,OPEN,2026-01-15T00:00:00
A002178,P001384,TRANSACTION,2018-07-30,,OPEN,2026-01-15T00:00:00
A002179,P001385,TRANSACTION,2019-06-26,,OPEN,2026-01-15T00:00:00
A002180,P001385,CREDIT_CARD,2018-01-07,,DORMANT,2026-01-15T00:00:00
A002181,P001386,SAVINGS,2023-12-08,,DORMANT,2026-01-15T00:00:00
A002182,P001387,CREDIT_CARD,2017-02-23,,OPEN,2026-01-15T00:00:00
A002183,P001388,SAVINGS,2024-08-27,,OPEN,2026-01-15T00:00:00
A002184,P001388,SAVINGS,2016-03-01,,OPEN,2026-01-15T00:00:00
A002185,P001389,SAVINGS,2021-06-01,,OPEN,2026-01-15T00:00:00
A002186,P001390,CREDIT_CARD,2024-09-08,,OPEN,2026-01-15T00:00:00
A002187,P001391,SAVINGS,2021-07-20,,OPEN,2026-01-15T00:00:00
A002188,P001392,TRANSACTION,2016-07-14,,OPEN,2026-01-15T00:00:00
A002189,P001393,TRANSACTION,2019-07-12,,DORMANT,2026-01-15T00:00:00
A002190,P001394,SAVINGS,2018-10-05,,OPEN,2026-01-15T00:00:00
A002191,P001394,TRANSACTION,2022-05-27,,OPEN,2026-01-15T00:00:00
A002192,P001394,CREDIT_CARD,2021-07-27,,OPEN,2026-01-15T00:00:00
A002193,P001395,CREDIT_CARD,2017-07-09,,OPEN,2026-01-15T00:00:00
A002194,P001396,SAVINGS,2017-10-18,,OPEN,2026-01-15T00:00:00
A002195,P001396,TRANSACTION,2023-11-24,,OPEN,2026-01-15T00:00:00
A002196,P001397,TERM_DEPOSIT,2016-11-06,,OPEN,2026-01-15T00:00:00
A002197,P001398,TRANSACTION,2022-06-29,,OPEN,2026-01-15T00:00:00
A002198,P001399,TRANSACTION,2023-01-30,,OPEN,2026-01-15T00:00:00
A002199,P001400,TRANSACTION,2017-09-13,,OPEN,2026-01-15T00:00:00
A002200,P001400,SAVINGS,2016-01-19,,OPEN,2026-01-15T00:00:00
A002201,P001401,CREDIT_CARD,2024-11-28,,OPEN,2026-01-15T00:00:00
A002202,P001401,SAVINGS,2024-03-13,,OPEN,2026-01-15T00:00:00
A002203,P001402,SAVINGS,2019-01-17,,OPEN,2026-01-15T00:00:00
A002204,P001403,TRANSACTION,2024-02-12,,OPEN,2026-01-15T00:00:00
A002205,P001403,TRANSACTION,2017-09-02,,OPEN,2026-01-15T00:00:00
A002206,P001404,CREDIT_CARD,2021-03-08,,OPEN,2026-01-15T00:00:00
A002207,P001405,CREDIT_CARD,2017-12-31,,OPEN,2026-01-15T00:00:00
A002208,P001405,TRANSACTION,2023-09-18,,OPEN,2026-01-15T00:00:00
A002209,P001406,TRANSACTION,2021-06-23,,OPEN,2026-01-15T00:00:00
A002210,P001407,TRANSACTION,2025-05-25,,OPEN,2026-01-15T00:00:00
A002211,P001408,TRANSACTION,2019-12-25,,DORMANT,2026-01-15T00:00:00
A002212,P001409,TRANSACTION,2021-12-07,,OPEN,2026-01-15T00:00:00
A002213,P001410,TRANSACTION,2016-10-30,,OPEN,2026-01-15T00:00:00
A002214,P001411,SAVINGS,2019-01-23,,OPEN,2026-01-15T00:00:00
A002215,P001411,SAVINGS,2019-12-06,,OPEN,2026-01-15T00:00:00
A002216,P001412,SAVINGS,2021-01-10,,DORMANT,2026-01-15T00:00:00
A002217,P001413,TRANSACTION,2019-09-08,2021-01-03,CLOSED,2026-01-15T00:00:00
A002218,P001413,TERM_DEPOSIT,2020-04-17,,OPEN,2026-01-15T00:00:00
A002219,P001414,CREDIT_CARD,2023-08-20,,OPEN,2026-01-15T00:00:00
A002220,P001415,TERM_DEPOSIT,2024-12-25,,DORMANT,2026-01-15T09:00:00
A002221,P001416,TERM_DEPOSIT,2019-11-02,,DORMANT,2026-01-15T00:00:00
A002222,P001416,CREDIT_CARD,2017-04-22,,OPEN,2026-01-15T00:00:00
A002223,P001417,TRANSACTION,2021-01-19,,OPEN,2026-01-15T00:00:00
A002224,P001418,TRANSACTION,2025-01-31,,OPEN,2026-01-15T00:00:00
A002225,P001418,SAVINGS,2017-01-17,,OPEN,2026-01-15T00:00:00
A002226,P001418,TERM_DEPOSIT,2017-11-17,,OPEN,2026-01-15T00:00:00
A002227,P001419,SAVINGS,2020-03-21,,OPEN,2026-01-15T00:00:00
A002228,P001420,TERM_DEPOSIT,2020-09-30,,OPEN,2026-01-15T00:00:00
A002229,P001421,TRANSACTION,2020-07-27,,OPEN,2026-01-15T00:00:00
A002230,P001421,TERM_DEPOSIT,2017-08-30,,DORMANT,2026-01-15T00:00:00
A002231,P001422,HOME_LOAN,2020-07-05,,OPEN,2026-01-15T00:00:00
A002232,P001423,TRANSACTION,2017-06-12,,OPEN,2026-01-15T00:00:00
A002233,P001424,SAVINGS,2025-11-06,,OPEN,2026-01-15T00:00:00
A002234,P001425,SAVINGS,2016-04-25,,OPEN,2026-01-15T00:00:00
A002235,P001425,TRANSACTION,2017-04-12,,OPEN,2026-01-15T00:00:00
A002236,P001425,TRANSACTION,2019-02-11,,OPEN,2026-01-15T00:00:00
A002237,P001426,SAVINGS,2020-04-11,,DORMANT,2026-01-15T09:00:00
A002238,P001427,SAVINGS,2019-06-03,,DORMANT,2026-01-15T00:00:00
A002239,P001428,SAVINGS,2022-07-26,,OPEN,2026-01-15T00:00:00
A002240,P001428,SAVINGS,2017-09-06,,OPEN,2026-01-15T00:00:00
A002241,P001429,CREDIT_CARD,2024-03-24,,OPEN,2026-01-15T00:00:00
A002242,P001429,TRANSACTION,2018-02-11,2020-07-07,CLOSED,2026-01-15T00:00:00
A002243,P001429,SAVINGS,2017-05-09,,OPEN,2026-01-15T00:00:00
A002244,P001430,SAVINGS,2024-11-11,,OPEN,2026-01-15T00:00:00
A002245,P001430,TRANSACTION,2022-06-19,,OPEN,2026-01-15T00:00:00
A002246,P001431,TERM_DEPOSIT,2024-02-05,,OPEN,2026-01-15T00:00:00
A002247,P001431,TRANSACTION,2022-11-10,,OPEN,2026-01-15T00:00:00
A002248,P001432,TRANSACTION,2020-12-07,,OPEN,2026-01-15T00:00:00
A002249,P001432,TERM_DEPOSIT,2019-06-04,,DORMANT,2026-01-15T00:00:00
A002250,P001433,TRANSACTION,2020-08-03,,OPEN,2026-01-15T00:00:00
A002251,P001434,TRANSACTION,2022-07-03,,OPEN,2026-01-15T00:00:00
A002252,P001434,TRANSACTION,2018-12-24,,OPEN,2026-01-15T00:00:00
A002253,P001435,TRANSACTION,2017-02-24,,OPEN,2026-01-15T00:00:00
A002254,P001436,SAVINGS,2023-01-22,,OPEN,2026-01-15T00:00:00
A002255,P001437,CREDIT_CARD,2022-09-24,,DORMANT,2026-01-15T09:00:00
A002256,P001437,TRANSACTION,2020-03-17,,OPEN,2026-01-15T00:00:00
A002257,P001438,SAVINGS,2022-07-12,,OPEN,2026-01-15T00:00:00
A002258,P001438,SAVINGS,2022-09-05,,DORMANT,2026-01-15T09:00:00
A002259,P001439,SAVINGS,2023-08-10,,OPEN,2026-01-15T00:00:00
A002260,P001440,CREDIT_CARD,2024-09-20,2026-01-14,CLOSED,2026-01-15T00:00:00
A002261,P001440,CREDIT_CARD,2019-12-07,,OPEN,2026-01-15T00:00:00
A002262,P001441,TRANSACTION,2019-02-19,,OPEN,2026-01-15T00:00:00
A002263,P001442,CREDIT_CARD,2016-02-05,,OPEN,2026-01-15T00:00:00
A002264,P001442,HOME_LOAN,2024-08-04,,OPEN,2026-01-15T00:00:00
A002265,P001443,TRANSACTION,2024-05-09,2024-09-26,CLOSED,2026-01-15T00:00:00
A002266,P001443,TRANSACTION,2022-09-01,,OPEN,2026-01-15T00:00:00
A002267,P001443,TERM_DEPOSIT,2025-09-18,,OPEN,2026-01-15T00:00:00
A002268,P001444,SAVINGS,2023-02-01,,OPEN,2026-01-15T00:00:00
A002269,P001445,TRANSACTION,2019-09-06,,DORMANT,2026-01-15T00:00:00
A002270,P001446,TRANSACTION,2018-06-15,,OPEN,2026-01-15T00:00:00
A002271,P001446,TRANSACTION,2022-07-01,,OPEN,2026-01-15T00:00:00
A002272,P001447,TRANSACTION,2019-03-31,,OPEN,2026-01-15T00:00:00
A002273,P001448,CREDIT_CARD,2024-09-23,,OPEN,2026-01-15T00:00:00
A002274,P001449,CREDIT_CARD,2025-10-03,,OPEN,2026-01-15T00:00:00
A002275,P001450,CREDIT_CARD,2025-10-10,2026-01-15,CLOSED,2026-01-15T09:00:00
A002276,P001450,TRANSACTION,2018-04-19,,OPEN,2026-01-15T00:00:00
A002277,P001450,TRANSACTION,2018-04-22,,OPEN,2026-01-15T00:00:00
A002278,P001451,CREDIT_CARD,2019-03-25,,OPEN,2026-01-15T00:00:00
A002279,P001451,TRANSACTION,2021-11-28,,OPEN,2026-01-15T00:00:00
A002280,P001452,TRANSACTION,2019-07-31,,OPEN,2026-01-15T00:00:00
A002281,P001453,SAVINGS,2016-06-12,,DORMANT,2026-01-15T00:00:00
A002282,P001454,TRANSACTION,2025-05-03,,OPEN,2026-01-15T00:00:00
A002283,P001455,CREDIT_CARD,2025-09-13,,OPEN,2026-01-15T00:00:00
A002284,P001456,TRANSACTION,2016-01-26,,OPEN,2026-01-15T00:00:00
A002285,P001457,TRANSACTION,2017-07-04,,OPEN,2026-01-15T00:00:00
A002286,P001458,SAVINGS,2025-05-21,,OPEN,2026-01-15T00:00:00
A002287,P001459,TRANSACTION,2023-02-03,,OPEN,2026-01-15T00:00:00
A002288,P001459,SAVINGS,2025-06-07,,OPEN,2026-01-15T00:00:00
A002289,P001459,TRANSACTION,2022-01-27,2025-05-15,CLOSED,2026-01-15T00:00:00
A002290,P001460,TRANSACTION,2021-09-21,,OPEN,2026-01-15T00:00:00
A002291,P001460,TERM_DEPOSIT,2021-09-06,,OPEN,2026-01-15T00:00:00
A002292,P001460,CREDIT_CARD,2024-08-10,,OPEN,2026-01-15T00:00:00
A002293,P001461,SAVINGS,2016-02-20,,OPEN,2026-01-15T00:00:00
A002294,P001462,TRANSACTION,2023-12-02,,OPEN,2026-01-15T00:00:00
A002295,P001463,TRANSACTION,2025-10-30,,OPEN,2026-01-15T00:00:00
A002296,P001463,TRANSACTION,2018-10-18,,OPEN,2026-01-15T00:00:00
A002297,P001464,CREDIT_CARD,2023-01-07,,OPEN,2026-01-15T00:00:00
A002298,P001465,TRANSACTION,2019-11-07,,OPEN,2026-01-15T00:00:00
A002299,P001466,TRANSACTION,2023-06-03,,OPEN,2026-01-15T00:00:00
A002300,P001466,TRANSACTION,2024-11-02,,DORMANT,2026-01-15T00:00:00
A002301,P001467,SAVINGS,2022-05-31,,OPEN,2026-01-15T00:00:00
A002302,P001467,CREDIT_CARD,2024-05-19,,OPEN,2026-01-15T00:00:00
A002303,P001468,TRANSACTION,2024-01-21,,OPEN,2026-01-15T00:00:00
A002304,P001468,CREDIT_CARD,2019-03-28,,DORMANT,2026-01-15T09:00:00
A002305,P001469,TRANSACTION,2018-07-15,,OPEN,2026-01-15T00:00:00
A002306,P001469,TRANSACTION,2016-03-04,,OPEN,2026-01-15T00:00:00
A002307,P001470,SAVINGS,2017-03-09,,OPEN,2026-01-15T00:00:00
A002308,P001470,SAVINGS,2020-09-21,,OPEN,2026-01-15T00:00:00
A002309,P001471,TRANSACTION,2018-09-18,,OPEN,2026-01-15T00:00:00
A002310,P001472,TRANSACTION,2022-04-27,,OPEN,2026-01-15T00:00:00
A002311,P001473,TRANSACTION,2023-11-21,,OPEN,2026-01-15T00:00:00
A002312,P001474,SAVINGS,2022-01-13,,OPEN,2026-01-15T00:00:00
A002313,P001475,TRANSACTION,2024-08-15,2026-01-14,CLOSED,2026-01-15T00:00:00
A002314,P001475,SAVINGS,2019-01-09,,OPEN,2026-01-15T00:00:00
A002315,P001476,TRANSACTION,2025-05-02,,OPEN,2026-01-15T00:00:00
A002316,P001477,TRANSACTION,2019-03-14,,DORMANT,2026-01-15T09:00:00
A002317,P001477,TRANSACTION,2022-06-22,,OPEN,2026-01-15T00:00:00
A002318,P001478,TRANSACTION,2023-07-06,,OPEN,2026-01-15T00:00:00
A002319,P001479,TRANSACTION,2019-12-27,,OPEN,2026-01-15T00:00:00
A002320,P001480,TRANSACTION,2016-07-28,,OPEN,2026-01-15T00:00:00
A002321,P001480,SAVINGS,2021-12-03,,OPEN,2026-01-15T00:00:00
A002322,P001481,HOME_LOAN,2020-10-07,,OPEN,2026-01-15T00:00:00
A002323,P001481,TRANSACTION,2019-02-26,,OPEN,2026-01-15T00:00:00
A002324,P001482,SAVINGS,2019-12-05,2026-01-15,CLOSED,2026-01-15T09:00:00
A002325,P001483,SAVINGS,2021-03-12,,OPEN,2026-01-15T00:00:00
A002326,P001484,SAVINGS,2023-03-26,,OPEN,2026-01-15T00:00:00
A002327,P001484,SAVINGS,2019-03-07,2021-09-26,CLOSED,2026-01-15T00:00:00
A002328,P001485,SAVINGS,2020-03-30,,OPEN,2026-01-15T00:00:00
A002329,P001485,TRANSACTION,2019-09-04,,OPEN,2026-01-15T00:00:00
A002330,P001485,CREDIT_CARD,2020-07-15,,OPEN,2026-01-15T00:00:00
A002331,P001486,TRANSACTION,2019-09-12,,OPEN,2026-01-15T00:00:00
A002332,P001487,TRANSACTION,2023-11-19,,OPEN,2026-01-15T00:00:00
A002333,P001488,TRANSACTION,2016-08-04,,OPEN,2026-01-15T00:00:00
A002334,P001488,TERM_DEPOSIT,2017-09-29,,OPEN,2026-01-15T00:00:00
A002335,P001489,CREDIT_CARD,2025-05-11,,OPEN,2026-01-15T00:00:00
A002336,P001489,SAVINGS,2024-09-18,,OPEN,2026-01-15T00:00:00
A002337,P001490,TRANSACTION,2022-10-15,,DORMANT,2026-01-15T00:00:00
A002338,P001490,SAVINGS,2017-09-03,,OPEN,2026-01-15T00:00:00
A002339,P001491,TERM_DEPOSIT,2019-04-11,,OPEN,2026-01-15T00:00:00
A002340,P001491,SAVINGS,2025-03-09,2026-01-14,CLOSED,2026-01-15T00:00:00
A002341,P001492,TRANSACTION,2019-04-30,,OPEN,2026-01-15T00:00:00
A002342,P001493,TRANSACTION,2017-01-06,,OPEN,2026-01-15T00:00:00
A002343,P001494,TRANSACTION,2019-01-31,,OPEN,2026-01-15T00:00:00
A002344,P001494,SAVINGS,2025-08-05,,OPEN,2026-01-15T00:00:00
A002345,P001494,TRANSACTION,2019-12-13,,OPEN,2026-01-15T00:00:00
A002346,P001495,TRANSACTION,2025-09-23,,OPEN,2026-01-15T00:00:00
A002347,P001496,TERM_DEPOSIT,2017-12-20,,OPEN,2026-01-15T00:00:00
A002348,P001497,TRANSACTION,2019-04-03,,DORMANT,2026-01-15T09:00:00
A002349,P001498,TERM_DEPOSIT,2024-01-04,,OPEN,2026-01-15T00:00:00
A002350,P001499,CREDIT_CARD,2020-02-24,2026-01-15,CLOSED,2026-01-15T09:00:00
A002351,P001500,CREDIT_CARD,2016-07-03,,OPEN,2026-01-15T00:00:00
A002352,P001501,SAVINGS,2021-01-02,,OPEN,2026-01-15T00:00:00
A002353,P001501,TERM_DEPOSIT,2021-10-04,,OPEN,2026-01-15T00:00:00
A002354,P001502,TRANSACTION,2017-12-15,,OPEN,2026-01-15T00:00:00
A002355,P001502,CREDIT_CARD,2024-07-02,,DORMANT,2026-01-15T00:00:00
A002356,P001502,CREDIT_CARD,2016-06-20,,OPEN,2026-01-15T00:00:00
A002357,P001503,TRANSACTION,2017-07-24,,OPEN,2026-01-15T00:00:00
A002358,P001504,SAVINGS,2018-06-28,,DORMANT,2026-01-15T00:00:00
A002359,P001504,CREDIT_CARD,2016-09-21,,OPEN,2026-01-15T00:00:00
A002360,P001505,TRANSACTION,2019-02-04,,DORMANT,2026-01-15T09:00:00
A002361,P001506,TRANSACTION,2025-10-04,,DORMANT,2026-01-15T00:00:00
A002362,P001507,SAVINGS,2022-12-22,,DORMANT,2026-01-15T00:00:00
A002363,P001507,CREDIT_CARD,2017-01-22,,OPEN,2026-01-15T00:00:00
A002364,P001508,TRANSACTION,2017-05-22,,DORMANT,2026-01-15T00:00:00
A002365,P001508,SAVINGS,2021-07-13,2022-04-13,CLOSED,2026-01-15T00:00:00
A002366,P001508,TRANSACTION,2017-10-10,,OPEN,2026-01-15T00:00:00
A002367,P001509,SAVINGS,2022-02-01,,OPEN,2026-01-15T00:00:00
A002368,P001510,TRANSACTION,2024-12-31,,OPEN,2026-01-15T00:00:00
A002369,P001510,SAVINGS,2020-05-28,,OPEN,2026-01-15T00:00:00
A002370,P001511,TERM_DEPOSIT,2022-02-22,,OPEN,2026-01-15T00:00:00
A002371,P001512,TRANSACTION,2017-01-01,,OPEN,2026-01-15T00:00:00
A002372,P001512,TERM_DEPOSIT,2016-06-16,,OPEN,2026-01-15T00:00:00
A002373,P001512,SAVINGS,2024-01-18,,OPEN,2026-01-15T00:00:00
A002374,P001513,SAVINGS,2021-10-06,,OPEN,2026-01-15T00:00:00
A002375,P001514,TRANSACTION,2021-03-05,,OPEN,2026-01-15T00:00:00
A002376,P001514,TRANSACTION,2017-01-24,,OPEN,2026-01-15T00:00:00
A002377,P001515,SAVINGS,2017-07-27,,OPEN,2026-01-15T00:00:00
A002378,P001515,CREDIT_CARD,2017-06-16,,DORMANT,2026-01-15T09:00:00
A002379,P001516,TRANSACTION,2016-07-17,,OPEN,2026-01-15T00:00:00
A002380,P001516,TRANSACTION,2018-05-15,,OPEN,2026-01-15T00:00:00
A002381,P001516,CREDIT_CARD,2024-07-22,,OPEN,2026-01-15T00:00:00
A002382,P001517,SAVINGS,2025-10-20,,OPEN,2026-01-15T00:00:00
A002383,P001518,TRANSACTION,2019-06-27,2021-05-16,CLOSED,2026-01-15T00:00:00
A002384,P001518,TRANSACTION,2016-03-16,,OPEN,2026-01-15T00:00:00
A002385,P001519,CREDIT_CARD,2025-06-11,,OPEN,2026-01-15T00:00:00
A002386,P001520,TRANSACTION,2019-12-02,,OPEN,2026-01-15T00:00:00
A002387,P001520,CREDIT_CARD,2017-11-16,,OPEN,2026-01-15T00:00:00
A002388,P001521,TRANSACTION,2024-05-25,,OPEN,2026-01-15T00:00:00
A002389,P001522,TRANSACTION,2025-02-19,,DORMANT,2026-01-15T00:00:00
A002390,P001522,TERM_DEPOSIT,2017-01-01,,OPEN,2026-01-15T00:00:00
A002391,P001523,TRANSACTION,2021-05-30,,OPEN,2026-01-15T00:00:00
A002392,P001524,TRANSACTION,2022-01-03,,OPEN,2026-01-15T00:00:00
A002393,P001525,SAVINGS,2023-07-29,,OPEN,2026-01-15T00:00:00
A002394,P001525,CREDIT_CARD,2025-03-29,,OPEN,2026-01-15T00:00:00
A002395,P001526,SAVINGS,2016-02-13,2020-12-31,CLOSED,2026-01-15T00:00:00
A002396,P001526,HOME_LOAN,2024-11-26,,OPEN,2026-01-15T00:00:00
A002397,P001527,SAVINGS,2023-02-27,,OPEN,2026-01-15T00:00:00
A002398,P001527,TRANSACTION,2021-08-04,,OPEN,2026-01-15T00:00:00
A002399,P001527,TRANSACTION,2020-06-14,,OPEN,2026-01-15T00:00:00
A002400,P001528,CREDIT_CARD,2024-08-15,,OPEN,2026-01-15T00:00:00
A002401,P001529,TRANSACTION,2018-04-22,,OPEN,2026-01-15T00:00:00
A002402,P001530,CREDIT_CARD,2023-03-25,,OPEN,2026-01-15T00:00:00
A002403,P001530,TRANSACTION,2025-08-08,,DORMANT,2026-01-15T00:00:00
A002404,P001531,TRANSACTION,2017-05-01,,OPEN,2026-01-15T00:00:00
A002405,P001532,TRANSACTION,2023-02-14,,OPEN,2026-01-15T00:00:00
A002406,P001533,TRANSACTION,2023-01-22,,OPEN,2026-01-15T00:00:00
A002407,P001534,SAVINGS,2025-01-22,,OPEN,2026-01-15T00:00:00
A002408,P001534,TRANSACTION,2018-02-08,,OPEN,2026-01-15T00:00:00
A002409,P001535,SAVINGS,2023-08-16,,OPEN,2026-01-15T00:00:00
A002410,P001535,CREDIT_CARD,2018-10-19,,DORMANT,2026-01-15T00:00:00
A002411,P001535,TRANSACTION,2022-12-10,,OPEN,2026-01-15T00:00:00
A002412,P001536,TRANSACTION,2023-10-20,,OPEN,2026-01-15T00:00:00
A002413,P001537,TRANSACTION,2023-07-09,,OPEN,2026-01-15T00:00:00
A002414,P001538,TRANSACTION,2021-03-08,,OPEN,2026-01-15T00:00:00
A002415,P001539,CREDIT_CARD,2022-12-19,,OPEN,2026-01-15T00:00:00
A002416,P001539,SAVINGS,2020-11-01,,OPEN,2026-01-15T00:00:00
A002417,P001540,TRANSACTION,2022-05-13,,OPEN,2026-01-15T00:00:00
A002418,P001540,TERM_DEPOSIT,2019-06-20,,OPEN,2026-01-15T00:00:00
A002419,P001541,TRANSACTION,2021-05-29,,OPEN,2026-01-15T00:00:00
A002420,P001541,CREDIT_CARD,2018-07-11,,DORMANT,2026-01-15T00:00:00
A002421,P001542,SAVINGS,2025-11-17,,OPEN,2026-01-15T00:00:00
A002422,P001542,TRANSACTION,2019-11-26,,OPEN,2026-01-15T00:00:00
A002423,P001543,SAVINGS,2020-10-28,,OPEN,2026-01-15T00:00:00
A002424,P001544,CREDIT_CARD,2021-12-26,,OPEN,2026-01-15T00:00:00
A002425,P001544,CREDIT_CARD,2016-08-06,,OPEN,2026-01-15T00:00:00
A002426,P001545,CREDIT_CARD,2020-10-30,,OPEN,2026-01-15T00:00:00
A002427,P001546,SAVINGS,2023-09-18,,DORMANT,2026-01-15T09:00:00
A002428,P001547,CREDIT_CARD,2019-08-22,2024-03-23,CLOSED,2026-01-15T00:00:00
A002429,P001547,TRANSACTION,2021-08-13,,OPEN,2026-01-15T00:00:00
A002430,P001547,CREDIT_CARD,2017-03-21,,OPEN,2026-01-15T00:00:00
A002431,P001548,TRANSACTION,2023-08-01,,OPEN,2026-01-15T00:00:00
A002432,P001548,CREDIT_CARD,2025-03-10,,OPEN,2026-01-15T00:00:00
A002433,P001549,SAVINGS,2018-08-10,,OPEN,2026-01-15T00:00:00
A002434,P001550,TRANSACTION,2023-04-18,,OPEN,2026-01-15T00:00:00
A002435,P001550,TRANSACTION,2020-08-04,,OPEN,2026-01-15T00:00:00
A002436,P001550,CREDIT_CARD,2024-11-10,,OPEN,2026-01-15T00:00:00
A002437,P001551,TRANSACTION,2024-08-27,,DORMANT,2026-01-15T00:00:00
A002438,P001552,SAVINGS,2018-10-11,,DORMANT,2026-01-15T00:00:00
A002439,P001553,TRANSACTION,2024-06-26,,OPEN,2026-01-15T00:00:00
A002440,P001553,TRANSACTION,2017-02-01,,OPEN,2026-01-15T00:00:00
A002441,P001553,TRANSACTION,2022-12-24,,OPEN,2026-01-15T00:00:00
A002442,P001554,CREDIT_CARD,2023-04-24,,DORMANT,2026-01-15T00:00:00
A002443,P001554,SAVINGS,2017-10-18,,OPEN,2026-01-15T00:00:00
A002444,P001555,TRANSACTION,2022-11-28,,OPEN,2026-01-15T00:00:00
A002445,P001556,TRANSACTION,2018-03-07,,OPEN,2026-01-15T00:00:00
A002446,P001557,CREDIT_CARD,2024-10-19,,OPEN,2026-01-15T00:00:00
A002447,P001557,TRANSACTION,2021-10-03,2023-04-07,CLOSED,2026-01-15T00:00:00
A002448,P001558,SAVINGS,2025-04-02,,OPEN,2026-01-15T00:00:00
A002449,P001558,CREDIT_CARD,2022-06-13,,OPEN,2026-01-15T00:00:00
A002450,P001559,TRANSACTION,2017-07-02,,OPEN,2026-01-15T00:00:00
A002451,P001559,HOME_LOAN,2025-08-08,,OPEN,2026-01-15T00:00:00
A002452,P001560,SAVINGS,2017-07-27,,OPEN,2026-01-15T00:00:00
A002453,P001560,TRANSACTION,2019-06-24,,OPEN,2026-01-15T00:00:00
A002454,P001561,TRANSACTION,2020-05-10,,DORMANT,2026-01-15T00:00:00
A002455,P001562,TRANSACTION,2025-10-05,,OPEN,2026-01-15T00:00:00
A002456,P001562,TERM_DEPOSIT,2018-09-05,,OPEN,2026-01-15T00:00:00
A002457,P001563,TRANSACTION,2019-12-08,,OPEN,2026-01-15T00:00:00
A002458,P001564,TRANSACTION,2021-08-17,,OPEN,2026-01-15T00:00:00
A002459,P001565,TRANSACTION,2025-05-10,,OPEN,2026-01-15T00:00:00
A002460,P001566,TRANSACTION,2018-02-17,,OPEN,2026-01-15T00:00:00
A002461,P001567,TERM_DEPOSIT,2017-03-08,,OPEN,2026-01-15T00:00:00
A002462,P001568,CREDIT_CARD,2023-04-08,,OPEN,2026-01-15T00:00:00
A002463,P001568,CREDIT_CARD,2017-10-29,,OPEN,2026-01-15T00:00:00
A002464,P001569,TRANSACTION,2019-10-27,,OPEN,2026-01-15T00:00:00
A002465,P001569,TRANSACTION,2020-09-14,,OPEN,2026-01-15T00:00:00
A002466,P001570,TRANSACTION,2020-05-14,,OPEN,2026-01-15T00:00:00
A002467,P001571,CREDIT_CARD,2025-10-12,,OPEN,2026-01-15T00:00:00
A002468,P001572,SAVINGS,2024-11-30,,OPEN,2026-01-15T00:00:00
A002469,P001573,SAVINGS,2023-12-29,,OPEN,2026-01-15T00:00:00
A002470,P001573,TRANSACTION,2019-11-09,,OPEN,2026-01-15T00:00:00
A002471,P001574,CREDIT_CARD,2020-08-14,,DORMANT,2026-01-15T00:00:00
A002472,P001574,SAVINGS,2020-05-11,,OPEN,2026-01-15T00:00:00
A002473,P001575,CREDIT_CARD,2023-01-27,,OPEN,2026-01-15T00:00:00
A002474,P001576,CREDIT_CARD,2017-07-31,,OPEN,2026-01-15T00:00:00
A002475,P001576,TRANSACTION,2020-05-10,,OPEN,2026-01-15T00:00:00
A002476,P001576,TRANSACTION,2016-11-10,2017-05-29,CLOSED,2026-01-15T00:00:00
A002477,P001577,TRANSACTION,2023-01-15,,OPEN,2026-01-15T00:00:00
A002478,P001578,HOME_LOAN,2024-04-18,,OPEN,2026-01-15T00:00:00
A002479,P001579,TRANSACTION,2017-02-05,,DORMANT,2026-01-15T00:00:00
A002480,P001579,TRANSACTION,2021-11-16,,OPEN,2026-01-15T00:00:00
A002481,P001580,TRANSACTION,2022-01-29,,OPEN,2026-01-15T00:00:00
A002482,P001580,TERM_DEPOSIT,2022-11-22,,OPEN,2026-01-15T00:00:00
A002483,P001581,CREDIT_CARD,2018-06-20,,OPEN,2026-01-15T00:00:00
A002484,P001582,TRANSACTION,2016-09-07,,OPEN,2026-01-15T00:00:00
A002485,P001582,CREDIT_CARD,2023-11-24,,OPEN,2026-01-15T00:00:00
A002486,P001583,SAVINGS,2021-03-14,,OPEN,2026-01-15T00:00:00
A002487,P001584,TRANSACTION,2024-06-15,,OPEN,2026-01-15T00:00:00
A002488,P001585,SAVINGS,2016-09-28,,OPEN,2026-01-15T00:00:00
A002489,P001586,HOME_LOAN,2018-04-29,,OPEN,2026-01-15T00:00:00
A002490,P001586,TERM_DEPOSIT,2016-08-22,2026-01-15,CLOSED,2026-01-15T09:00:00
A002491,P001587,TRANSACTION,2021-08-19,,OPEN,2026-01-15T00:00:00
A002492,P001587,TRANSACTION,2019-06-21,,OPEN,2026-01-15T00:00:00
A002493,P001588,TERM_DEPOSIT,2019-05-26,,DORMANT,2026-01-15T00:00:00
A002494,P001589,CREDIT_CARD,2019-11-10,,DORMANT,2026-01-15T00:00:00
A002495,P001590,CREDIT_CARD,2017-09-14,,OPEN,2026-01-15T00:00:00
A002496,P001590,SAVINGS,2021-04-12,,OPEN,2026-01-15T00:00:00
A002497,P001590,SAVINGS,2017-01-17,,DORMANT,2026-01-15T00:00:00
A002498,P001591,SAVINGS,2024-06-30,,OPEN,2026-01-15T00:00:00
A002499,P001591,TRANSACTION,2025-04-05,,DORMANT,2026-01-15T00:00:00
A002500,P001591,SAVINGS,2022-11-25,,OPEN,2026-01-15T00:00:00
A002501,P001592,SAVINGS,2023-05-01,,OPEN,2026-01-15T00:00:00
A002502,P001593,HOME_LOAN,2019-08-03,,OPEN,2026-01-15T00:00:00
A002503,P001593,TRANSACTION,2022-08-25,,OPEN,2026-01-15T00:00:00
A002504,P001594,TRANSACTION,2022-07-19,,OPEN,2026-01-15T00:00:00
A002505,P001594,TRANSACTION,2017-08-27,,OPEN,2026-01-15T00:00:00
A002506,P001595,CREDIT_CARD,2023-08-29,,OPEN,2026-01-15T00:00:00
A002507,P001596,SAVINGS,2016-07-27,,OPEN,2026-01-15T00:00:00
A002508,P001596,TRANSACTION,2023-05-03,,OPEN,2026-01-15T00:00:00
A002509,P001596,TRANSACTION,2021-01-06,,OPEN,2026-01-15T00:00:00
A002510,P001597,TRANSACTION,2024-02-24,,OPEN,2026-01-15T00:00:00
A002511,P001597,SAVINGS,2020-01-01,,OPEN,2026-01-15T00:00:00
A002512,P001597,TRANSACTION,2023-10-26,,OPEN,2026-01-15T00:00:00
A002513,P001598,TRANSACTION,2024-01-20,,OPEN,2026-01-15T00:00:00
A002514,P001598,CREDIT_CARD,2018-03-22,,DORMANT,2026-01-15T00:00:00
A002515,P001599,TRANSACTION,2022-03-26,,OPEN,2026-01-15T00:00:00
A002516,P001600,TRANSACTION,2025-03-27,,OPEN,2026-01-15T00:00:00
A002517,P001601,TRANSACTION,2017-01-08,,OPEN,2026-01-15T00:00:00
A002518,P001602,TRANSACTION,2023-03-27,,OPEN,2026-01-15T00:00:00
A002519,P001602,SAVINGS,2025-11-18,,OPEN,2026-01-15T00:00:00
A002520,P001603,CREDIT_CARD,2024-11-28,,OPEN,2026-01-15T00:00:00
A002521,P001603,TRANSACTION,2016-12-19,,OPEN,2026-01-15T00:00:00
A002522,P001604,CREDIT_CARD,2024-11-18,,OPEN,2026-01-15T00:00:00
A002523,P001604,CREDIT_CARD,2018-11-17,,OPEN,2026-01-15T00:00:00
A002524,P001605,SAVINGS,2023-08-29,,DORMANT,2026-01-15T00:00:00
A002525,P001606,SAVINGS,2019-12-15,,DORMANT,2026-01-15T00:00:00
A002526,P001606,SAVINGS,2020-10-05,,OPEN,2026-01-15T00:00:00
A002527,P001607,TRANSACTION,2019-11-04,,OPEN,2026-01-15T00:00:00
A002528,P001607,TRANSACTION,2019-10-29,2020-06-13,CLOSED,2026-01-15T00:00:00
A002529,P001608,CREDIT_CARD,2019-10-11,,OPEN,2026-01-15T00:00:00
A002530,P001608,HOME_LOAN,2021-07-24,,OPEN,2026-01-15T00:00:00
A002531,P001608,TRANSACTION,2019-03-24,,OPEN,2026-01-15T00:00:00
A002532,P001609,SAVINGS,2018-03-31,,OPEN,2026-01-15T00:00:00
A002533,P001609,TRANSACTION,2024-10-31,,OPEN,2026-01-15T00:00:00
A002534,P001609,TRANSACTION,2020-12-02,,OPEN,2026-01-15T00:00:00
A002535,P001610,TERM_DEPOSIT,2022-05-08,,OPEN,2026-01-15T00:00:00
A002536,P001611,SAVINGS,2018-02-18,,OPEN,2026-01-15T00:00:00
A002537,P001611,SAVINGS,2017-05-28,,OPEN,2026-01-15T00:00:00
A002538,P001612,TRANSACTION,2025-09-18,,OPEN,2026-01-15T00:00:00
A002539,P001612,TRANSACTION,2016-05-30,,OPEN,2026-01-15T00:00:00
A002540,P001613,TRANSACTION,2017-05-14,,OPEN,2026-01-15T00:00:00
A002541,P001614,TRANSACTION,2022-04-24,,OPEN,2026-01-15T00:00:00
A002542,P001615,SAVINGS,2022-09-28,,OPEN,2026-01-15T00:00:00
A002543,P001615,CREDIT_CARD,2016-03-28,,OPEN,2026-01-15T00:00:00
A002544,P001616,CREDIT_CARD,2024-11-05,,OPEN,2026-01-15T00:00:00
A002545,P001617,TERM_DEPOSIT,2017-10-31,,OPEN,2026-01-15T00:00:00
A002546,P001618,CREDIT_CARD,2024-11-21,,OPEN,2026-01-15T00:00:00
A002547,P001619,TRANSACTION,2023-06-04,,OPEN,2026-01-15T00:00:00
A002548,P001620,CREDIT_CARD,2025-11-27,,OPEN,2026-01-15T00:00:00
A002549,P001620,TERM_DEPOSIT,2024-05-04,,OPEN,2026-01-15T00:00:00
A002550,P001621,TERM_DEPOSIT,2020-05-06,,OPEN,2026-01-15T00:00:00
A002551,P001622,TRANSACTION,2023-05-15,,OPEN,2026-01-15T00:00:00
A002552,P001623,HOME_LOAN,2021-04-21,,OPEN,2026-01-15T00:00:00
A002553,P001624,TRANSACTION,2020-10-27,,OPEN,2026-01-15T00:00:00
A002554,P001624,TRANSACTION,2024-02-17,2026-01-15,CLOSED,2026-01-15T09:00:00
A002555,P001624,HOME_LOAN,2019-08-22,2022-11-23,CLOSED,2026-01-15T00:00:00
A002556,P001625,TRANSACTION,2024-08-13,,OPEN,2026-01-15T00:00:00
A002557,P001625,TERM_DEPOSIT,2018-11-15,,OPEN,2026-01-15T00:00:00
A002558,P001626,TRANSACTION,2019-08-03,,OPEN,2026-01-15T00:00:00
A002559,P001626,SAVINGS,2021-06-17,,OPEN,2026-01-15T00:00:00
A002560,P001627,SAVINGS,2023-12-24,,OPEN,2026-01-15T00:00:00
A002561,P001628,TRANSACTION,2025-04-25,,OPEN,2026-01-15T00:00:00
A002562,P001629,SAVINGS,2020-10-11,,OPEN,2026-01-15T00:00:00
A002563,P001629,TRANSACTION,2016-01-23,,OPEN,2026-01-15T00:00:00
A002564,P001630,HOME_LOAN,2024-06-29,,OPEN,2026-01-15T00:00:00
A002565,P001631,SAVINGS,2025-02-23,,OPEN,2026-01-15T00:00:00
A002566,P001631,TRANSACTION,2018-07-29,,DORMANT,2026-01-15T00:00:00
A002567,P001631,TERM_DEPOSIT,2017-11-24,,OPEN,2026-01-15T00:00:00
A002568,P001632,TRANSACTION,2017-06-29,,OPEN,2026-01-15T00:00:00
A002569,P001633,CREDIT_CARD,2017-09-22,,DORMANT,2026-01-15T09:00:00
A002570,P001633,CREDIT_CARD,2022-06-02,,OPEN,2026-01-15T00:00:00
A002571,P001633,TRANSACTION,2016-02-07,,OPEN,2026-01-15T00:00:00
A002572,P001634,TRANSACTION,2020-12-26,,OPEN,2026-01-15T00:00:00
A002573,P001635,SAVINGS,2021-08-16,,OPEN,2026-01-15T00:00:00
A002574,P001636,SAVINGS,2022-03-09,,OPEN,2026-01-15T00:00:00
A002575,P001637,CREDIT_CARD,2016-12-18,,OPEN,2026-01-15T00:00:00
A002576,P001638,CREDIT_CARD,2020-05-27,,DORMANT,2026-01-15T00:00:00
A002577,P001639,TRANSACTION,2021-03-10,,OPEN,2026-01-15T00:00:00
A002578,P001640,SAVINGS,2024-02-02,,DORMANT,2026-01-15T00:00:00
A002579,P001640,CREDIT_CARD,2017-07-07,,OPEN,2026-01-15T00:00:00
A002580,P001640,CREDIT_CARD,2018-06-05,2020-10-19,CLOSED,2026-01-15T00:00:00
A002581,P001641,TRANSACTION,2021-07-10,,DORMANT,2026-01-15T00:00:00
A002582,P001642,TRANSACTION,2021-12-24,,DORMANT,2026-01-15T00:00:00
A002583,P001642,CREDIT_CARD,2024-03-16,,DORMANT,2026-01-15T00:00:00
A002584,P001643,TRANSACTION,2018-12-13,,DORMANT,2026-01-15T00:00:00
A002585,P001644,TRANSACTION,2019-10-19,,OPEN,2026-01-15T00:00:00
A002586,P001644,CREDIT_CARD,2022-11-23,,OPEN,2026-01-15T00:00:00
A002587,P001644,TRANSACTION,2020-09-05,,OPEN,2026-01-15T00:00:00
A002588,P001645,SAVINGS,2018-10-02,,OPEN,2026-01-15T00:00:00
A002589,P001645,TRANSACTION,2021-04-16,2022-01-23,CLOSED,2026-01-15T00:00:00
A002590,P001646,TRANSACTION,2019-07-30,,OPEN,2026-01-15T00:00:00
A002591,P001646,TRANSACTION,2024-04-14,2026-01-15,CLOSED,2026-01-15T09:00:00
A002592,P001647,TRANSACTION,2023-07-27,,OPEN,2026-01-15T00:00:00
A002593,P001648,TRANSACTION,2017-08-19,,OPEN,2026-01-15T00:00:00
A002594,P001649,TERM_DEPOSIT,2024-03-24,,OPEN,2026-01-15T00:00:00
A002595,P001650,TRANSACTION,2023-01-31,,OPEN,2026-01-15T00:00:00
A002596,P001650,CREDIT_CARD,2024-01-31,,OPEN,2026-01-15T00:00:00
A002597,P001651,TRANSACTION,2021-06-08,,OPEN,2026-01-15T00:00:00
A002598,P001651,TRANSACTION,2022-09-29,,OPEN,2026-01-15T00:00:00
A002599,P001652,TRANSACTION,2018-05-26,,OPEN,2026-01-15T00:00:00
A002600,P001653,TRANSACTION,2019-09-30,,OPEN,2026-01-15T00:00:00
A002601,P001654,TRANSACTION,2016-04-22,,OPEN,2026-01-15T00:00:00
A002602,P001655,TRANSACTION,2018-04-29,,OPEN,2026-01-15T00:00:00
A002603,P001656,CREDIT_CARD,2020-04-12,,OPEN,2026-01-15T00:00:00
A002604,P001657,SAVINGS,2022-10-23,,OPEN,2026-01-15T00:00:00
A002605,P001657,TRANSACTION,2025-08-28,2026-01-14,CLOSED,2026-01-15T00:00:00
A002606,P001658,CREDIT_CARD,2022-01-09,,DORMANT,2026-01-15T00:00:00
A002607,P001659,HOME_LOAN,2023-11-18,,OPEN,2026-01-15T00:00:00
A002608,P001659,CREDIT_CARD,2021-10-04,,OPEN,2026-01-15T00:00:00
A002609,P001660,TRANSACTION,2016-12-03,,OPEN,2026-01-15T00:00:00
A002610,P001660,TRANSACTION,2025-08-03,,OPEN,2026-01-15T00:00:00
A002611,P001661,TRANSACTION,2017-07-29,2020-02-12,CLOSED,2026-01-15T00:00:00
A002612,P001662,TERM_DEPOSIT,2020-05-07,,OPEN,2026-01-15T00:00:00
A002613,P001663,SAVINGS,2020-04-02,,OPEN,2026-01-15T00:00:00
A002614,P001663,HOME_LOAN,2023-08-25,,OPEN,2026-01-15T00:00:00
A002615,P001664,TRANSACTION,2019-04-02,,OPEN,2026-01-15T00:00:00
A002616,P001664,CREDIT_CARD,2018-12-07,,OPEN,2026-01-15T00:00:00
A002617,P001664,HOME_LOAN,2025-01-07,,OPEN,2026-01-15T00:00:00
A002618,P001665,TERM_DEPOSIT,2023-07-26,,OPEN,2026-01-15T00:00:00
A002619,P001666,CREDIT_CARD,2023-03-22,,OPEN,2026-01-15T00:00:00
A002620,P001666,SAVINGS,2017-07-15,,OPEN,2026-01-15T00:00:00
A002621,P001666,CREDIT_CARD,2017-05-17,,OPEN,2026-01-15T00:00:00
A002622,P001667,CREDIT_CARD,2024-09-28,,DORMANT,2026-01-15T00:00:00
A002623,P001668,TERM_DEPOSIT,2024-03-04,,OPEN,2026-01-15T00:00:00
A002624,P001668,TERM_DEPOSIT,2018-04-02,,OPEN,2026-01-15T00:00:00
A002625,P001669,HOME_LOAN,2017-10-28,,OPEN,2026-01-15T00:00:00
A002626,P001669,TRANSACTION,2018-08-26,,OPEN,2026-01-15T00:00:00
A002627,P001669,HOME_LOAN,2020-09-07,,OPEN,2026-01-15T00:00:00
A002628,P001670,TRANSACTION,2025-10-24,,OPEN,2026-01-15T00:00:00
A002629,P001671,HOME_LOAN,2022-02-05,,OPEN,2026-01-15T00:00:00
A002630,P001672,CREDIT_CARD,2025-08-31,,OPEN,2026-01-15T00:00:00
A002631,P001673,SAVINGS,2016-03-11,,OPEN,2026-01-15T00:00:00
A002632,P001674,TRANSACTION,2024-05-17,,OPEN,2026-01-15T00:00:00
A002633,P001675,TRANSACTION,2023-05-18,,OPEN,2026-01-15T00:00:00
A002634,P001675,TERM_DEPOSIT,2024-09-24,,DORMANT,2026-01-15T09:00:00
A002635,P001676,SAVINGS,2017-03-07,,DORMANT,2026-01-15T09:00:00
A002636,P001676,HOME_LOAN,2024-03-08,,OPEN,2026-01-15T00:00:00
A002637,P001677,SAVINGS,2017-06-01,,OPEN,2026-01-15T00:00:00
A002638,P001678,TRANSACTION,2020-06-02,,OPEN,2026-01-15T00:00:00
A002639,P001678,SAVINGS,2020-06-23,,DORMANT,2026-01-15T09:00:00
A002640,P001678,TRANSACTION,2020-11-25,,DORMANT,2026-01-15T00:00:00
A002641,P001679,TRANSACTION,2025-11-03,,OPEN,2026-01-15T00:00:00
A002642,P001679,TRANSACTION,2025-10-01,2026-01-15,CLOSED,2026-01-15T09:00:00
A002643,P001680,TRANSACTION,2021-12-21,,OPEN,2026-01-15T00:00:00
A002644,P001680,HOME_LOAN,2025-07-26,,OPEN,2026-01-15T00:00:00
A002645,P001681,SAVINGS,2022-08-19,,OPEN,2026-01-15T00:00:00
A002646,P001681,CREDIT_CARD,2023-07-12,,DORMANT,2026-01-15T00:00:00
A002647,P001682,TRANSACTION,2016-09-03,,OPEN,2026-01-15T00:00:00
A002648,P001682,SAVINGS,2017-01-24,2020-08-09,CLOSED,2026-01-15T00:00:00
A002649,P001682,SAVINGS,2021-08-18,,OPEN,2026-01-15T00:00:00
A002650,P001683,TRANSACTION,2018-06-12,,OPEN,2026-01-15T00:00:00
A002651,P001683,TRANSACTION,2020-12-15,,OPEN,2026-01-15T00:00:00
A002652,P001684,TRANSACTION,2018-03-07,,OPEN,2026-01-15T00:00:00
A002653,P001685,HOME_LOAN,2021-10-30,,OPEN,2026-01-15T00:00:00
A002654,P001685,TERM_DEPOSIT,2024-04-29,,OPEN,2026-01-15T00:00:00
A002655,P001686,TRANSACTION,2021-05-11,,DORMANT,2026-01-15T00:00:00
A002656,P001687,TRANSACTION,2025-11-13,,OPEN,2026-01-15T00:00:00
A002657,P001687,TRANSACTION,2023-09-14,,OPEN,2026-01-15T00:00:00
A002658,P001688,HOME_LOAN,2018-08-23,,OPEN,2026-01-15T00:00:00
A002659,P001688,TRANSACTION,2017-02-24,,OPEN,2026-01-15T00:00:00
A002660,P001688,CREDIT_CARD,2018-01-14,,OPEN,2026-01-15T00:00:00
A002661,P001689,SAVINGS,2023-06-06,,OPEN,2026-01-15T00:00:00
A002662,P001690,CREDIT_CARD,2020-04-10,,OPEN,2026-01-15T00:00:00
A002663,P001691,TRANSACTION,2024-09-19,,OPEN,2026-01-15T00:00:00
A002664,P001692,CREDIT_CARD,2016-10-15,,OPEN,2026-01-15T00:00:00
A002665,P001692,CREDIT_CARD,2025-05-24,,OPEN,2026-01-15T00:00:00
A002666,P001693,TRANSACTION,2020-07-30,,OPEN,2026-01-15T00:00:00
A002667,P001694,CREDIT_CARD,2021-07-26,,OPEN,2026-01-15T00:00:00
A002668,P001694,TRANSACTION,2017-01-05,,OPEN,2026-01-15T00:00:00
A002669,P001695,TERM_DEPOSIT,2016-03-31,,OPEN,2026-01-15T00:00:00
A002670,P001695,TRANSACTION,2024-11-25,,OPEN,2026-01-15T00:00:00
A002671,P001696,CREDIT_CARD,2017-05-20,,OPEN,2026-01-15T00:00:00
A002672,P001697,TRANSACTION,2024-03-05,,OPEN,2026-01-15T00:00:00
A002673,P001698,SAVINGS,2021-02-27,,DORMANT,2026-01-15T00:00:00
A002674,P001698,TRANSACTION,2020-08-14,,OPEN,2026-01-15T00:00:00
A002675,P001699,CREDIT_CARD,2016-03-24,2026-01-15,CLOSED,2026-01-15T09:00:00
A002676,P001700,TRANSACTION,2020-11-18,,DORMANT,2026-01-15T00:00:00
A002677,P001701,TRANSACTION,2023-04-17,,OPEN,2026-01-15T00:00:00
A002678,P001702,SAVINGS,2024-10-24,,OPEN,2026-01-15T00:00:00
A002679,P001702,TRANSACTION,2021-09-12,,DORMANT,2026-01-15T00:00:00
A002680,P001703,CREDIT_CARD,2016-10-23,,OPEN,2026-01-15T00:00:00
A002681,P001703,TRANSACTION,2017-09-07,,OPEN,2026-01-15T00:00:00
A002682,P001704,CREDIT_CARD,2021-01-14,,OPEN,2026-01-15T00:00:00
A002683,P001705,TRANSACTION,2022-10-11,,OPEN,2026-01-15T00:00:00
A002684,P001705,SAVINGS,2024-05-02,,OPEN,2026-01-15T00:00:00
A002685,P001706,TRANSACTION,2020-10-02,,OPEN,2026-01-15T00:00:00
A002686,P001707,SAVINGS,2021-11-11,,OPEN,2026-01-15T00:00:00
A002687,P001707,TRANSACTION,2018-08-09,,OPEN,2026-01-15T00:00:00
A002688,P001708,CREDIT_CARD,2020-07-10,,OPEN,2026-01-15T00:00:00
A002689,P001708,TRANSACTION,2024-10-27,,OPEN,2026-01-15T00:00:00
A002690,P001708,TRANSACTION,2023-05-12,,OPEN,2026-01-15T00:00:00
A002691,P001709,TERM_DEPOSIT,2022-08-05,,OPEN,2026-01-15T00:00:00
A002692,P001709,CREDIT_CARD,2020-04-10,,DORMANT,2026-01-15T00:00:00
A002693,P001710,SAVINGS,2021-08-14,,OPEN,2026-01-15T00:00:00
A002694,P001710,SAVINGS,2022-03-11,,OPEN,2026-01-15T00:00:00
A002695,P001711,SAVINGS,2021-05-27,2026-01-14,CLOSED,2026-01-15T00:00:00
A002696,P001711,SAVINGS,2019-09-11,,OPEN,2026-01-15T00:00:00
A002697,P001712,TRANSACTION,2021-03-31,,OPEN,2026-01-15T00:00:00
A002698,P001713,TRANSACTION,2021-09-08,,OPEN,2026-01-15T00:00:00
A002699,P001714,TERM_DEPOSIT,2016-04-11,,DORMANT,2026-01-15T09:00:00
A002700,P001715,TRANSACTION,2017-10-08,,OPEN,2026-01-15T00:00:00
A002701,P001716,SAVINGS,2018-03-01,,OPEN,2026-01-15T00:00:00
A002702,P001716,SAVINGS,2023-06-23,,DORMANT,2026-01-15T00:00:00
A002703,P001716,TRANSACTION,2020-04-07,,OPEN,2026-01-15T00:00:00
A002704,P001717,TRANSACTION,2018-05-21,,OPEN,2026-01-15T00:00:00
A002705,P001717,CREDIT_CARD,2020-02-14,,DORMANT,2026-01-15T00:00:00
A002706,P001718,TRANSACTION,2018-04-20,,OPEN,2026-01-15T00:00:00
A002707,P001719,TRANSACTION,2021-10-06,,OPEN,2026-01-15T00:00:00
A002708,P001720,TRANSACTION,2025-08-19,2026-01-15,CLOSED,2026-01-15T09:00:00
A002709,P001721,SAVINGS,2024-04-17,,OPEN,2026-01-15T00:00:00
A002710,P001721,SAVINGS,2017-08-05,,OPEN,2026-01-15T00:00:00
A002711,P001721,TERM_DEPOSIT,2019-03-27,,DORMANT,2026-01-15T00:00:00
A002712,P001722,TRANSACTION,2025-10-26,,OPEN,2026-01-15T00:00:00
A002713,P001723,CREDIT_CARD,2021-04-21,,OPEN,2026-01-15T00:00:00
A002714,P001723,CREDIT_CARD,2020-04-23,,OPEN,2026-01-15T00:00:00
A002715,P001724,CREDIT_CARD,2022-01-21,,OPEN,2026-01-15T00:00:00
A002716,P001725,TRANSACTION,2018-01-07,,DORMANT,2026-01-15T09:00:00
A002717,P001726,CREDIT_CARD,2023-01-03,,OPEN,2026-01-15T00:00:00
A002718,P001727,TRANSACTION,2021-05-28,,OPEN,2026-01-15T00:00:00
A002719,P001728,CREDIT_CARD,2023-11-24,,OPEN,2026-01-15T00:00:00
A002720,P001729,TERM_DEPOSIT,2024-04-07,,OPEN,2026-01-15T00:00:00
A002721,P001730,TRANSACTION,2020-09-15,,OPEN,2026-01-15T00:00:00
A002722,P001731,SAVINGS,2019-02-11,,OPEN,2026-01-15T00:00:00
A002723,P001731,SAVINGS,2021-03-05,,OPEN,2026-01-15T00:00:00
A002724,P001732,TRANSACTION,2019-10-30,,OPEN,2026-01-15T00:00:00
A002725,P001732,TRANSACTION,2016-07-13,,OPEN,2026-01-15T00:00:00
A002726,P001733,TRANSACTION,2021-09-18,,OPEN,2026-01-15T00:00:00
A002727,P001733,TRANSACTION,2021-02-25,2021-05-12,CLOSED,2026-01-15T00:00:00
A002728,P001734,CREDIT_CARD,2023-11-29,,OPEN,2026-01-15T00:00:00
A002729,P001735,CREDIT_CARD,2019-07-17,,OPEN,2026-01-15T00:00:00
A002730,P001735,TRANSACTION,2022-12-07,,OPEN,2026-01-15T00:00:00
A002731,P001735,TRANSACTION,2020-05-12,,OPEN,2026-01-15T00:00:00
A002732,P001736,SAVINGS,2016-03-07,,OPEN,2026-01-15T00:00:00
A002733,P001737,TERM_DEPOSIT,2025-09-13,,DORMANT,2026-01-15T00:00:00
A002734,P001738,TRANSACTION,2023-09-29,,OPEN,2026-01-15T00:00:00
A002735,P001738,CREDIT_CARD,2022-01-29,,OPEN,2026-01-15T00:00:00
A002736,P001739,TRANSACTION,2023-09-11,2026-01-15,CLOSED,2026-01-15T09:00:00
A002737,P001739,TRANSACTION,2020-10-09,,OPEN,2026-01-15T00:00:00
A002738,P001739,TERM_DEPOSIT,2021-09-10,,OPEN,2026-01-15T00:00:00
A002739,P001740,CREDIT_CARD,2020-12-23,,OPEN,2026-01-15T00:00:00
A002740,P001740,TRANSACTION,2020-12-11,,OPEN,2026-01-15T00:00:00
A002741,P001741,SAVINGS,2019-11-12,,OPEN,2026-01-15T00:00:00
A002742,P001742,CREDIT_CARD,2017-06-09,,DORMANT,2026-01-15T00:00:00
A002743,P001742,TRANSACTION,2024-03-01,,DORMANT,2026-01-15T00:00:00
A002744,P001743,SAVINGS,2019-10-02,,OPEN,2026-01-15T00:00:00
A002745,P001743,SAVINGS,2023-06-19,,OPEN,2026-01-15T00:00:00
A002746,P001744,SAVINGS,2024-02-23,2026-01-14,CLOSED,2026-01-15T00:00:00
A002747,P001745,CREDIT_CARD,2024-02-15,,DORMANT,2026-01-15T00:00:00
A002748,P001746,TRANSACTION,2022-01-06,,OPEN,2026-01-15T00:00:00
A002749,P001747,CREDIT_CARD,2016-10-03,,OPEN,2026-01-15T00:00:00
A002750,P001748,TRANSACTION,2021-03-18,,OPEN,2026-01-15T00:00:00
A002751,P001749,CREDIT_CARD,2020-10-30,,DORMANT,2026-01-15T00:00:00
A002752,P001749,SAVINGS,2022-07-06,,OPEN,2026-01-15T00:00:00
A002753,P001750,SAVINGS,2018-12-05,,OPEN,2026-01-15T00:00:00
A002754,P001751,TRANSACTION,2017-10-24,,OPEN,2026-01-15T00:00:00
A002755,P001751,CREDIT_CARD,2021-01-15,,OPEN,2026-01-15T00:00:00
A002756,P001752,CREDIT_CARD,2021-11-04,,OPEN,2026-01-15T00:00:00
A002757,P001753,TRANSACTION,2025-06-02,,OPEN,2026-01-15T00:00:00
A002758,P001753,SAVINGS,2024-10-04,,OPEN,2026-01-15T00:00:00
A002759,P001754,TRANSACTION,2025-05-25,,OPEN,2026-01-15T00:00:00
A002760,P001754,CREDIT_CARD,2021-10-02,,OPEN,2026-01-15T00:00:00
A002761,P001755,TERM_DEPOSIT,2023-04-01,,OPEN,2026-01-15T00:00:00
A002762,P001755,TRANSACTION,2019-11-03,,OPEN,2026-01-15T00:00:00
A002763,P001755,TRANSACTION,2023-05-24,,OPEN,2026-01-15T00:00:00
A002764,P001756,HOME_LOAN,2023-02-23,,OPEN,2026-01-15T00:00:00
A002765,P001757,TRANSACTION,2021-11-28,,OPEN,2026-01-15T00:00:00
A002766,P001758,TRANSACTION,2018-08-10,,OPEN,2026-01-15T00:00:00
A002767,P001759,HOME_LOAN,2024-08-24,,OPEN,2026-01-15T00:00:00
A002768,P001760,HOME_LOAN,2022-09-27,,OPEN,2026-01-15T00:00:00
A002769,P001760,CREDIT_CARD,2025-07-18,,OPEN,2026-01-15T00:00:00
A002770,P001761,SAVINGS,2019-09-14,,OPEN,2026-01-15T00:00:00
A002771,P001762,CREDIT_CARD,2018-12-03,,OPEN,2026-01-15T00:00:00
A002772,P001763,TRANSACTION,2024-02-06,,OPEN,2026-01-15T00:00:00
A002773,P001763,TRANSACTION,2024-02-02,,OPEN,2026-01-15T00:00:00
A002774,P001764,CREDIT_CARD,2025-08-14,,OPEN,2026-01-15T00:00:00
A002775,P001765,SAVINGS,2018-09-07,,OPEN,2026-01-15T00:00:00
A002776,P001765,TRANSACTION,2017-01-27,,OPEN,2026-01-15T00:00:00
A002777,P001766,TRANSACTION,2019-06-02,,OPEN,2026-01-15T00:00:00
A002778,P001767,CREDIT_CARD,2021-07-07,,OPEN,2026-01-15T00:00:00
A002779,P001767,CREDIT_CARD,2019-03-06,,OPEN,2026-01-15T00:00:00
A002780,P001768,TRANSACTION,2023-03-13,2025-08-11,CLOSED,2026-01-15T00:00:00
A002781,P001768,TRANSACTION,2020-07-10,,OPEN,2026-01-15T00:00:00
A002782,P001768,SAVINGS,2022-10-20,,OPEN,2026-01-15T00:00:00
A002783,P001769,TRANSACTION,2019-03-30,,OPEN,2026-01-15T00:00:00
A002784,P001769,TRANSACTION,2024-11-16,,OPEN,2026-01-15T00:00:00
A002785,P001769,TERM_DEPOSIT,2022-01-31,,OPEN,2026-01-15T00:00:00
A002786,P001770,SAVINGS,2023-11-22,,OPEN,2026-01-15T00:00:00
A002787,P001770,TRANSACTION,2023-05-08,,OPEN,2026-01-15T00:00:00
A002788,P001771,CREDIT_CARD,2024-06-25,,DORMANT,2026-01-15T00:00:00
A002789,P001772,TRANSACTION,2022-05-07,,OPEN,2026-01-15T00:00:00
A002790,P001772,CREDIT_CARD,2018-11-10,,DORMANT,2026-01-15T00:00:00
A002791,P001773,TRANSACTION,2024-04-29,,OPEN,2026-01-15T00:00:00
A002792,P001774,TRANSACTION,2020-11-20,,OPEN,2026-01-15T00:00:00
A002793,P001774,TRANSACTION,2025-11-13,,OPEN,2026-01-15T00:00:00
A002794,P001774,TRANSACTION,2017-08-07,,DORMANT,2026-01-15T00:00:00
A002795,P001775,TRANSACTION,2024-05-18,,OPEN,2026-01-15T00:00:00
A002796,P001775,TRANSACTION,2018-01-04,,OPEN,2026-01-15T00:00:00
A002797,P001775,TRANSACTION,2023-05-03,,DORMANT,2026-01-15T00:00:00
A002798,P001776,TRANSACTION,2022-11-18,,OPEN,2026-01-15T00:00:00
A002799,P001777,TRANSACTION,2018-09-29,,OPEN,2026-01-15T00:00:00
A002800,P001777,TRANSACTION,2016-06-25,,OPEN,2026-01-15T00:00:00
A002801,P001778,SAVINGS,2019-04-16,,OPEN,2026-01-15T00:00:00
A002802,P001778,TRANSACTION,2020-09-09,,DORMANT,2026-01-15T09:00:00
A002803,P001779,SAVINGS,2023-02-06,,DORMANT,2026-01-15T00:00:00
A002804,P001780,TRANSACTION,2019-10-21,,OPEN,2026-01-15T00:00:00
A002805,P001781,SAVINGS,2018-05-06,,OPEN,2026-01-15T00:00:00
A002806,P001781,TERM_DEPOSIT,2017-01-17,,OPEN,2026-01-15T00:00:00
A002807,P001782,TERM_DEPOSIT,2025-11-01,,OPEN,2026-01-15T00:00:00
A002808,P001783,SAVINGS,2021-01-29,,OPEN,2026-01-15T00:00:00
A002809,P001784,SAVINGS,2023-07-30,,DORMANT,2026-01-15T00:00:00
A002810,P001785,SAVINGS,2019-08-29,,OPEN,2026-01-15T00:00:00
A002811,P001785,TRANSACTION,2016-02-18,,OPEN,2026-01-15T00:00:00
A002812,P001786,TRANSACTION,2017-11-19,,OPEN,2026-01-15T00:00:00
A002813,P001787,TRANSACTION,2025-04-11,,DORMANT,2026-01-15T00:00:00
A002814,P001788,SAVINGS,2017-02-14,,OPEN,2026-01-15T00:00:00
A002815,P001789,TRANSACTION,2017-08-19,,DORMANT,2026-01-15T09:00:00
A002816,P001790,TRANSACTION,2021-01-06,,OPEN,2026-01-15T00:00:00
A002817,P001790,SAVINGS,2021-05-20,,OPEN,2026-01-15T00:00:00
A002818,P001790,TRANSACTION,2020-03-22,,OPEN,2026-01-15T00:00:00
A002819,P001791,SAVINGS,2017-03-08,,OPEN,2026-01-15T00:00:00
A002820,P001792,TRANSACTION,2017-03-03,,OPEN,2026-01-15T00:00:00
A002821,P001793,TRANSACTION,2017-02-08,,OPEN,2026-01-15T00:00:00
A002822,P001794,TRANSACTION,2023-11-11,,DORMANT,2026-01-15T00:00:00
A002823,P001795,TRANSACTION,2023-11-11,,OPEN,2026-01-15T00:00:00
A002824,P001796,TERM_DEPOSIT,2021-05-15,,OPEN,2026-01-15T00:00:00
A002825,P001796,TERM_DEPOSIT,2022-07-22,,OPEN,2026-01-15T00:00:00
A002826,P001797,TRANSACTION,2017-05-23,,OPEN,2026-01-15T00:00:00
A002827,P001797,TRANSACTION,2025-10-10,,OPEN,2026-01-15T00:00:00
A002828,P001798,CREDIT_CARD,2023-03-01,,DORMANT,2026-01-15T00:00:00
A002829,P001798,TRANSACTION,2019-07-13,,OPEN,2026-01-15T00:00:00
A002830,P001798,SAVINGS,2017-01-30,,OPEN,2026-01-15T00:00:00
A002831,P001799,TRANSACTION,2024-01-04,,OPEN,2026-01-15T00:00:00
A002832,P001799,TRANSACTION,2024-05-30,,OPEN,2026-01-15T00:00:00
A002833,P001800,TERM_DEPOSIT,2022-01-28,,OPEN,2026-01-15T00:00:00
A002834,P001801,SAVINGS,2021-02-03,,OPEN,2026-01-15T00:00:00
A002835,P001802,CREDIT_CARD,2018-08-30,,OPEN,2026-01-15T00:00:00
A002836,P001803,SAVINGS,2025-05-11,,OPEN,2026-01-15T00:00:00
A002837,P001803,TRANSACTION,2023-06-16,,OPEN,2026-01-15T00:00:00
A002838,P001804,SAVINGS,2023-12-05,,OPEN,2026-01-15T00:00:00
A002839,P001804,TRANSACTION,2020-09-19,,OPEN,2026-01-15T00:00:00
A002840,P001805,TRANSACTION,2016-05-12,,OPEN,2026-01-15T00:00:00
A002841,P001805,TRANSACTION,2025-09-05,,DORMANT,2026-01-15T00:00:00
A002842,P001805,TRANSACTION,2020-06-20,,OPEN,2026-01-15T00:00:00
A002843,P001806,TRANSACTION,2024-09-03,,DORMANT,2026-01-15T00:00:00
A002844,P001807,CREDIT_CARD,2025-04-21,,OPEN,2026-01-15T00:00:00
A002845,P001807,TRANSACTION,2024-06-18,,OPEN,2026-01-15T00:00:00
A002846,P001808,SAVINGS,2021-12-13,,OPEN,2026-01-15T00:00:00
A002847,P001809,TRANSACTION,2023-12-22,,OPEN,2026-01-15T00:00:00
A002848,P001809,TRANSACTION,2020-12-06,,OPEN,2026-01-15T00:00:00
A002849,P001810,CREDIT_CARD,2018-05-15,,OPEN,2026-01-15T00:00:00
A002850,P001810,HOME_LOAN,2023-09-12,,OPEN,2026-01-15T00:00:00
A002851,P001811,SAVINGS,2017-01-11,,OPEN,2026-01-15T00:00:00
A002852,P001812,TRANSACTION,2021-01-14,,OPEN,2026-01-15T00:00:00
A002853,P001813,CREDIT_CARD,2021-07-22,,OPEN,2026-01-15T00:00:00
A002854,P001813,TERM_DEPOSIT,2022-09-10,,OPEN,2026-01-15T00:00:00
A002855,P001813,CREDIT_CARD,2020-10-05,,OPEN,2026-01-15T00:00:00
A002856,P001814,TERM_DEPOSIT,2020-01-19,,OPEN,2026-01-15T00:00:00
A002857,P001815,TERM_DEPOSIT,2017-06-26,,OPEN,2026-01-15T00:00:00
A002858,P001815,CREDIT_CARD,2023-08-01,,OPEN,2026-01-15T00:00:00
A002859,P001815,SAVINGS,2023-11-25,,OPEN,2026-01-15T00:00:00
A002860,P001816,TRANSACTION,2021-02-10,,OPEN,2026-01-15T00:00:00
A002861,P001817,CREDIT_CARD,2024-10-18,,OPEN,2026-01-15T00:00:00
A002862,P001818,HOME_LOAN,2016-07-18,,DORMANT,2026-01-15T00:00:00
A002863,P001819,SAVINGS,2023-12-26,,OPEN,2026-01-15T00:00:00
A002864,P001819,TRANSACTION,2024-01-11,,DORMANT,2026-01-15T09:00:00
A002865,P001820,TRANSACTION,2017-04-07,,OPEN,2026-01-15T00:00:00
A002866,P001821,TRANSACTION,2022-11-27,,OPEN,2026-01-15T00:00:00
A002867,P001821,CREDIT_CARD,2016-12-28,,OPEN,2026-01-15T00:00:00
A002868,P001822,SAVINGS,2020-11-20,,OPEN,2026-01-15T00:00:00
A002869,P001822,HOME_LOAN,2024-01-24,,OPEN,2026-01-15T00:00:00
A002870,P001823,SAVINGS,2017-07-24,,OPEN,2026-01-15T00:00:00
A002871,P001824,TRANSACTION,2019-08-24,2026-01-15,CLOSED,2026-01-15T09:00:00
A002872,P001824,TRANSACTION,2020-09-03,,OPEN,2026-01-15T00:00:00
A002873,P001825,CREDIT_CARD,2022-12-07,,OPEN,2026-01-15T00:00:00
A002874,P001826,HOME_LOAN,2019-03-29,,OPEN,2026-01-15T00:00:00
A002875,P001827,TRANSACTION,2022-05-30,,OPEN,2026-01-15T00:00:00
A002876,P001828,TRANSACTION,2021-07-15,,OPEN,2026-01-15T00:00:00
A002877,P001828,TRANSACTION,2017-03-03,,OPEN,2026-01-15T00:00:00
A002878,P001828,TRANSACTION,2016-12-20,,OPEN,2026-01-15T00:00:00
A002879,P001829,SAVINGS,2025-01-17,,OPEN,2026-01-15T00:00:00
A002880,P001829,TRANSACTION,2022-07-02,,OPEN,2026-01-15T00:00:00
A002881,P001830,TRANSACTION,2024-11-12,,OPEN,2026-01-15T00:00:00
A002882,P001830,SAVINGS,2020-01-22,,OPEN,2026-01-15T00:00:00
A002883,P001831,TRANSACTION,2017-10-04,,OPEN,2026-01-15T00:00:00
A002884,P001832,SAVINGS,2018-08-11,2020-09-28,CLOSED,2026-01-15T00:00:00
A002885,P001833,TRANSACTION,2021-04-10,,DORMANT,2026-01-15T00:00:00
A002886,P001833,TRANSACTION,2016-02-01,,OPEN,2026-01-15T00:00:00
A002887,P001834,SAVINGS,2016-11-04,,DORMANT,2026-01-15T00:00:00
A002888,P001835,TRANSACTION,2022-08-03,,DORMANT,2026-01-15T00:00:00
A002889,P001835,TRANSACTION,2021-09-27,,OPEN,2026-01-15T00:00:00
A002890,P001836,SAVINGS,2025-04-01,,OPEN,2026-01-15T00:00:00
A002891,P001836,SAVINGS,2018-02-12,,OPEN,2026-01-15T00:00:00
A002892,P001837,TRANSACTION,2020-02-14,,OPEN,2026-01-15T00:00:00
A002893,P001837,TRANSACTION,2020-10-27,,OPEN,2026-01-15T00:00:00
A002894,P001838,TRANSACTION,2022-08-31,2024-11-12,CLOSED,2026-01-15T00:00:00
A002895,P001838,TRANSACTION,2021-02-11,,OPEN,2026-01-15T00:00:00
A002896,P001839,TRANSACTION,2023-02-20,,OPEN,2026-01-15T00:00:00
A002897,P001839,TERM_DEPOSIT,2019-04-12,,OPEN,2026-01-15T00:00:00
A002898,P001839,TRANSACTION,2021-06-22,,OPEN,2026-01-15T00:00:00
A002899,P001840,TRANSACTION,2016-10-01,,OPEN,2026-01-15T00:00:00
A002900,P001841,TERM_DEPOSIT,2024-07-27,,OPEN,2026-01-15T00:00:00
A002901,P001841,TRANSACTION,2017-09-04,,OPEN,2026-01-15T00:00:00
A002902,P001842,CREDIT_CARD,2019-06-23,,OPEN,2026-01-15T00:00:00
A002903,P001843,SAVINGS,2017-04-09,,OPEN,2026-01-15T00:00:00
A002904,P001843,SAVINGS,2020-03-26,,OPEN,2026-01-15T00:00:00
A002905,P001844,CREDIT_CARD,2018-05-03,,OPEN,2026-01-15T00:00:00
A002906,P001845,TRANSACTION,2017-06-29,,OPEN,2026-01-15T00:00:00
A002907,P001845,TRANSACTION,2022-07-03,,OPEN,2026-01-15T00:00:00
A002908,P001846,SAVINGS,2018-12-28,,DORMANT,2026-01-15T00:00:00
A002909,P001847,SAVINGS,2021-06-08,,OPEN,2026-01-15T00:00:00
A002910,P001848,CREDIT_CARD,2018-10-08,,OPEN,2026-01-15T00:00:00
A002911,P001848,TRANSACTION,2018-05-25,,OPEN,2026-01-15T00:00:00
A002912,P001849,TRANSACTION,2024-08-05,,OPEN,2026-01-15T00:00:00
A002913,P001849,TRANSACTION,2018-08-27,,DORMANT,2026-01-15T00:00:00
A002914,P001850,CREDIT_CARD,2025-01-17,,OPEN,2026-01-15T00:00:00
A002915,P001851,CREDIT_CARD,2025-08-02,,OPEN,2026-01-15T00:00:00
A002916,P001852,CREDIT_CARD,2017-05-14,,OPEN,2026-01-15T00:00:00
A002917,P001853,SAVINGS,2018-05-03,,DORMANT,2026-01-15T00:00:00
A002918,P001853,TRANSACTION,2023-10-08,,DORMANT,2026-01-15T00:00:00
A002919,P001854,TRANSACTION,2016-07-13,,OPEN,2026-01-15T00:00:00
A002920,P001854,SAVINGS,2018-05-16,2023-02-10,CLOSED,2026-01-15T00:00:00
A002921,P001855,TRANSACTION,2024-07-28,,OPEN,2026-01-15T00:00:00
A002922,P001856,TRANSACTION,2017-04-16,,OPEN,2026-01-15T00:00:00
A002923,P001857,SAVINGS,2020-10-14,,OPEN,2026-01-15T00:00:00
A002924,P001857,TERM_DEPOSIT,2019-12-07,,OPEN,2026-01-15T00:00:00
A002925,P001858,SAVINGS,2023-12-30,,OPEN,2026-01-15T00:00:00
A002926,P001858,TRANSACTION,2025-07-31,,OPEN,2026-01-15T00:00:00
A002927,P001859,SAVINGS,2018-06-18,,DORMANT,2026-01-15T09:00:00
A002928,P001859,TERM_DEPOSIT,2018-05-09,,OPEN,2026-01-15T00:00:00
A002929,P001860,TRANSACTION,2018-09-29,,OPEN,2026-01-15T00:00:00
A002930,P001860,TRANSACTION,2022-10-02,,OPEN,2026-01-15T00:00:00
A002931,P001860,SAVINGS,2021-03-23,,OPEN,2026-01-15T00:00:00
A002932,P001861,SAVINGS,2025-03-16,,OPEN,2026-01-15T00:00:00
A002933,P001861,CREDIT_CARD,2020-12-29,,OPEN,2026-01-15T00:00:00
A002934,P001861,TRANSACTION,2019-02-09,,OPEN,2026-01-15T00:00:00
A002935,P001862,TRANSACTION,2019-08-16,,DORMANT,2026-01-15T00:00:00
A002936,P001862,CREDIT_CARD,2022-10-20,,OPEN,2026-01-15T00:00:00
A002937,P001862,TRANSACTION,2025-04-23,,OPEN,2026-01-15T00:00:00
A002938,P001863,SAVINGS,2016-09-12,,OPEN,2026-01-15T00:00:00
A002939,P001863,SAVINGS,2019-11-17,,OPEN,2026-01-15T00:00:00
A002940,P001864,CREDIT_CARD,2025-11-09,,OPEN,2026-01-15T00:00:00
A002941,P001865,SAVINGS,2018-06-25,,OPEN,2026-01-15T00:00:00
A002942,P001866,TERM_DEPOSIT,2020-01-01,,OPEN,2026-01-15T00:00:00
A002943,P001867,TERM_DEPOSIT,2025-05-03,,OPEN,2026-01-15T00:00:00
A002944,P001867,SAVINGS,2023-02-01,,DORMANT,2026-01-15T00:00:00
A002945,P001868,CREDIT_CARD,2024-04-29,,DORMANT,2026-01-15T00:00:00
A002946,P001868,SAVINGS,2024-11-15,,OPEN,2026-01-15T00:00:00
A002947,P001869,TRANSACTION,2025-05-26,,OPEN,2026-01-15T00:00:00
A002948,P001870,SAVINGS,2024-03-02,,OPEN,2026-01-15T00:00:00
A002949,P001871,TRANSACTION,2025-05-19,,DORMANT,2026-01-15T09:00:00
A002950,P001872,SAVINGS,2020-02-11,,OPEN,2026-01-15T00:00:00
A002951,P001873,CREDIT_CARD,2020-10-28,,OPEN,2026-01-15T00:00:00
A002952,P001873,TRANSACTION,2024-01-23,2026-01-15,CLOSED,2026-01-15T09:00:00
A002953,P001874,TRANSACTION,2016-02-28,,OPEN,2026-01-15T00:00:00
A002954,P001875,CREDIT_CARD,2022-04-05,,OPEN,2026-01-15T00:00:00
A002955,P001875,TRANSACTION,2016-05-18,,OPEN,2026-01-15T00:00:00
A002956,P001876,SAVINGS,2019-06-03,2022-10-02,CLOSED,2026-01-15T00:00:00
A002957,P001877,SAVINGS,2018-11-03,,OPEN,2026-01-15T00:00:00
A002958,P001878,SAVINGS,2021-03-05,,DORMANT,2026-01-15T00:00:00
A002959,P001879,CREDIT_CARD,2021-08-08,,DORMANT,2026-01-15T00:00:00
A002960,P001879,TRANSACTION,2020-08-15,,OPEN,2026-01-15T00:00:00
A002961,P001880,SAVINGS,2019-12-21,,OPEN,2026-01-15T00:00:00
A002962,P001881,SAVINGS,2020-10-20,,OPEN,2026-01-15T00:00:00
A002963,P001882,TRANSACTION,2021-03-12,,OPEN,2026-01-15T00:00:00
A002964,P001882,TERM_DEPOSIT,2022-12-14,,OPEN,2026-01-15T00:00:00
A002965,P001883,CREDIT_CARD,2021-08-22,,OPEN,2026-01-15T00:00:00
A002966,P001884,TRANSACTION,2020-01-25,,OPEN,2026-01-15T00:00:00
A002967,P001885,TERM_DEPOSIT,2025-01-03,,OPEN,2026-01-15T00:00:00
A002968,P001885,CREDIT_CARD,2022-08-10,,OPEN,2026-01-15T00:00:00
A002969,P001886,TRANSACTION,2024-02-06,,OPEN,2026-01-15T00:00:00
A002970,P001886,TRANSACTION,2021-05-06,,OPEN,2026-01-15T00:00:00
A002971,P001886,SAVINGS,2024-03-02,2026-01-14,CLOSED,2026-01-15T00:00:00
A002972,P001887,TRANSACTION,2019-09-26,,DORMANT,2026-01-15T00:00:00
A002973,P001888,TRANSACTION,2016-10-06,,DORMANT,2026-01-15T00:00:00
A002974,P001888,TRANSACTION,2019-01-29,,OPEN,2026-01-15T00:00:00
A002975,P001889,TRANSACTION,2017-06-17,,OPEN,2026-01-15T00:00:00
A002976,P001889,TRANSACTION,2024-06-05,,DORMANT,2026-01-15T00:00:00
A002977,P001890,TRANSACTION,2021-12-21,,OPEN,2026-01-15T00:00:00
A002978,P001890,SAVINGS,2021-02-25,,DORMANT,2026-01-15T09:00:00
A002979,P001890,CREDIT_CARD,2018-01-26,,OPEN,2026-01-15T00:00:00
A002980,P001891,TRANSACTION,2022-10-18,,OPEN,2026-01-15T00:00:00
A002981,P001892,CREDIT_CARD,2016-08-23,,OPEN,2026-01-15T00:00:00
A002982,P001892,CREDIT_CARD,2020-03-13,,OPEN,2026-01-15T00:00:00
A002983,P001892,TRANSACTION,2016-02-11,,OPEN,2026-01-15T00:00:00
A002984,P001893,SAVINGS,2020-02-11,,OPEN,2026-01-15T00:00:00
A002985,P001894,TRANSACTION,2024-03-18,2025-02-01,CLOSED,2026-01-15T00:00:00
A002986,P001894,TRANSACTION,2025-06-27,,OPEN,2026-01-15T00:00:00
A002987,P001894,CREDIT_CARD,2019-02-21,,OPEN,2026-01-15T00:00:00
A002988,P001895,TRANSACTION,2019-05-10,,OPEN,2026-01-15T00:00:00
A002989,P001895,TRANSACTION,2022-06-09,,OPEN,2026-01-15T00:00:00
A002990,P001895,SAVINGS,2016-04-29,,DORMANT,2026-01-15T00:00:00
A002991,P001896,TRANSACTION,2025-05-09,2026-01-14,CLOSED,2026-01-15T00:00:00
A002992,P001896,SAVINGS,2021-07-31,,OPEN,2026-01-15T00:00:00
A002993,P001896,HOME_LOAN,2019-08-07,,OPEN,2026-01-15T00:00:00
A002994,P001897,TRANSACTION,2025-02-07,2026-01-14,CLOSED,2026-01-15T00:00:00
A002995,P001898,TRANSACTION,2023-10-19,,DORMANT,2026-01-15T00:00:00
A002996,P001898,TRANSACTION,2019-04-21,,DORMANT,2026-01-15T00:00:00
A002997,P001899,SAVINGS,2024-03-09,,OPEN,2026-01-15T00:00:00
A002998,P001899,CREDIT_CARD,2017-01-17,2020-04-13,CLOSED,2026-01-15T00:00:00
A002999,P001899,TRANSACTION,2022-04-28,,OPEN,2026-01-15T00:00:00
A003000,P001900,CREDIT_CARD,2021-06-08,,OPEN,2026-01-15T00:00:00
A003001,P001900,SAVINGS,2020-05-12,,OPEN,2026-01-15T00:00:00
A003002,P001901,TERM_DEPOSIT,2021-01-20,,OPEN,2026-01-15T00:00:00
A003003,P001902,TRANSACTION,2023-12-25,,OPEN,2026-01-15T00:00:00
A003004,P001903,CREDIT_CARD,2019-02-06,,OPEN,2026-01-15T00:00:00
A003005,P001903,TRANSACTION,2023-09-04,,OPEN,2026-01-15T00:00:00
A003006,P001903,CREDIT_CARD,2017-05-06,,OPEN,2026-01-15T00:00:00
A003007,P001904,TRANSACTION,2025-10-22,,OPEN,2026-01-15T00:00:00
A003008,P001905,TRANSACTION,2025-05-12,,OPEN,2026-01-15T00:00:00
A003009,P001905,SAVINGS,2020-09-08,,DORMANT,2026-01-15T00:00:00
A003010,P001905,TRANSACTION,2019-01-01,,OPEN,2026-01-15T00:00:00
A003011,P001906,HOME_LOAN,2022-07-01,,OPEN,2026-01-15T00:00:00
A003012,P001906,SAVINGS,2016-05-09,,OPEN,2026-01-15T00:00:00
A003013,P001906,TRANSACTION,2019-08-05,,OPEN,2026-01-15T00:00:00
A003014,P001907,TRANSACTION,2020-02-16,,OPEN,2026-01-15T00:00:00
A003015,P001908,TRANSACTION,2018-10-16,,DORMANT,2026-01-15T00:00:00
A003016,P001909,TRANSACTION,2019-01-17,,OPEN,2026-01-15T00:00:00
A003017,P001910,CREDIT_CARD,2021-08-13,,OPEN,2026-01-15T00:00:00
A003018,P001910,CREDIT_CARD,2018-06-09,,DORMANT,2026-01-15T00:00:00
A003019,P001911,TERM_DEPOSIT,2022-03-23,,OPEN,2026-01-15T00:00:00
A003020,P001912,TRANSACTION,2020-02-07,,OPEN,2026-01-15T00:00:00
A003021,P001912,TRANSACTION,2023-04-26,,OPEN,2026-01-15T00:00:00
A003022,P001913,HOME_LOAN,2021-02-12,,OPEN,2026-01-15T00:00:00
A003023,P001913,CREDIT_CARD,2018-12-09,,DORMANT,2026-01-15T00:00:00
A003024,P001913,SAVINGS,2018-12-17,,OPEN,2026-01-15T00:00:00
A003025,P001914,SAVINGS,2016-08-22,,OPEN,2026-01-15T00:00:00
A003026,P001914,TERM_DEPOSIT,2016-10-05,,DORMANT,2026-01-15T09:00:00
A003027,P001914,HOME_LOAN,2021-10-08,,OPEN,2026-01-15T00:00:00
A003028,P001915,TRANSACTION,2020-08-09,,DORMANT,2026-01-15T09:00:00
A003029,P001916,TERM_DEPOSIT,2020-11-20,,OPEN,2026-01-15T00:00:00
A003030,P001917,TERM_DEPOSIT,2021-02-02,,OPEN,2026-01-15T00:00:00
A003031,P001918,TRANSACTION,2017-05-06,,OPEN,2026-01-15T00:00:00
A003032,P001918,CREDIT_CARD,2017-04-08,,OPEN,2026-01-15T00:00:00
A003033,P001918,CREDIT_CARD,2022-06-12,,OPEN,2026-01-15T00:00:00
A003034,P001919,SAVINGS,2024-07-26,,OPEN,2026-01-15T00:00:00
A003035,P001919,TRANSACTION,2025-02-07,,OPEN,2026-01-15T00:00:00
A003036,P001919,SAVINGS,2018-12-24,,OPEN,2026-01-15T00:00:00
A003037,P001920,TRANSACTION,2020-05-09,,OPEN,2026-01-15T00:00:00
A003038,P001921,TRANSACTION,2020-05-09,2022-06-24,CLOSED,2026-01-15T00:00:00
A003039,P001922,TRANSACTION,2017-06-03,,OPEN,2026-01-15T00:00:00
A003040,P001923,HOME_LOAN,2024-04-10,,OPEN,2026-01-15T00:00:00
A003041,P001923,CREDIT_CARD,2017-07-28,,OPEN,2026-01-15T00:00:00
A003042,P001924,TRANSACTION,2023-09-11,,OPEN,2026-01-15T00:00:00
A003043,P001924,TRANSACTION,2020-10-06,,OPEN,2026-01-15T00:00:00
A003044,P001925,TRANSACTION,2022-08-16,,DORMANT,2026-01-15T00:00:00
A003045,P001926,CREDIT_CARD,2022-09-15,,OPEN,2026-01-15T00:00:00
A003046,P001927,TRANSACTION,2021-01-30,,OPEN,2026-01-15T00:00:00
A003047,P001928,SAVINGS,2016-03-16,,OPEN,2026-01-15T00:00:00
A003048,P001928,TRANSACTION,2025-03-07,,DORMANT,2026-01-15T00:00:00
A003049,P001929,SAVINGS,2020-08-23,,OPEN,2026-01-15T00:00:00
A003050,P001929,TRANSACTION,2017-06-06,,OPEN,2026-01-15T00:00:00
A003051,P001929,CREDIT_CARD,2018-11-09,,OPEN,2026-01-15T00:00:00
A003052,P001930,SAVINGS,2017-02-27,2017-10-28,CLOSED,2026-01-15T00:00:00
A003053,P001930,SAVINGS,2023-03-29,2024-05-02,CLOSED,2026-01-15T00:00:00
A003054,P001930,CREDIT_CARD,2019-04-08,,OPEN,2026-01-15T00:00:00
A003055,P001931,TRANSACTION,2023-01-19,,OPEN,2026-01-15T00:00:00
A003056,P001932,SAVINGS,2021-12-12,,OPEN,2026-01-15T00:00:00
A003057,P001932,TRANSACTION,2019-10-24,,OPEN,2026-01-15T00:00:00
A003058,P001933,CREDIT_CARD,2022-04-27,,DORMANT,2026-01-15T00:00:00
A003059,P001933,SAVINGS,2022-11-16,,OPEN,2026-01-15T00:00:00
A003060,P001934,SAVINGS,2023-02-16,,OPEN,2026-01-15T00:00:00
A003061,P001934,TRANSACTION,2021-06-14,2026-01-15,CLOSED,2026-01-15T09:00:00
A003062,P001935,SAVINGS,2025-05-08,,OPEN,2026-01-15T00:00:00
A003063,P001936,TERM_DEPOSIT,2016-12-07,,OPEN,2026-01-15T00:00:00
A003064,P001936,TRANSACTION,2022-06-04,,OPEN,2026-01-15T00:00:00
A003065,P001937,TRANSACTION,2017-05-20,,OPEN,2026-01-15T00:00:00
A003066,P001938,CREDIT_CARD,2024-03-29,,OPEN,2026-01-15T00:00:00
A003067,P001938,CREDIT_CARD,2025-08-25,,OPEN,2026-01-15T00:00:00
A003068,P001938,SAVINGS,2021-07-03,,OPEN,2026-01-15T00:00:00
A003069,P001939,CREDIT_CARD,2025-06-21,,OPEN,2026-01-15T00:00:00
A003070,P001939,TRANSACTION,2016-09-18,,OPEN,2026-01-15T00:00:00
A003071,P001940,TERM_DEPOSIT,2018-11-15,2023-03-17,CLOSED,2026-01-15T00:00:00
A003072,P001941,TRANSACTION,2019-11-10,,OPEN,2026-01-15T00:00:00
A003073,P001942,TRANSACTION,2018-02-03,,OPEN,2026-01-15T00:00:00
A003074,P001943,TRANSACTION,2018-02-27,,OPEN,2026-01-15T00:00:00
A003075,P001943,SAVINGS,2016-03-12,,OPEN,2026-01-15T00:00:00
A003076,P001943,TRANSACTION,2017-11-01,,OPEN,2026-01-15T00:00:00
A003077,P001944,TERM_DEPOSIT,2019-02-19,2020-12-24,CLOSED,2026-01-15T00:00:00
A003078,P001945,TRANSACTION,2020-03-25,,DORMANT,2026-01-15T00:00:00
A003079,P001946,CREDIT_CARD,2020-06-14,,OPEN,2026-01-15T00:00:00
A003080,P001946,CREDIT_CARD,2019-02-18,,OPEN,2026-01-15T00:00:00
A003081,P001947,TRANSACTION,2024-01-13,,OPEN,2026-01-15T00:00:00
A003082,P001947,SAVINGS,2024-08-07,,OPEN,2026-01-15T00:00:00
A003083,P001947,SAVINGS,2019-11-08,,OPEN,2026-01-15T00:00:00
A003084,P001948,SAVINGS,2022-10-03,,DORMANT,2026-01-15T00:00:00
A003085,P001948,TRANSACTION,2023-09-06,,OPEN,2026-01-15T00:00:00
A003086,P001949,CREDIT_CARD,2021-09-03,,OPEN,2026-01-15T00:00:00
A003087,P001949,TRANSACTION,2022-10-29,,OPEN,2026-01-15T00:00:00
A003088,P001949,SAVINGS,2022-01-27,2026-01-15,CLOSED,2026-01-15T09:00:00
A003089,P001950,TRANSACTION,2024-07-31,,OPEN,2026-01-15T00:00:00
A003090,P001951,TRANSACTION,2020-10-26,,OPEN,2026-01-15T00:00:00
A003091,P001951,SAVINGS,2024-02-20,,DORMANT,2026-01-15T09:00:00
A003092,P001952,SAVINGS,2020-08-23,,OPEN,2026-01-15T00:00:00
A003093,P001953,HOME_LOAN,2021-11-04,,OPEN,2026-01-15T00:00:00
A003094,P001954,CREDIT_CARD,2017-01-22,,OPEN,2026-01-15T00:00:00
A003095,P001955,TERM_DEPOSIT,2017-04-03,,OPEN,2026-01-15T00:00:00
A003096,P001956,TRANSACTION,2020-12-10,,OPEN,2026-01-15T00:00:00
A003097,P001956,TRANSACTION,2017-07-21,,OPEN,2026-01-15T00:00:00
A003098,P001957,TRANSACTION,2023-03-09,,OPEN,2026-01-15T00:00:00
A003099,P001957,TRANSACTION,2017-01-11,,OPEN,2026-01-15T00:00:00
A003100,P001958,TRANSACTION,2016-02-18,,DORMANT,2026-01-15T09:00:00
A003101,P001959,CREDIT_CARD,2019-06-16,,OPEN,2026-01-15T00:00:00
A003102,P001960,TRANSACTION,2025-10-07,,OPEN,2026-01-15T00:00:00
A003103,P001961,CREDIT_CARD,2022-07-17,,DORMANT,2026-01-15T09:00:00
A003104,P001962,CREDIT_CARD,2020-11-21,,DORMANT,2026-01-15T09:00:00
A003105,P001963,SAVINGS,2025-05-17,,OPEN,2026-01-15T00:00:00
A003106,P001963,CREDIT_CARD,2021-07-04,,OPEN,2026-01-15T00:00:00
A003107,P001963,TRANSACTION,2023-03-30,,OPEN,2026-01-15T00:00:00
A003108,P001964,TRANSACTION,2017-09-21,,OPEN,2026-01-15T00:00:00
A003109,P001965,SAVINGS,2021-02-09,,OPEN,2026-01-15T00:00:00
A003110,P001965,TRANSACTION,2019-10-22,,OPEN,2026-01-15T00:00:00
A003111,P001966,TRANSACTION,2025-06-05,,OPEN,2026-01-15T00:00:00
A003112,P001967,TRANSACTION,2017-08-11,,OPEN,2026-01-15T00:00:00
A003113,P001967,TRANSACTION,2021-10-29,,OPEN,2026-01-15T00:00:00
A003114,P001967,SAVINGS,2022-02-12,,OPEN,2026-01-15T00:00:00
A003115,P001968,TERM_DEPOSIT,2017-06-06,,OPEN,2026-01-15T00:00:00
A003116,P001969,SAVINGS,2023-04-29,,DORMANT,2026-01-15T00:00:00
A003117,P001970,CREDIT_CARD,2021-07-08,,OPEN,2026-01-15T00:00:00
A003118,P001970,SAVINGS,2019-12-09,,OPEN,2026-01-15T00:00:00
A003119,P001971,HOME_LOAN,2022-01-03,,DORMANT,2026-01-15T00:00:00
A003120,P001972,TERM_DEPOSIT,2018-07-02,,OPEN,2026-01-15T00:00:00
A003121,P001972,CREDIT_CARD,2018-11-07,,OPEN,2026-01-15T00:00:00
A003122,P001972,TRANSACTION,2022-05-05,,OPEN,2026-01-15T00:00:00
A003123,P001973,SAVINGS,2018-02-21,,OPEN,2026-01-15T00:00:00
A003124,P001973,TRANSACTION,2020-02-27,,OPEN,2026-01-15T00:00:00
A000141,P000087,TRANSACTION,2022-05-14,,OPEN,2026-01-15T00:00:00
A000425,P000266,TERM_DEPOSIT,2019-05-12,,OPEN,2026-01-15T00:00:00
A000968,P000613,SAVINGS,2020-11-17,,OPEN,2026-01-15T00:00:00
A000990,P000627,TRANSACTION,2021-04-24,,DORMANT,2026-01-15T09:00:00
A001042,P000658,TRANSACTION,2016-11-02,,OPEN,2026-01-15T00:00:00
A001057,P000667,TRANSACTION,2021-11-12,,OPEN,2026-01-15T00:00:00
A001068,P000674,CREDIT_CARD,2023-01-31,,OPEN,2026-01-15T00:00:00
A001093,P000690,SAVINGS,2018-05-13,,DORMANT,2026-01-15T09:00:00
A001110,P000698,TRANSACTION,2016-09-19,,OPEN,2026-01-15T00:00:00
A001159,P000730,HOME_LOAN,2023-02-19,2026-01-15,CLOSED,2026-01-15T09:00:00
A001193,P000751,TRANSACTION,2025-03-05,,OPEN,2026-01-15T00:00:00
A001352,P000849,TERM_DEPOSIT,2020-07-14,,OPEN,2026-01-15T00:00:00
A001360,P000855,SAVINGS,2023-09-11,,OPEN,2026-01-15T00:00:00
A002192,P001394,CREDIT_CARD,2021-07-27,,OPEN,2026-01-15T00:00:00
A002628,P001670,TRANSACTION,2025-10-24,,OPEN,2026-01-15T00:00:00
