account_id,party_id,product_type,open_date,close_date,status,updated_at
A000000,P000806,CREDIT_CARD,2016-07-23,,OPEN,2026-01-15T00:00:00
A000001,P000723,HOME_LOAN,2016-09-23,,OPEN,2026-01-15T00:00:00
A000002,P001701,SAVINGS,2025-03-29,,OPEN,2026-01-15T00:00:00
A000003,P000038,TRANSACTION,2018-02-11,,DORMANT,2026-01-15T00:00:00
A000004,P000825,CREDIT_CARD,2025-04-25,2027-11-12,CLOSED,2026-01-15T00:00:00
A000005,P000676,HOME_LOAN,2024-11-01,,OPEN,2026-01-15T00:00:00
A000006,P001628,TRANSACTION,2025-09-05,,OPEN,2026-01-15T00:00:00
A000007,P000994,CREDIT_CARD,2025-05-23,,OPEN,2026-01-15T00:00:00
A000008,P000076,TRANSACTION,2024-07-25,,DORMANT,2026-01-15T00:00:00
A000009,P001199,SAVINGS,2017-07-24,,OPEN,2026-01-15T00:00:00
A000010,P001130,TRANSACTION,2019-11-11,,OPEN,2026-01-15T00:00:00
A000011,P001550,TERM_DEPOSIT,2016-10-04,,OPEN,2026-01-15T00:00:00
A000012,P000510,TRANSACTION,2019-07-10,,DORMANT,2026-01-15T09:00:00
A000013,P000086,TERM_DEPOSIT,2022-05-29,,OPEN,2026-01-15T00:00:00
A000014,P000077,HOME_LOAN,2019-02-11,,OPEN,2026-01-15T00:00:00
A000015,P001224,CREDIT_CARD,2022-08-15,,OPEN,2026-01-15T00:00:00
A000016,P001083,CREDIT_CARD,2021-07-13,,OPEN,2026-01-15T00:00:00
A000017,P000133,SAVINGS,2018-10-18,,OPEN,2026-01-15T00:00:00
A000018,P001403,TRANSACTION,2020-10-06,,OPEN,2026-01-15T09:00:00
A000019,P001234,HOME_LOAN,2016-11-01,,OPEN,2026-01-15T00:00:00
A000020,P000841,CREDIT_CARD,2017-07-20,,OPEN,2026-01-15T00:00:00
A000021,P000993,TERM_DEPOSIT,2024-11-04,,OPEN,2026-01-15T00:00:00
A000022,P001169,TERM_DEPOSIT,2025-05-29,,OPEN,2026-02-15T09:00:00
A000023,P000356,TERM_DEPOSIT,2023-03-06,,OPEN,2026-01-15T00:00:00
A000024,P001509,HOME_LOAN,2021-01-22,,OPEN,2026-01-15T00:00:00
A000025,P000592,HOME_LOAN,2018-06-13,,OPEN,2026-01-15T00:00:00
A000026,P001250,CREDIT_CARD,2019-08-02,,DORMANT,2026-01-15T00:00:00
A000027,P001457,TERM_DEPOSIT,2016-11-28,,OPEN,2026-01-15T00:00:00
A000028,P001736,SAVINGS,2024-02-09,,DORMANT,2026-01-15T00:00:00
A000029,P000104,HOME_LOAN,2025-08-31,,OPEN,2026-01-15T00:00:00
A000030,P001107,SAVINGS,2020-10-16,2026-01-15,CLOSED,2026-01-15T09:00:00
A000031,P000112,SAVINGS,2024-10-10,,OPEN,2026-01-15T00:00:00
A000032,P000056,TERM_DEPOSIT,2018-07-20,,OPEN,2026-01-15T00:00:00
A000033,P001847,HOME_LOAN,2024-11-22,,DORMANT,2026-01-15T00:00:00
A000034,P000756,HOME_LOAN,2016-12-30,,OPEN,2026-01-15T00:00:00
A000035,P001033,HOME_LOAN,2019-07-20,,OPEN,2026-01-15T00:00:00
A000036,P001837,TRANSACTION,2020-12-05,,DORMANT,2026-01-15T00:00:00
A000037,P001971,TRANSACTION,2025-01-08,2029-04-13,CLOSED,2026-01-15T00:00:00
A000038,P001281,HOME_LOAN,2016-07-31,,OPEN,2026-01-15T00:00:00
A000039,P001040,TRANSACTION,2022-09-17,,DORMANT,2026-01-15T00:00:00
A000040,P000144,HOME_LOAN,2016-10-25,,OPEN,2026-01-15T09:00:00
A000041,P000622,HOME_LOAN,2021-06-26,,DORMANT,2026-01-15T00:00:00
A000042,P000246,CREDIT_CARD,2024-05-29,,OPEN,2026-01-15T00:00:00
A000043,P001068,HOME_LOAN,2016-02-02,,DORMANT,2026-01-15T00:00:00
A000044,P001169,CREDIT_CARD,2017-09-09,,DORMANT,2026-01-15T00:00:00
A000045,P001909,TRANSACTION,2020-04-10,,OPEN,2026-01-15T00:00:00
A000046,P001662,TRANSACTION,2019-11-30,,OPEN,2026-01-15T00:00:00
A000047,P000857,CREDIT_CARD,2023-01-19,,OPEN,2026-01-15T00:00:00
A000048,P000191,SAVINGS,2022-05-15,,OPEN,2026-01-15T00:00:00
A000049,P001153,TRANSACTION,2016-07-07,,OPEN,2026-01-15T00:00:00
A000050,P000187,TRANSACTION,2022-08-08,,OPEN,2026-01-15T00:00:00
A000051,P001023,HOME_LOAN,2024-03-10,,OPEN,2026-01-15T00:00:00
A000052,P001228,CREDIT_CARD,2022-12-05,,OPEN,2026-01-15T09:00:00
A000053,P000308,CREDIT_CARD,2019-09-07,,DORMANT,2026-01-15T00:00:00
A000054,P001184,CREDIT_CARD,2017-10-25,,OPEN,2026-01-15T00:00:00
A000055,P000547,TRANSACTION,2018-07-04,,OPEN,2026-01-15T00:00:00
A000056,P001461,TRANSACTION,2019-05-11,,OPEN,2026-01-15T00:00:00
A000057,P000181,HOME_LOAN,2023-01-22,,DORMANT,2026-01-15T00:00:00
A000058,P000874,TRANSACTION,2021-03-18,,OPEN,2026-01-15T00:00:00
A000059,P001315,SAVINGS,2020-06-01,,DORMANT,2026-02-15T09:00:00
A000060,P001380,HOME_LOAN,2023-12-22,,OPEN,2026-01-15T00:00:00
A000061,P001480,CREDIT_CARD,2019-09-13,,OPEN,2026-01-15T00:00:00
A000062,P001906,CREDIT_CARD,2021-12-27,,OPEN,2026-01-15T00:00:00
A000063,P001648,CREDIT_CARD,2019-06-12,,OPEN,2026-01-15T00:00:00
A000064,P000092,HOME_LOAN,2023-12-03,,OPEN,2026-01-15T00:00:00
A000065,P000579,HOME_LOAN,2021-03-25,,OPEN,2026-01-15T00:00:00
A000066,P000509,TERM_DEPOSIT,2021-09-27,,OPEN,2026-01-15T00:00:00
A000067,P000544,CREDIT_CARD,2019-02-06,,OPEN,2026-01-15T00:00:00
A000068,P000132,CREDIT_CARD,2020-03-22,,OPEN,2026-01-15T00:00:00
A000069,P000692,TRANSACTION,2025-10-30,,OPEN,2026-01-15T00:00:00
A000070,P001911,TERM_DEPOSIT,2021-08-19,,OPEN,2026-01-15T00:00:00
A000071,P001690,CREDIT_CARD,2019-06-16,,OPEN,2026-01-15T00:00:00
A000072,P000256,TRANSACTION,2022-11-15,,DORMANT,2026-01-15T09:00:00
A000073,P001966,SAVINGS,2020-04-28,2021-12-23,DORMANT,2026-01-15T09:00:00
A000074,P001426,HOME_LOAN,2019-12-19,,OPEN,2026-01-15T00:00:00
A000075,P001802,CREDIT_CARD,2023-05-28,,OPEN,2026-01-15T00:00:00
A000076,P000809,CREDIT_CARD,2024-06-01,2025-06-05,CLOSED,2026-01-15T00:00:00
A000077,P001232,HOME_LOAN,2017-07-08,,OPEN,2026-01-15T00:00:00
A000078,P001276,TRANSACTION,2025-03-12,,OPEN,2026-01-15T00:00:00
A000079,P000439,TRANSACTION,2024-12-16,,OPEN,2026-01-15T00:00:00
A000080,P001484,SAVINGS,2019-05-20,,DORMANT,2026-01-15T00:00:00
A000081,P001228,SAVINGS,2021-12-12,,OPEN,2026-01-15T00:00:00
A000082,P001463,CREDIT_CARD,2016-10-03,,DORMANT,2026-01-15T00:00:00
A000083,P000973,CREDIT_CARD,2024-09-30,,OPEN,2026-01-15T00:00:00
A000084,P000509,TRANSACTION,2025-12-15,,OPEN,2026-01-15T00:00:00
A000085,P001046,TRANSACTION,2023-02-08,,OPEN,2026-01-15T00:00:00
A000086,P001699,TRANSACTION,2021-06-20,2026-01-15,CLOSED,2026-01-15T09:00:00
A000087,P001958,TERM_DEPOSIT,2024-02-07,,OPEN,2026-01-15T00:00:00
A000088,P000296,TERM_DEPOSIT,2017-07-18,,OPEN,2026-01-15T00:00:00
A000089,P000878,TERM_DEPOSIT,2024-07-24,,OPEN,2026-01-15T09:00:00
A000090,P000395,TERM_DEPOSIT,2018-09-01,,OPEN,2026-01-15T00:00:00
A000091,P001161,CREDIT_CARD,2022-11-22,,OPEN,2026-01-15T00:00:00
A000092,P000962,CREDIT_CARD,2021-06-14,,DORMANT,2026-01-15T00:00:00
A000093,P001056,SAVINGS,2017-07-30,,DORMANT,2026-02-15T09:00:00
A000094,P001102,HOME_LOAN,2018-02-09,,DORMANT,2026-02-15T09:00:00
A000095,P000085,HOME_LOAN,2017-07-07,,OPEN,2026-01-15T00:00:00
A000096,P001493,TRANSACTION,2019-11-22,2024-11-29,CLOSED,2026-01-15T00:00:00
A000097,P001128,SAVINGS,2021-06-19,,OPEN,2026-01-15T00:00:00
A000098,P000906,TERM_DEPOSIT,2024-11-15,,OPEN,2026-01-15T00:00:00
A000099,P000214,SAVINGS,2021-04-27,,OPEN,2026-01-15T00:00:00
A000100,P000378,CREDIT_CARD,2016-07-17,,OPEN,2026-01-15T00:00:00
A000101,P000542,HOME_LOAN,2018-12-07,,OPEN,2026-01-15T00:00:00
A000102,P001102,HOME_LOAN,2021-03-23,,OPEN,2026-01-15T00:00:00
A000103,P001431,HOME_LOAN,2016-12-07,,DORMANT,2026-01-15T00:00:00
A000104,P001125,CREDIT_CARD,2021-07-09,2026-01-15,CLOSED,2026-01-15T09:00:00
A000105,P000780,HOME_LOAN,2022-06-19,,DORMANT,2026-01-15T00:00:00
A000106,P001775,TRANSACTION,2022-06-16,,OPEN,2026-01-15T00:00:00
A000107,P000534,TERM_DEPOSIT,2022-04-16,,OPEN,2026-01-15T00:00:00
A000108,P000226,TRANSACTION,2016-12-12,,DORMANT,2026-02-15T09:00:00
A000109,P001226,SAVINGS,2019-01-29,,OPEN,2026-01-15T00:00:00
A000110,P001599,CREDIT_CARD,2025-04-21,,DORMANT,2026-01-15T00:00:00
A000111,P001902,CREDIT_CARD,2021-11-28,,OPEN,2026-01-15T09:00:00
A000112,P000232,TRANSACTION,2018-03-03,,OPEN,2026-01-15T00:00:00
A000113,P001398,TRANSACTION,2020-08-21,,OPEN,2026-01-15T09:00:00
A000114,P001101,HOME_LOAN,2023-05-31,,DORMANT,2026-01-15T00:00:00
A000115,P000862,TERM_DEPOSIT,2016-11-26,,OPEN,2026-01-15T00:00:00
A000116,P001452,SAVINGS,2023-03-04,,OPEN,2026-01-15T00:00:00
A000117,P000532,TERM_DEPOSIT,2024-11-02,,OPEN,2026-01-15T00:00:00
A000118,P000776,CREDIT_CARD,2021-10-13,,OPEN,2026-01-15T00:00:00
A000119,P001216,HOME_LOAN,2025-11-15,,OPEN,2026-01-15T00:00:00
A000120,P000611,HOME_LOAN,2022-08-01,,DORMANT,2026-02-15T09:00:00
A000121,P000096,TERM_DEPOSIT,2019-06-14,,OPEN,2026-01-15T00:00:00
A000122,P001397,TERM_DEPOSIT,2021-09-27,2026-04-22,CLOSED,2026-01-15T00:00:00
A000123,P001256,CREDIT_CARD,2017-08-27,2026-02-15,CLOSED,2026-02-15T09:00:00
A000124,P000102,TERM_DEPOSIT,2021-02-14,,OPEN,2026-01-15T00:00:00
A000125,P000331,TRANSACTION,2017-02-09,,OPEN,2026-01-15T00:00:00
A000126,P000636,TERM_DEPOSIT,2016-10-05,,OPEN,2026-01-15T00:00:00
A000127,P001003,CREDIT_CARD,2021-03-17,,DORMANT,2026-01-15T00:00:00
A000128,P000059,HOME_LOAN,2022-02-23,,OPEN,2026-01-15T00:00:00
A000129,P000631,TERM_DEPOSIT,2020-11-27,,OPEN,2026-01-15T00:00:00
A000130,P001037,HOME_LOAN,2023-06-26,,OPEN,2026-01-15T00:00:00
A000131,P000496,TERM_DEPOSIT,2025-08-20,,OPEN,2026-01-15T00:00:00
A000132,P001793,CREDIT_CARD,2023-01-24,,OPEN,2026-01-15T00:00:00
A000133,P001297,SAVINGS,2017-03-05,,OPEN,2026-01-15T00:00:00
A000134,P001434,TERM_DEPOSIT,2017-04-27,,OPEN,2026-01-15T00:00:00
A000135,P001295,TERM_DEPOSIT,2025-05-09,,OPEN,2026-01-15T00:00:00
A000136,P000468,TRANSACTION,2019-03-11,,OPEN,2026-01-15T00:00:00
A000137,P001382,CREDIT_CARD,2025-11-09,,OPEN,2026-01-15T00:00:00
A000138,P000242,SAVINGS,2024-02-29,,DORMANT,2026-01-15T00:00:00
A000139,P001972,CREDIT_CARD,2024-04-02,,OPEN,2026-01-15T00:00:00
A000140,P000979,CREDIT_CARD,2021-02-27,2023-01-24,CLOSED,2026-01-15T00:00:00
A000141,P000647,HOME_LOAN,2021-06-17,,OPEN,2026-01-15T00:00:00
A000142,P000212,TRANSACTION,2025-03-16,,OPEN,2026-01-15T00:00:00
A000143,P000204,TRANSACTION,2023-12-23,,OPEN,2026-01-15T00:00:00
A000144,P001744,HOME_LOAN,2021-10-13,,DORMANT,2026-01-15T00:00:00
A000145,P001092,HOME_LOAN,2016-10-25,2020-07-25,CLOSED,2026-01-15T00:00:00
A000146,P000012,HOME_LOAN,2021-08-09,2021-11-07,CLOSED,2026-01-15T00:00:00
A000147,P001057,CREDIT_CARD,2024-09-29,,OPEN,2026-01-15T00:00:00
A000148,P001144,SAVINGS,2020-07-25,,OPEN,2026-01-15T00:00:00
A000149,P000354,HOME_LOAN,2023-10-06,,DORMANT,2026-01-15T00:00:00
A000150,P000733,CREDIT_CARD,2019-04-13,,DORMANT,2026-01-15T00:00:00
A000151,P001906,TERM_DEPOSIT,2017-02-24,,DORMANT,2026-02-15T09:00:00
A000152,P001471,CREDIT_CARD,2020-12-15,,OPEN,2026-01-15T00:00:00
A000153,P000336,CREDIT_CARD,2017-01-26,,OPEN,2026-01-15T00:00:00
A000154,P000227,SAVINGS,2025-02-08,,OPEN,2026-01-15T00:00:00
A000155,P000514,SAVINGS,2025-05-11,,OPEN,2026-01-15T00:00:00
A000156,P000980,TERM_DEPOSIT,2017-09-17,,OPEN,2026-01-15T00:00:00
A000157,P001426,HOME_LOAN,2023-05-28,,OPEN,2026-01-15T00:00:00
A000158,P001541,HOME_LOAN,2017-10-11,,OPEN,2026-01-15T00:00:00
A000159,P000717,SAVINGS,2025-06-03,,OPEN,2026-01-15T00:00:00
A000160,P001941,HOME_LOAN,2021-10-29,2022-12-21,CLOSED,2026-01-15T00:00:00
A000161,P001375,HOME_LOAN,2022-06-27,,OPEN,2026-01-15T00:00:00
A000162,P001031,TERM_DEPOSIT,2018-03-03,,OPEN,2026-01-15T00:00:00
A000163,P001632,TERM_DEPOSIT,2016-02-09,,OPEN,2026-01-15T00:00:00
A000164,P001934,CREDIT_CARD,2025-06-06,2026-02-15,CLOSED,2026-02-15T09:00:00
A000165,P000752,TERM_DEPOSIT,2023-02-08,,OPEN,2026-01-15T00:00:00
A000166,P001515,SAVINGS,2018-08-24,,OPEN,2026-01-15T00:00:00
A000167,P001802,TRANSACTION,2016-03-16,,OPEN,2026-01-15T00:00:00
A000168,P000396,SAVINGS,2024-09-16,,OPEN,2026-01-15T00:00:00
A000169,P000584,HOME_LOAN,2017-12-18,2021-07-29,CLOSED,2026-01-15T00:00:00
A000170,P001006,HOME_LOAN,2017-05-18,,OPEN,2026-01-15T00:00:00
A000171,P000173,CREDIT_CARD,2017-09-25,,DORMANT,2026-01-15T00:00:00
A000172,P000815,SAVINGS,2021-01-16,,DORMANT,2026-01-15T00:00:00
A000173,P001321,SAVINGS,2023-03-28,,OPEN,2026-01-15T00:00:00
A000174,P000392,HOME_LOAN,2020-06-21,,OPEN,2026-01-15T00:00:00
A000175,P000347,TRANSACTION,2019-12-01,,OPEN,2026-01-15T00:00:00
A000176,P000025,HOME_LOAN,2020-08-20,,OPEN,2026-01-15T00:00:00
A000177,P000137,HOME_LOAN,2025-04-12,,DORMANT,2026-01-15T00:00:00
A000178,P000505,TRANSACTION,2017-03-02,,OPEN,2026-01-15T00:00:00
A000179,P001301,SAVINGS,2023-02-06,,OPEN,2026-01-15T00:00:00
A000180,P001623,SAVINGS,2025-08-03,,OPEN,2026-01-15T00:00:00
A000181,P001030,SAVINGS,2022-04-25,,OPEN,2026-01-15T00:00:00
A000182,P000469,TERM_DEPOSIT,2022-12-20,,OPEN,2026-01-15T00:00:00
A000183,P000625,TRANSACTION,2016-06-14,,OPEN,2026-01-15T00:00:00
A000184,P001767,TRANSACTION,2025-07-23,,DORMANT,2026-01-15T00:00:00
A000185,P001787,CREDIT_CARD,2020-03-09,,OPEN,2026-01-15T00:00:00
A000186,P000586,HOME_LOAN,2021-01-07,,OPEN,2026-01-15T00:00:00
A000187,P000707,SAVINGS,2025-03-17,,DORMANT,2026-01-15T00:00:00
A000188,P001877,TERM_DEPOSIT,2022-10-31,,OPEN,2026-01-15T00:00:00
A000189,P000109,HOME_LOAN,2023-01-10,,OPEN,2026-01-15T00:00:00
A000190,P001800,TERM_DEPOSIT,2023-08-08,,OPEN,2026-02-15T09:00:00
A000191,P001234,HOME_LOAN,2018-03-29,,OPEN,2026-01-15T00:00:00
A000192,P001606,HOME_LOAN,2023-07-10,,OPEN,2026-01-15T00:00:00
A000193,P001405,TERM_DEPOSIT,2024-10-04,,OPEN,2026-01-15T00:00:00
A000194,P000252,SAVINGS,2023-04-05,,OPEN,2026-01-15T00:00:00
A000195,P001028,HOME_LOAN,2019-12-10,,OPEN,2026-01-15T00:00:00
A000196,P001103,CREDIT_CARD,2018-07-19,,OPEN,2026-01-15T00:00:00
A000197,P001186,CREDIT_CARD,2016-12-11,,DORMANT,2026-02-15T09:00:00
A000198,P001590,SAVINGS,2019-05-21,2026-01-15,CLOSED,2026-01-15T09:00:00
A000199,P000124,TERM_DEPOSIT,2017-05-22,,OPEN,2026-01-15T00:00:00
A000200,P001439,SAVINGS,2022-06-07,,OPEN,2026-01-15T00:00:00
A000201,P000561,CREDIT_CARD,2016-07-26,,OPEN,2026-01-15T00:00:00
A000202,P000771,SAVINGS,2018-04-28,,OPEN,2026-01-15T00:00:00
A000203,P001765,HOME_LOAN,2025-07-20,,DORMANT,2026-01-15T00:00:00
A000204,P000780,TERM_DEPOSIT,2019-11-25,,OPEN,2026-01-15T00:00:00
A000205,P001852,SAVINGS,2023-12-31,,OPEN,2026-01-15T00:00:00
A000206,P000463,HOME_LOAN,2016-08-19,,OPEN,2026-01-15T00:00:00
A000207,P000482,SAVINGS,2020-12-01,,OPEN,2026-01-15T00:00:00
A000208,P000309,TRANSACTION,2019-08-04,,OPEN,2026-01-15T00:00:00
A000209,P001023,TRANSACTION,2018-09-18,,DORMANT,2026-01-15T09:00:00
A000210,P000321,HOME_LOAN,2021-07-25,,DORMANT,2026-01-15T00:00:00
A000211,P001058,HOME_LOAN,2023-08-09,2028-12-12,CLOSED,2026-01-15T00:00:00
A000212,P001140,SAVINGS,2025-05-28,,OPEN,2026-01-15T00:00:00
A000213,P000091,TRANSACTION,2024-01-29,,OPEN,2026-01-15T00:00:00
A000214,P000359,TRANSACTION,2025-10-16,,OPEN,2026-01-15T00:00:00
A000215,P001069,CREDIT_CARD,2025-10-11,,OPEN,2026-01-15T00:00:00
A000216,P000234,TRANSACTION,2020-10-14,,OPEN,2026-01-15T00:00:00
A000217,P001293,HOME_LOAN,2025-08-16,,OPEN,2026-01-15T00:00:00
A000218,P001883,CREDIT_CARD,2018-06-06,,DORMANT,2026-01-15T00:00:00
A000219,P000022,HOME_LOAN,2017-12-10,,OPEN,2026-01-15T00:00:00
A000220,P000387,TERM_DEPOSIT,2025-01-08,,DORMANT,2026-01-15T00:00:00
A000221,P000591,TRANSACTION,2021-08-28,,OPEN,2026-01-15T00:00:00
A000222,P001132,TERM_DEPOSIT,2017-11-01,,OPEN,2026-01-15T00:00:00
A000223,P001313,TRANSACTION,2022-05-19,,OPEN,2026-01-15T00:00:00
A000224,P000097,CREDIT_CARD,2019-05-07,,OPEN,2026-01-15T00:00:00
A000225,P001538,HOME_LOAN,2022-11-11,,OPEN,2026-01-15T00:00:00
A000226,P000644,TERM_DEPOSIT,2018-10-07,,OPEN,2026-01-15T00:00:00
A000227,P001205,TERM_DEPOSIT,2021-05-18,,DORMANT,2026-01-15T00:00:00
A000228,P000200,TRANSACTION,2016-08-17,,OPEN,2026-01-15T00:00:00
A000229,P001583,TRANSACTION,2025-12-02,,DORMANT,2026-02-15T09:00:00
A000230,P000827,SAVINGS,2020-10-31,,DORMANT,2026-01-15T00:00:00
A000231,P001670,TERM_DEPOSIT,2025-12-02,,OPEN,2026-01-15T00:00:00
A000232,P001204,CREDIT_CARD,2022-04-07,2024-11-18,CLOSED,2026-01-15T00:00:00
A000233,P000040,TRANSACTION,2016-08-09,,OPEN,2026-01-15T00:00:00
A000234,P001836,CREDIT_CARD,2021-01-26,2026-01-15,CLOSED,2026-01-15T09:00:00
A000235,P000151,TRANSACTION,2021-03-24,,OPEN,2026-01-15T00:00:00
A000236,P000759,TERM_DEPOSIT,2018-09-13,,OPEN,2026-01-15T00:00:00
A000237,P000184,SAVINGS,2016-03-25,,OPEN,2026-01-15T00:00:00
A000238,P000915,HOME_LOAN,2022-10-18,,OPEN,2026-01-15T00:00:00
A000239,P001257,HOME_LOAN,2022-04-30,,OPEN,2026-01-15T00:00:00
A000240,P000961,TRANSACTION,2022-12-11,,OPEN,2026-01-15T00:00:00
A000241,P000752,HOME_LOAN,2020-02-05,,OPEN,2026-01-15T00:00:00
A000242,P000859,HOME_LOAN,2017-06-08,,OPEN,2026-01-15T00:00:00
A000243,P000288,CREDIT_CARD,2023-09-10,,OPEN,2026-01-15T00:00:00
A000244,P001156,HOME_LOAN,2019-12-20,,OPEN,2026-01-15T00:00:00
A000245,P001242,CREDIT_CARD,2021-06-01,,OPEN,2026-01-15T00:00:00
A000246,P000479,HOME_LOAN,2017-02-27,,OPEN,2026-01-15T00:00:00
A000247,P001065,HOME_LOAN,2021-02-05,,OPEN,2026-01-15T00:00:00
A000248,P001396,CREDIT_CARD,2024-08-19,,OPEN,2026-01-15T00:00:00
A000249,P000745,TRANSACTION,2017-03-12,,OPEN,2026-01-15T00:00:00
A000250,P000878,SAVINGS,2021-10-19,,DORMANT,2026-01-15T00:00:00
A000251,P000158,HOME_LOAN,2021-11-21,,OPEN,2026-01-15T00:00:00
A000252,P000047,HOME_LOAN,2020-11-11,,DORMANT,2026-01-15T00:00:00
A000253,P001931,TRANSACTION,2023-04-22,,OPEN,2026-01-15T00:00:00
A000254,P001436,TERM_DEPOSIT,2024-06-21,2026-01-15,CLOSED,2026-01-15T09:00:00
A000255,P001292,HOME_LOAN,2020-11-11,,DORMANT,2026-01-15T00:00:00
A000256,P001787,SAVINGS,2019-06-27,,OPEN,2026-01-15T00:00:00
A000257,P000161,HOME_LOAN,2021-09-11,,OPEN,2026-01-15T00:00:00
A000258,P001932,HOME_LOAN,2016-05-16,,OPEN,2026-01-15T00:00:00
A000259,P001926,TRANSACTION,2021-10-29,,DORMANT,2026-01-15T00:00:00
A000260,P000687,HOME_LOAN,2017-03-02,,OPEN,2026-01-15T00:00:00
A000261,P000241,CREDIT_CARD,2022-06-08,2025-04-29,OPEN,2026-02-15T09:00:00
A000262,P000184,SAVINGS,2020-11-01,,OPEN,2026-01-15T00:00:00
A000263,P001233,SAVINGS,2020-06-26,,OPEN,2026-01-15T00:00:00
A000264,P001109,HOME_LOAN,2017-03-02,,OPEN,2026-01-15T00:00:00
A000265,P001246,HOME_LOAN,2024-05-03,,OPEN,2026-01-15T00:00:00
A000266,P000892,TERM_DEPOSIT,2021-06-11,,DORMANT,2026-01-15T00:00:00
A000267,P001235,CREDIT_CARD,2023-12-22,,OPEN,2026-01-15T00:00:00
A000268,P000152,CREDIT_CARD,2022-03-18,,OPEN,2026-01-15T00:00:00
A000269,P001805,TERM_DEPOSIT,2025-05-12,,DORMANT,2026-01-15T00:00:00
A000270,P000545,SAVINGS,2017-11-15,,OPEN,2026-01-15T00:00:00
A000271,P000709,TERM_DEPOSIT,2024-10-11,,DORMANT,2026-01-15T00:00:00
A000272,P001710,TRANSACTION,2021-10-11,,OPEN,2026-01-15T00:00:00
A000273,P001035,SAVINGS,2022-05-20,,OPEN,2026-01-15T00:00:00
A000274,P000289,SAVINGS,2025-12-05,,DORMANT,2026-01-15T00:00:00
A000275,P001017,TRANSACTION,2016-06-27,,DORMANT,2026-01-15T00:00:00
A000276,P001921,TRANSACTION,2017-12-29,,OPEN,2026-01-15T00:00:00
A000277,P000449,TERM_DEPOSIT,2025-04-01,,OPEN,2026-01-15T00:00:00
A000278,P000108,CREDIT_CARD,2021-05-12,,OPEN,2026-01-15T00:00:00
A000279,P000278,TERM_DEPOSIT,2024-01-13,,OPEN,2026-01-15T00:00:00
A000280,P000363,HOME_LOAN,2016-06-15,,DORMANT,2026-01-15T00:00:00
A000281,P001251,TERM_DEPOSIT,2024-02-18,,DORMANT,2026-01-15T00:00:00
A000282,P000573,TRANSACTION,2017-11-15,,DORMANT,2026-01-15T00:00:00
A000283,P001065,HOME_LOAN,2025-04-21,,OPEN,2026-01-15T00:00:00
A000284,P000536,CREDIT_CARD,2023-11-29,,OPEN,2026-01-15T00:00:00
A000285,P000859,TRANSACTION,2023-04-07,,OPEN,2026-01-15T00:00:00
A000286,P001110,TERM_DEPOSIT,2021-08-04,,DORMANT,2026-01-15T00:00:00
A000287,P000120,TERM_DEPOSIT,2025-11-21,,DORMANT,2026-02-15T09:00:00
A000288,P001542,TRANSACTION,2019-08-27,,OPEN,2026-01-15T00:00:00
A000289,P000761,TRANSACTION,2024-12-07,,OPEN,2026-01-15T00:00:00
A000290,P000949,TRANSACTION,2019-02-11,,OPEN,2026-01-15T00:00:00
A000291,P000645,SAVINGS,2016-10-21,,OPEN,2026-01-15T00:00:00
A000292,P001802,TRANSACTION,2021-03-02,,OPEN,2026-01-15T00:00:00
A000293,P001939,CREDIT_CARD,2017-08-14,,OPEN,2026-01-15T00:00:00
A000294,P000278,SAVINGS,2025-05-12,,DORMANT,2026-02-15T09:00:00
A000295,P000145,CREDIT_CARD,2025-06-20,,OPEN,2026-01-15T00:00:00
A000296,P000030,TRANSACTION,2019-04-21,,OPEN,2026-01-15T00:00:00
A000297,P001434,TRANSACTION,2020-07-14,,DORMANT,2026-02-15T09:00:00
A000298,P001608,TERM_DEPOSIT,2016-02-14,,OPEN,2026-01-15T00:00:00
A000299,P001431,TERM_DEPOSIT,2019-08-29,,OPEN,2026-01-15T00:00:00
A000300,P000288,HOME_LOAN,2023-06-01,,DORMANT,2026-01-15T00:00:00
A000301,P001214,HOME_LOAN,2020-02-09,,OPEN,2026-01-15T00:00:00
A000302,P001756,CREDIT_CARD,2019-07-14,,OPEN,2026-01-15T00:00:00
A000303,P000526,TERM_DEPOSIT,2022-02-04,,OPEN,2026-01-15T00:00:00
A000304,P000846,TRANSACTION,2020-08-30,,OPEN,2026-01-15T00:00:00
A000305,P001054,SAVINGS,2018-12-16,,OPEN,2026-01-15T00:00:00
A000306,P000636,HOME_LOAN,2020-08-22,,OPEN,2026-01-15T00:00:00
A000307,P001578,TRANSACTION,2025-01-12,,OPEN,2026-01-15T00:00:00
A000308,P000092,SAVINGS,2025-07-24,,OPEN,2026-01-15T00:00:00
A000309,P001359,HOME_LOAN,2022-01-06,,OPEN,2026-01-15T00:00:00
A000310,P000375,TRANSACTION,2021-06-09,,OPEN,2026-01-15T00:00:00
A000311,P000436,TERM_DEPOSIT,2020-09-15,,DORMANT,2026-01-15T00:00:00
A000312,P001564,SAVINGS,2021-01-18,,OPEN,2026-01-15T00:00:00
A000313,P000310,CREDIT_CARD,2022-03-06,,DORMANT,2026-01-15T00:00:00
A000314,P001765,TERM_DEPOSIT,2020-01-07,,OPEN,2026-01-15T00:00:00
A000315,P001526,CREDIT_CARD,2019-11-03,,OPEN,2026-01-15T00:00:00
A000316,P001122,SAVINGS,2020-12-08,,OPEN,2026-01-15T00:00:00
A000317,P001824,TERM_DEPOSIT,2017-11-29,2023-04-18,CLOSED,2026-01-15T00:00:00
A000318,P001120,TERM_DEPOSIT,2019-11-19,,DORMANT,2026-02-15T09:00:00
A000319,P000466,CREDIT_CARD,2023-12-23,,OPEN,2026-01-15T00:00:00
A000320,P001984,TERM_DEPOSIT,2017-01-05,,DORMANT,2026-01-15T00:00:00
A000321,P001106,TRANSACTION,2021-05-29,,DORMANT,2026-01-15T00:00:00
A000322,P000912,CREDIT_CARD,2022-04-01,,OPEN,2026-01-15T00:00:00
A000323,P000805,TERM_DEPOSIT,2022-11-09,,OPEN,2026-01-15T00:00:00
A000324,P000721,TRANSACTION,2020-12-03,,OPEN,2026-01-15T00:00:00
A000325,P000326,SAVINGS,2021-11-16,2025-03-16,CLOSED,2026-01-15T00:00:00
A000326,P000019,HOME_LOAN,2023-11-29,,OPEN,2026-01-15T00:00:00
A000327,P000682,TERM_DEPOSIT,2025-07-30,,OPEN,2026-01-15T00:00:00
A000328,P001288,TERM_DEPOSIT,2024-10-04,,OPEN,2026-01-15T00:00:00
A000329,P001228,TRANSACTION,2017-10-07,,OPEN,2026-01-15T00:00:00
A000330,P000170,TRANSACTION,2023-05-05,2026-02-15,CLOSED,2026-02-15T09:00:00
A000331,P001927,CREDIT_CARD,2020-10-08,,OPEN,2026-01-15T00:00:00
A000332,P001406,TRANSACTION,2024-11-23,,OPEN,2026-01-15T00:00:00
A000333,P000604,CREDIT_CARD,2024-05-13,,OPEN,2026-01-15T00:00:00
A000334,P001406,SAVINGS,2018-04-24,,OPEN,2026-01-15T00:00:00
A000335,P000831,HOME_LOAN,2024-01-28,,OPEN,2026-01-15T00:00:00
A000336,P000645,TERM_DEPOSIT,2021-10-19,,DORMANT,2026-01-15T00:00:00
A000337,P001397,SAVINGS,2018-02-15,,DORMANT,2026-01-15T00:00:00
A000338,P001365,SAVINGS,2025-12-14,,DORMANT,2026-01-15T00:00:00
A000339,P000642,HOME_LOAN,2023-12-01,,OPEN,2026-01-15T00:00:00
A000340,P000121,TRANSACTION,2021-12-14,,DORMANT,2026-01-15T00:00:00
A000341,P001555,TRANSACTION,2024-03-10,,DORMANT,2026-01-15T00:00:00
A000342,P000690,SAVINGS,2025-01-27,,OPEN,2026-01-15T00:00:00
A000343,P000374,TERM_DEPOSIT,2016-04-13,,OPEN,2026-01-15T00:00:00
A000344,P001405,HOME_LOAN,2017-01-04,,OPEN,2026-01-15T00:00:00
A000345,P001823,HOME_LOAN,2023-01-18,,OPEN,2026-01-15T00:00:00
A000346,P000578,TRANSACTION,2022-02-24,,OPEN,2026-01-15T00:00:00
A000347,P001566,CREDIT_CARD,2016-08-06,,OPEN,2026-01-15T00:00:00
A000348,P000264,CREDIT_CARD,2018-01-23,,OPEN,2026-01-15T00:00:00
A000349,P001906,TERM_DEPOSIT,2019-04-16,,OPEN,2026-01-15T00:00:00
A000350,P001380,TERM_DEPOSIT,2018-01-06,,OPEN,2026-01-15T00:00:00
A000351,P000472,TRANSACTION,2018-09-27,,OPEN,2026-01-15T00:00:00
A000352,P000804,TERM_DEPOSIT,2025-06-02,,OPEN,2026-01-15T00:00:00
A000353,P001986,TERM_DEPOSIT,2018-05-12,,OPEN,2026-01-15T00:00:00
A000354,P000416,HOME_LOAN,2017-04-17,,OPEN,2026-01-15T00:00:00
A000355,P000713,SAVINGS,2024-08-18,2026-02-15,CLOSED,2026-02-15T09:00:00
A000356,P000877,TRANSACTION,2025-08-10,,DORMANT,2026-01-15T00:00:00
A000357,P001991,TERM_DEPOSIT,2020-04-12,,OPEN,2026-01-15T00:00:00
A000358,P000614,HOME_LOAN,2025-03-28,,OPEN,2026-01-15T00:00:00
A000359,P001339,TERM_DEPOSIT,2024-11-27,2030-01-03,CLOSED,2026-01-15T00:00:00
A000360,P000356,HOME_LOAN,2019-01-22,2026-01-15,CLOSED,2026-01-15T09:00:00
A000361,P001536,SAVINGS,2021-12-06,,OPEN,2026-01-15T00:00:00
A000362,P000697,SAVINGS,2021-10-07,2026-02-15,CLOSED,2026-02-15T09:00:00
A000363,P000144,TRANSACTION,2025-06-12,,OPEN,2026-01-15T00:00:00
A000364,P000997,HOME_LOAN,2025-04-18,,OPEN,2026-01-15T00:00:00
A000365,P000039,CREDIT_CARD,2019-06-26,,OPEN,2026-01-15T00:00:00
A000366,P001871,HOME_LOAN,2019-07-22,,OPEN,2026-02-15T09:00:00
A000367,P000792,CREDIT_CARD,2025-04-20,,OPEN,2026-01-15T00:00:00
A000368,P001593,SAVINGS,2020-08-09,,OPEN,2026-01-15T00:00:00
A000369,P001422,SAVINGS,2020-08-03,,OPEN,2026-01-15T00:00:00
A000370,P000446,SAVINGS,2017-12-03,,DORMANT,2026-01-15T00:00:00
A000371,P000628,HOME_LOAN,2019-07-26,,DORMANT,2026-01-15T00:00:00
A000372,P000767,SAVINGS,2018-02-14,2018-05-27,CLOSED,2026-01-15T00:00:00
A000373,P000938,CREDIT_CARD,2025-12-05,,OPEN,2026-01-15T00:00:00
A000374,P000321,TERM_DEPOSIT,2017-06-14,,DORMANT,2026-01-15T00:00:00
A000375,P000329,TERM_DEPOSIT,2022-04-13,,OPEN,2026-01-15T00:00:00
A000376,P001010,SAVINGS,2016-09-01,,OPEN,2026-01-15T00:00:00
A000377,P000266,CREDIT_CARD,2021-09-14,,OPEN,2026-01-15T00:00:00
A000378,P000940,HOME_LOAN,2023-11-25,,OPEN,2026-01-15T00:00:00
A000379,P000125,SAVINGS,2023-02-07,,OPEN,2026-01-15T00:00:00
A000380,P001438,SAVINGS,2018-07-17,,DORMANT,2026-01-15T00:00:00
A000381,P000630,TERM_DEPOSIT,2023-07-04,,OPEN,2026-01-15T00:00:00
A000382,P000031,TRANSACTION,2016-05-11,,OPEN,2026-01-15T00:00:00
A000383,P001833,CREDIT_CARD,2019-07-21,,OPEN,2026-02-15T09:00:00
A000384,P000729,SAVINGS,2016-07-20,,OPEN,2026-01-15T00:00:00
A000385,P001964,HOME_LOAN,2025-11-23,,OPEN,2026-01-15T00:00:00
A000386,P001045,TERM_DEPOSIT,2019-09-23,,DORMANT,2026-01-15T00:00:00
A000387,P001815,TRANSACTION,2023-03-27,,OPEN,2026-01-15T00:00:00
A000388,P000909,SAVINGS,2024-12-19,,OPEN,2026-01-15T00:00:00
A000389,P001899,TRANSACTION,2017-01-18,,OPEN,2026-01-15T00:00:00
A000390,P000685,CREDIT_CARD,2022-10-20,,OPEN,2026-01-15T09:00:00
A000391,P001152,HOME_LOAN,2022-03-19,,OPEN,2026-01-15T00:00:00
A000392,P000923,TERM_DEPOSIT,2017-02-06,2022-01-26,CLOSED,2026-01-15T00:00:00
A000393,P000179,SAVINGS,2019-08-14,,DORMANT,2026-01-15T00:00:00
A000394,P001579,CREDIT_CARD,2019-04-22,,OPEN,2026-01-15T00:00:00
A000395,P000095,SAVINGS,2022-06-19,,OPEN,2026-01-15T00:00:00
A000396,P001374,SAVINGS,2016-07-03,,OPEN,2026-01-15T00:00:00
A000397,P001421,SAVINGS,2017-01-07,,OPEN,2026-01-15T00:00:00
A000398,P001066,SAVINGS,2020-10-29,,OPEN,2026-01-15T00:00:00
A000399,P000948,TRANSACTION,2025-02-01,,OPEN,2026-01-15T00:00:00
A000400,P000002,CREDIT_CARD,2018-03-02,,OPEN,2026-01-15T00:00:00
A000401,P000705,SAVINGS,2024-09-03,,OPEN,2026-01-15T00:00:00
A000402,P001127,TRANSACTION,2023-06-06,2026-02-15,CLOSED,2026-02-15T09:00:00
A000403,P001434,SAVINGS,2023-12-06,2026-02-15,CLOSED,2026-02-15T09:00:00
A000404,P001245,SAVINGS,2024-11-06,,OPEN,2026-01-15T00:00:00
A000405,P001864,HOME_LOAN,2025-03-15,,OPEN,2026-02-15T09:00:00
A000406,P001173,CREDIT_CARD,2017-02-23,,OPEN,2026-01-15T00:00:00
A000407,P000749,HOME_LOAN,2017-11-08,,OPEN,2026-01-15T00:00:00
A000408,P001582,TRANSACTION,2024-11-25,,OPEN,2026-01-15T00:00:00
A000409,P001096,TERM_DEPOSIT,2020-04-26,,OPEN,2026-01-15T00:00:00
A000410,P000167,HOME_LOAN,2022-03-26,2026-02-15,CLOSED,2026-02-15T09:00:00
A000411,P001535,CREDIT_CARD,2016-01-31,,OPEN,2026-01-15T00:00:00
A000412,P000342,TRANSACTION,2018-03-21,2020-07-09,CLOSED,2026-01-15T00:00:00
A000413,P001451,TRANSACTION,2019-09-22,,OPEN,2026-01-15T00:00:00
A000414,P000695,SAVINGS,2017-07-18,2020-05-23,CLOSED,2026-01-15T00:00:00
A000415,P001432,HOME_LOAN,2019-12-17,,OPEN,2026-01-15T00:00:00
A000416,P001121,CREDIT_CARD,2016-05-03,,OPEN,2026-01-15T00:00:00
A000417,P001041,HOME_LOAN,2019-02-18,,DORMANT,2026-01-15T00:00:00
A000418,P001645,HOME_LOAN,2020-07-31,,DORMANT,2026-01-15T00:00:00
A000419,P001806,TERM_DEPOSIT,2022-11-12,,OPEN,2026-01-15T00:00:00
A000420,P000196,HOME_LOAN,2016-03-30,,OPEN,2026-01-15T00:00:00
A000421,P001544,CREDIT_CARD,2024-05-30,2026-01-15,CLOSED,2026-01-15T09:00:00
A000422,P000363,HOME_LOAN,2024-02-20,,OPEN,2026-01-15T00:00:00
A000423,P001099,SAVINGS,2023-07-25,,OPEN,2026-01-15T00:00:00
A000424,P000468,SAVINGS,2018-12-12,,DORMANT,2026-01-15T00:00:00
A000425,P000121,TERM_DEPOSIT,2018-07-13,,DORMANT,2026-01-15T00:00:00
A000426,P000997,TERM_DEPOSIT,2024-12-18,2026-02-15,CLOSED,2026-02-15T09:00:00
A000427,P000269,HOME_LOAN,2018-08-13,,OPEN,2026-01-15T00:00:00
A000428,P000863,TERM_DEPOSIT,2017-07-29,,OPEN,2026-01-15T00:00:00
A000429,P000401,TRANSACTION,2019-06-27,,OPEN,2026-01-15T00:00:00
A000430,P001284,TRANSACTION,2018-05-30,,OPEN,2026-01-15T00:00:00
A000431,P000425,TRANSACTION,2024-07-12,,OPEN,2026-01-15T00:00:00
A000432,P001425,SAVINGS,2022-11-08,,DORMANT,2026-01-15T00:00:00
A000433,P000267,CREDIT_CARD,2023-07-03,,DORMANT,2026-01-15T00:00:00
A000434,P001905,SAVINGS,2020-05-17,,OPEN,2026-01-15T00:00:00
A000435,P000499,TERM_DEPOSIT,2018-02-28,,DORMANT,2026-02-15T09:00:00
A000436,P001840,SAVINGS,2017-11-28,,OPEN,2026-01-15T00:00:00
A000437,P000687,TRANSACTION,2020-04-25,,OPEN,2026-01-15T00:00:00
A000438,P000403,TRANSACTION,2021-05-24,2026-01-15,CLOSED,2026-01-15T09:00:00
A000439,P000117,TERM_DEPOSIT,2018-04-23,2022-06-25,CLOSED,2026-01-15T00:00:00
A000440,P001914,CREDIT_CARD,2017-01-24,,OPEN,2026-01-15T00:00:00
A000441,P000814,HOME_LOAN,2020-11-01,,OPEN,2026-01-15T00:00:00
A000442,P000459,SAVINGS,2024-11-18,,OPEN,2026-01-15T00:00:00
A000443,P000046,SAVINGS,2017-05-07,,OPEN,2026-01-15T00:00:00
A000444,P001398,TRANSACTION,2019-04-02,,OPEN,2026-01-15T00:00:00
A000445,P001771,HOME_LOAN,2020-09-10,,OPEN,2026-01-15T00:00:00
A000446,P000325,HOME_LOAN,2025-07-02,,DORMANT,2026-01-15T00:00:00
A000447,P000446,TRANSACTION,2017-07-23,2023-01-06,CLOSED,2026-01-15T00:00:00
A000448,P000507,HOME_LOAN,2017-02-25,,OPEN,2026-01-15T00:00:00
A000449,P001269,CREDIT_CARD,2016-10-01,,OPEN,2026-01-15T00:00:00
A000450,P001162,TRANSACTION,2021-07-25,,OPEN,2026-01-15T00:00:00
A000451,P001922,TRANSACTION,2016-12-21,,DORMANT,2026-01-15T00:00:00
A000452,P001026,TRANSACTION,2021-04-02,,OPEN,2026-01-15T00:00:00
A000453,P001812,TERM_DEPOSIT,2021-11-05,,OPEN,2026-01-15T00:00:00
A000454,P001985,CREDIT_CARD,2016-07-11,,OPEN,2026-01-15T00:00:00
A000455,P001796,TRANSACTION,2020-10-17,2023-02-08,CLOSED,2026-01-15T00:00:00
A000456,P001904,SAVINGS,2023-05-04,,OPEN,2026-01-15T00:00:00
A000457,P001646,CREDIT_CARD,2025-01-06,,OPEN,2026-01-15T00:00:00
A000458,P000620,HOME_LOAN,2021-11-25,,OPEN,2026-01-15T00:00:00
A000459,P001604,TERM_DEPOSIT,2022-09-28,,OPEN,2026-01-15T00:00:00
A000460,P000903,CREDIT_CARD,2022-08-04,,OPEN,2026-01-15T00:00:00
A000461,P001402,TERM_DEPOSIT,2021-07-27,2025-02-14,CLOSED,2026-01-15T00:00:00
A000462,P000460,HOME_LOAN,2017-04-28,,OPEN,2026-01-15T00:00:00
A000463,P000619,HOME_LOAN,2021-04-14,2026-01-15,CLOSED,2026-01-15T09:00:00
A000464,P000388,SAVINGS,2021-09-25,,OPEN,2026-01-15T00:00:00
A000465,P000275,CREDIT_CARD,2016-06-19,,DORMANT,2026-01-15T09:00:00
A000466,P000181,TERM_DEPOSIT,2016-01-26,,DORMANT,2026-01-15T00:00:00
A000467,P001609,CREDIT_CARD,2024-04-24,,OPEN,2026-01-15T00:00:00
A000468,P001697,TERM_DEPOSIT,2018-07-01,,OPEN,2026-01-15T00:00:00
A000469,P000656,TERM_DEPOSIT,2018-08-14,,OPEN,2026-01-15T00:00:00
A000470,P001390,HOME_LOAN,2018-05-29,,OPEN,2026-01-15T00:00:00
A000471,P001815,TRANSACTION,2016-06-04,,OPEN,2026-01-15T00:00:00
A000472,P001943,HOME_LOAN,2019-12-22,,OPEN,2026-01-15T00:00:00
A000473,P001515,HOME_LOAN,2018-04-03,,OPEN,2026-01-15T00:00:00
A000474,P000491,TERM_DEPOSIT,2021-05-22,,OPEN,2026-01-15T00:00:00
A000475,P001347,HOME_LOAN,2016-10-03,,OPEN,2026-01-15T00:00:00
A000476,P000539,SAVINGS,2019-07-23,,OPEN,2026-01-15T00:00:00
A000477,P001648,SAVINGS,2023-09-15,,OPEN,2026-01-15T00:00:00
A000478,P001971,TERM_DEPOSIT,2024-06-16,,OPEN,2026-01-15T00:00:00
A000479,P000382,TERM_DEPOSIT,2020-10-16,2024-09-10,CLOSED,2026-01-15T00:00:00
A000480,P000483,SAVINGS,2025-04-25,,OPEN,2026-01-15T00:00:00
A000481,P000414,TRANSACTION,2023-03-17,,OPEN,2026-01-15T00:00:00
A000482,P000158,TRANSACTION,2016-11-20,,DORMANT,2026-01-15T09:00:00
A000483,P001737,HOME_LOAN,2018-01-14,,DORMANT,2026-01-15T00:00:00
A000484,P000765,TERM_DEPOSIT,2020-05-11,,OPEN,2026-01-15T09:00:00
A000485,P001594,CREDIT_CARD,2021-10-24,,DORMANT,2026-01-15T00:00:00
A000486,P000550,CREDIT_CARD,2018-03-23,,DORMANT,2026-02-15T09:00:00
A000487,P000822,HOME_LOAN,2022-04-01,,OPEN,2026-01-15T00:00:00
A000488,P001633,TERM_DEPOSIT,2017-12-22,,DORMANT,2026-01-15T00:00:00
A000489,P001846,TERM_DEPOSIT,2017-11-12,,OPEN,2026-01-15T00:00:00
A000490,P000491,CREDIT_CARD,2023-09-22,,OPEN,2026-01-15T00:00:00
A000491,P001755,TERM_DEPOSIT,2021-10-20,,OPEN,2026-01-15T00:00:00
A000492,P001491,HOME_LOAN,2021-07-21,,OPEN,2026-01-15T09:00:00
A000493,P001970,TRANSACTION,2017-03-31,,OPEN,2026-01-15T00:00:00
A000494,P000574,SAVINGS,2021-02-16,,OPEN,2026-01-15T00:00:00
A000495,P000584,TERM_DEPOSIT,2025-01-27,,OPEN,2026-01-15T00:00:00
A000496,P001860,TRANSACTION,2025-09-17,,OPEN,2026-01-15T00:00:00
A000497,P001717,HOME_LOAN,2019-07-16,2026-01-15,CLOSED,2026-01-15T09:00:00
A000498,P001668,TERM_DEPOSIT,2022-07-11,,OPEN,2026-01-15T00:00:00
A000499,P001220,SAVINGS,2023-11-18,,OPEN,2026-01-15T00:00:00
A000500,P000760,HOME_LOAN,2022-05-03,,OPEN,2026-01-15T00:00:00
A000501,P001729,CREDIT_CARD,2021-09-07,,OPEN,2026-01-15T00:00:00
A000502,P001889,SAVINGS,2023-12-03,,OPEN,2026-01-15T00:00:00
A000503,P000565,SAVINGS,2025-10-22,,OPEN,2026-01-15T00:00:00
A000504,P001469,HOME_LOAN,2023-04-10,,OPEN,2026-01-15T00:00:00
A000505,P000788,TRANSACTION,2024-08-17,,OPEN,2026-02-15T09:00:00
A000506,P001367,TERM_DEPOSIT,2016-11-01,,OPEN,2026-01-15T00:00:00
A000507,P000400,SAVINGS,2018-08-30,,OPEN,2026-01-15T00:00:00
A000508,P001927,CREDIT_CARD,2017-01-26,,DORMANT,2026-01-15T00:00:00
A000509,P001590,TERM_DEPOSIT,2016-10-20,,OPEN,2026-01-15T00:00:00
A000510,P001658,TRANSACTION,2022-06-30,,OPEN,2026-01-15T00:00:00
A000511,P000450,CREDIT_CARD,2020-11-18,,OPEN,2026-01-15T00:00:00
A000512,P001858,TRANSACTION,2023-06-05,,OPEN,2026-01-15T00:00:00
A000513,P001405,TRANSACTION,2025-08-16,,OPEN,2026-01-15T00:00:00
A000514,P001683,TERM_DEPOSIT,2020-05-26,,DORMANT,2026-01-15T00:00:00
A000515,P000246,TRANSACTION,2024-02-01,,OPEN,2026-01-15T00:00:00
A000516,P000914,TRANSACTION,2021-10-30,,OPEN,2026-01-15T00:00:00
A000517,P000320,SAVINGS,2019-09-18,,OPEN,2026-01-15T00:00:00
A000518,P001347,TERM_DEPOSIT,2021-11-22,,DORMANT,2026-01-15T00:00:00
A000519,P000886,HOME_LOAN,2017-09-02,,DORMANT,2026-01-15T00:00:00
A000520,P000546,CREDIT_CARD,2017-01-06,,OPEN,2026-01-15T00:00:00
A000521,P000397,SAVINGS,2025-05-31,,OPEN,2026-01-15T00:00:00
A000522,P001670,TRANSACTION,2016-03-16,,OPEN,2026-01-15T00:00:00
A000523,P001631,TERM_DEPOSIT,2018-03-16,,OPEN,2026-01-15T00:00:00
A000524,P000302,SAVINGS,2016-02-22,,OPEN,2026-01-15T00:00:00
A000525,P000270,HOME_LOAN,2020-12-21,,OPEN,2026-01-15T09:00:00
A000526,P000663,CREDIT_CARD,2021-02-19,,OPEN,2026-01-15T00:00:00
A000527,P000006,TRANSACTION,2023-11-06,,OPEN,2026-01-15T00:00:00
A000528,P001322,TRANSACTION,2022-11-01,,DORMANT,2026-01-15T00:00:00
A000529,P000731,SAVINGS,2017-05-26,,OPEN,2026-01-15T00:00:00
A000530,P001099,TRANSACTION,2016-11-01,,OPEN,2026-01-15T00:00:00
A000531,P000752,TERM_DEPOSIT,2025-09-07,,DORMANT,2026-01-15T00:00:00
A000532,P000093,TRANSACTION,2018-09-06,,OPEN,2026-01-15T00:00:00
A000533,P000990,SAVINGS,2025-09-04,,DORMANT,2026-01-15T00:00:00
A000534,P000633,SAVINGS,2017-10-12,,OPEN,2026-01-15T00:00:00
A000535,P001734,SAVINGS,2022-05-17,2026-01-15,CLOSED,2026-01-15T09:00:00
A000536,P001237,TERM_DEPOSIT,2024-08-12,,OPEN,2026-01-15T00:00:00
A000537,P001417,TRANSACTION,2023-06-02,2027-11-23,CLOSED,2026-01-15T00:00:00
A000538,P001083,TRANSACTION,2023-07-09,,OPEN,2026-01-15T00:00:00
A000539,P001860,TRANSACTION,2020-06-01,2021-09-10,DORMANT,2026-01-15T09:00:00
A000540,P001274,TERM_DEPOSIT,2024-08-05,,OPEN,2026-01-15T00:00:00
A000541,P001061,CREDIT_CARD,2022-01-09,,OPEN,2026-01-15T00:00:00
A000542,P000054,HOME_LOAN,2023-12-27,,DORMANT,2026-01-15T00:00:00
A000543,P001487,CREDIT_CARD,2018-09-23,,OPEN,2026-01-15T00:00:00
A000544,P000261,TERM_DEPOSIT,2017-03-02,,OPEN,2026-01-15T00:00:00
A000545,P001829,SAVINGS,2019-01-22,,OPEN,2026-01-15T00:00:00
A000546,P000308,CREDIT_CARD,2023-04-30,,OPEN,2026-01-15T00:00:00
A000547,P000389,HOME_LOAN,2023-06-01,,OPEN,2026-01-15T09:00:00
A000548,P000002,TERM_DEPOSIT,2019-03-12,,OPEN,2026-01-15T00:00:00
A000549,P001415,SAVINGS,2021-11-18,,DORMANT,2026-01-15T00:00:00
A000550,P000264,SAVINGS,2017-03-11,,OPEN,2026-01-15T09:00:00
A000551,P001038,TERM_DEPOSIT,2021-03-19,,OPEN,2026-01-15T00:00:00
A000552,P000187,TRANSACTION,2025-07-27,,OPEN,2026-01-15T00:00:00
A000553,P000093,HOME_LOAN,2019-10-12,2020-12-28,CLOSED,2026-01-15T00:00:00
A000554,P001613,TRANSACTION,2021-08-06,,OPEN,2026-01-15T00:00:00
A000555,P000324,SAVINGS,2017-05-21,,OPEN,2026-01-15T00:00:00
A000556,P000028,CREDIT_CARD,2021-09-07,,OPEN,2026-01-15T00:00:00
A000557,P000204,TERM_DEPOSIT,2024-07-24,,OPEN,2026-01-15T00:00:00
A000558,P001686,HOME_LOAN,2018-09-23,,DORMANT,2026-01-15T00:00:00
A000559,P001143,HOME_LOAN,2023-06-20,,DORMANT,2026-01-15T00:00:00
A000560,P001446,TRANSACTION,2018-11-14,2023-11-07,CLOSED,2026-01-15T00:00:00
A000561,P001724,CREDIT_CARD,2020-06-06,,OPEN,2026-01-15T00:00:00
A000562,P001093,TERM_DEPOSIT,2018-01-10,,OPEN,2026-01-15T00:00:00
A000563,P000410,TERM_DEPOSIT,2017-03-21,,OPEN,2026-01-15T00:00:00
A000564,P000268,SAVINGS,2020-12-30,,OPEN,2026-01-15T00:00:00
A000565,P001974,SAVINGS,2023-08-10,2027-08-23,CLOSED,2026-01-15T00:00:00
A000566,P000330,HOME_LOAN,2024-03-31,,OPEN,2026-01-15T00:00:00
A000567,P001544,HOME_LOAN,2025-10-08,,OPEN,2026-01-15T00:00:00
A000568,P000315,TERM_DEPOSIT,2022-09-07,,OPEN,2026-01-15T00:00:00
A000569,P001757,HOME_LOAN,2019-09-05,2020-09-14,CLOSED,2026-01-15T00:00:00
A000570,P001403,SAVINGS,2017-11-30,,DORMANT,2026-01-15T00:00:00
A000571,P000724,CREDIT_CARD,2023-12-16,,OPEN,2026-01-15T00:00:00
A000572,P001681,HOME_LOAN,2025-04-26,,OPEN,2026-01-15T00:00:00
A000573,P001343,TRANSACTION,2022-03-05,,OPEN,2026-01-15T00:00:00
A000574,P001837,CREDIT_CARD,2021-08-04,2026-02-15,CLOSED,2026-02-15T09:00:00
A000575,P000136,TRANSACTION,2016-04-07,,OPEN,2026-01-15T00:00:00
A000576,P000812,CREDIT_CARD,2019-12-31,2026-01-15,CLOSED,2026-01-15T09:00:00
A000577,P000483,TRANSACTION,2022-11-13,,OPEN,2026-01-15T00:00:00
A000578,P000469,HOME_LOAN,2020-07-07,,OPEN,2026-01-15T00:00:00
A000579,P001337,HOME_LOAN,2022-07-17,,OPEN,2026-01-15T00:00:00
A000580,P001819,TRANSACTION,2022-04-30,,OPEN,2026-01-15T00:00:00
A000581,P000357,CREDIT_CARD,2023-06-30,,OPEN,2026-01-15T00:00:00
A000582,P001606,TERM_DEPOSIT,2018-07-19,,OPEN,2026-01-15T00:00:00
A000583,P001169,CREDIT_CARD,2018-07-07,,OPEN,2026-01-15T00:00:00
A000584,P000129,TERM_DEPOSIT,2018-08-05,,OPEN,2026-01-15T00:00:00
A000585,P000975,TRANSACTION,2017-10-07,,OPEN,2026-01-15T00:00:00
A000586,P001164,TRANSACTION,2021-11-27,,OPEN,2026-01-15T00:00:00
A000587,P001282,TRANSACTION,2016-12-30,,OPEN,2026-01-15T00:00:00
A000588,P001475,TERM_DEPOSIT,2021-10-30,,OPEN,2026-01-15T00:00:00
A000589,P001569,TERM_DEPOSIT,2025-02-25,,OPEN,2026-01-15T00:00:00
A000590,P000034,HOME_LOAN,2022-04-05,,OPEN,2026-01-15T00:00:00
A000591,P001476,CREDIT_CARD,2018-06-10,,OPEN,2026-01-15T00:00:00
A000592,P001210,TERM_DEPOSIT,2019-04-26,2022-01-03,CLOSED,2026-01-15T00:00:00
A000593,P001648,SAVINGS,2019-10-28,,OPEN,2026-01-15T00:00:00
A000594,P000001,SAVINGS,2025-04-14,,OPEN,2026-01-15T00:00:00
A000595,P000890,SAVINGS,2025-10-03,,OPEN,2026-01-15T00:00:00
A000596,P001275,CREDIT_CARD,2018-06-26,,OPEN,2026-01-15T00:00:00
A000597,P001355,TRANSACTION,2024-11-18,,OPEN,2026-01-15T09:00:00
A000598,P001926,SAVINGS,2024-04-12,,OPEN,2026-01-15T00:00:00
A000599,P001467,CREDIT_CARD,2019-07-20,,OPEN,2026-01-15T00:00:00
A000600,P001089,HOME_LOAN,2019-01-02,,OPEN,2026-01-15T00:00:00
A000601,P000074,HOME_LOAN,2018-09-13,,OPEN,2026-01-15T00:00:00
A000602,P000151,SAVINGS,2020-02-03,,DORMANT,2026-01-15T09:00:00
A000603,P000990,SAVINGS,2021-03-06,,OPEN,2026-01-15T00:00:00
A000604,P001577,SAVINGS,2025-01-23,,OPEN,2026-01-15T00:00:00
A000605,P000797,TRANSACTION,2024-06-24,,OPEN,2026-01-15T00:00:00
A000606,P001424,HOME_LOAN,2020-10-18,2023-12-08,CLOSED,2026-01-15T09:00:00
A000607,P001328,HOME_LOAN,2019-12-18,,OPEN,2026-01-15T00:00:00
A000608,P001721,SAVINGS,2021-03-31,,OPEN,2026-01-15T00:00:00
A000609,P001843,TERM_DEPOSIT,2018-11-19,,OPEN,2026-01-15T00:00:00
A000610,P000187,CREDIT_CARD,2023-09-07,,OPEN,2026-01-15T00:00:00
A000611,P000063,HOME_LOAN,2022-04-10,,OPEN,2026-01-15T00:00:00
A000612,P001184,TERM_DEPOSIT,2018-06-04,,OPEN,2026-01-15T00:00:00
A000613,P000296,TRANSACTION,2023-12-03,,OPEN,2026-01-15T00:00:00
A000614,P000141,TERM_DEPOSIT,2024-03-07,,OPEN,2026-01-15T00:00:00
A000615,P000714,CREDIT_CARD,2016-07-07,,OPEN,2026-01-15T00:00:00
A000616,P000579,HOME_LOAN,2016-11-26,,OPEN,2026-01-15T00:00:00
A000617,P001887,TERM_DEPOSIT,2018-10-13,,OPEN,2026-01-15T00:00:00
A000618,P000102,TRANSACTION,2020-07-30,,OPEN,2026-01-15T00:00:00
A000619,P001149,CREDIT_CARD,2024-05-21,,OPEN,2026-01-15T00:00:00
A000620,P001115,CREDIT_CARD,2021-07-10,,OPEN,2026-01-15T00:00:00
A000621,P001172,CREDIT_CARD,2020-05-23,,OPEN,2026-01-15T00:00:00
A000622,P000633,TRANSACTION,2019-04-23,,OPEN,2026-01-15T00:00:00
A000623,P000789,TERM_DEPOSIT,2021-04-02,,DORMANT,2026-01-15T00:00:00
A000624,P000069,TERM_DEPOSIT,2021-03-05,,OPEN,2026-01-15T00:00:00
A000625,P000047,CREDIT_CARD,2016-05-04,,OPEN,2026-01-15T00:00:00
A000626,P001431,SAVINGS,2023-03-22,,OPEN,2026-01-15T00:00:00
A000627,P001205,CREDIT_CARD,2020-09-07,,OPEN,2026-01-15T00:00:00
A000628,P001262,SAVINGS,2022-11-27,,OPEN,2026-01-15T00:00:00
A000629,P000225,HOME_LOAN,2020-10-01,,OPEN,2026-01-15T00:00:00
A000630,P001165,CREDIT_CARD,2018-09-02,,OPEN,2026-01-15T00:00:00
A000631,P000101,TERM_DEPOSIT,2023-06-18,,OPEN,2026-01-15T00:00:00
A000632,P000016,SAVINGS,2019-04-21,,OPEN,2026-01-15T00:00:00
A000633,P000330,HOME_LOAN,2021-10-31,,OPEN,2026-01-15T00:00:00
A000634,P001381,SAVINGS,2024-02-26,,OPEN,2026-01-15T00:00:00
A000635,P000160,TERM_DEPOSIT,2021-03-05,,OPEN,2026-01-15T00:00:00
A000636,P001074,HOME_LOAN,2019-01-27,,OPEN,2026-01-15T00:00:00
A000637,P001167,TERM_DEPOSIT,2016-06-05,,OPEN,2026-01-15T00:00:00
A000638,P001889,TERM_DEPOSIT,2019-02-06,,OPEN,2026-01-15T00:00:00
A000639,P000507,TERM_DEPOSIT,2021-04-26,,OPEN,2026-01-15T00:00:00
A000640,P001791,TERM_DEPOSIT,2022-04-03,,OPEN,2026-01-15T00:00:00
A000641,P001452,TERM_DEPOSIT,2017-08-08,,OPEN,2026-01-15T00:00:00
A000642,P001836,TERM_DEPOSIT,2017-02-24,,OPEN,2026-01-15T00:00:00
A000643,P001166,HOME_LOAN,2019-02-05,,OPEN,2026-01-15T00:00:00
A000644,P001244,SAVINGS,2019-05-10,,OPEN,2026-01-15T00:00:00
A000645,P001756,TERM_DEPOSIT,2016-08-10,,OPEN,2026-01-15T00:00:00
A000646,P000583,SAVINGS,2022-11-13,,OPEN,2026-01-15T00:00:00
A000647,P001796,CREDIT_CARD,2019-07-07,,DORMANT,2026-01-15T00:00:00
A000648,P001554,HOME_LOAN,2023-01-01,,OPEN,2026-01-15T00:00:00
A000649,P000097,HOME_LOAN,2024-01-15,,OPEN,2026-01-15T00:00:00
A000650,P000262,HOME_LOAN,2022-04-12,,OPEN,2026-01-15T00:00:00
A000651,P001915,SAVINGS,2017-11-07,,OPEN,2026-01-15T00:00:00
A000652,P001091,HOME_LOAN,2019-07-04,,OPEN,2026-01-15T00:00:00
A000653,P000552,TRANSACTION,2019-06-05,,OPEN,2026-01-15T09:00:00
A000654,P001981,TRANSACTION,2023-03-02,,OPEN,2026-01-15T00:00:00
A000655,P000264,TRANSACTION,2017-06-08,,OPEN,2026-01-15T00:00:00
A000656,P001762,CREDIT_CARD,2018-03-17,,OPEN,2026-01-15T00:00:00
A000657,P000669,TERM_DEPOSIT,2017-06-02,,OPEN,2026-01-15T00:00:00
A000658,P000394,TERM_DEPOSIT,2016-05-29,,OPEN,2026-01-15T00:00:00
A000659,P000845,TERM_DEPOSIT,2018-11-22,,OPEN,2026-01-15T00:00:00
A000660,P001199,SAVINGS,2022-03-08,,OPEN,2026-01-15T00:00:00
A000661,P000076,SAVINGS,2016-04-28,,OPEN,2026-01-15T00:00:00
A000662,P000569,HOME_LOAN,2025-11-05,,OPEN,2026-01-15T00:00:00
A000663,P000781,TRANSACTION,2021-02-08,2026-01-15,CLOSED,2026-01-15T09:00:00
A000664,P000457,HOME_LOAN,2024-04-18,,OPEN,2026-01-15T00:00:00
A000665,P000289,TERM_DEPOSIT,2025-05-07,,DORMANT,2026-01-15T00:00:00
A000666,P000235,SAVINGS,2024-10-06,,OPEN,2026-01-15T00:00:00
A000667,P000682,CREDIT_CARD,2017-09-24,,DORMANT,2026-01-15T00:00:00
A000668,P001447,HOME_LOAN,2016-04-07,,OPEN,2026-01-15T00:00:00
A000669,P001192,TERM_DEPOSIT,2021-07-26,,OPEN,2026-01-15T00:00:00
A000670,P000965,TRANSACTION,2018-12-01,,OPEN,2026-01-15T00:00:00
A000671,P001988,TRANSACTION,2019-09-25,,DORMANT,2026-01-15T00:00:00
A000672,P001934,TRANSACTION,2019-07-12,,OPEN,2026-01-15T00:00:00
A000673,P001131,TERM_DEPOSIT,2023-01-12,,DORMANT,2026-01-15T09:00:00
A000674,P000670,CREDIT_CARD,2023-11-03,,OPEN,2026-01-15T00:00:00
A000675,P000148,SAVINGS,2021-08-11,,OPEN,2026-02-15T09:00:00
A000676,P000098,SAVINGS,2019-11-18,,OPEN,2026-01-15T00:00:00
A000677,P000390,CREDIT_CARD,2022-08-20,,DORMANT,2026-01-15T00:00:00
A000678,P001517,SAVINGS,2024-03-11,,DORMANT,2026-01-15T00:00:00
A000679,P000399,TERM_DEPOSIT,2025-08-01,,DORMANT,2026-01-15T00:00:00
A000680,P000542,CREDIT_CARD,2020-10-30,,OPEN,2026-01-15T00:00:00
A000681,P000038,TERM_DEPOSIT,2023-08-18,,OPEN,2026-01-15T00:00:00
A000682,P001462,HOME_LOAN,2023-05-11,,OPEN,2026-01-15T00:00:00
A000683,P001419,CREDIT_CARD,2021-04-19,,OPEN,2026-01-15T00:00:00
A000684,P001702,TRANSACTION,2017-03-13,2026-02-15,CLOSED,2026-02-15T09:00:00
A000685,P001846,TERM_DEPOSIT,2025-08-05,,OPEN,2026-01-15T00:00:00
A000686,P000288,HOME_LOAN,2017-12-27,,OPEN,2026-01-15T00:00:00
A000687,P001542,HOME_LOAN,2016-04-23,,OPEN,2026-01-15T00:00:00
A000688,P001648,TRANSACTION,2025-05-25,,OPEN,2026-01-15T00:00:00
A000689,P000997,CREDIT_CARD,2018-09-16,2026-02-15,CLOSED,2026-02-15T09:00:00
A000690,P000539,SAVINGS,2022-10-02,,OPEN,2026-01-15T00:00:00
A000691,P001723,TERM_DEPOSIT,2025-07-16,,OPEN,2026-01-15T00:00:00
A000692,P001098,TERM_DEPOSIT,2025-04-21,,OPEN,2026-01-15T00:00:00
A000693,P001669,HOME_LOAN,2025-06-07,,OPEN,2026-01-15T00:00:00
A000694,P000864,CREDIT_CARD,2019-02-15,,DORMANT,2026-01-15T00:00:00
A000695,P001539,TERM_DEPOSIT,2022-03-02,,OPEN,2026-01-15T00:00:00
A000696,P001888,SAVINGS,2017-10-10,,DORMANT,2026-01-15T00:00:00
A000697,P001065,SAVINGS,2023-09-24,,OPEN,2026-01-15T00:00:00
A000698,P000019,SAVINGS,2018-12-19,,OPEN,2026-01-15T00:00:00
A000699,P000821,HOME_LOAN,2025-10-11,,OPEN,2026-01-15T00:00:00
A000700,P001797,TRANSACTION,2024-10-01,,OPEN,2026-01-15T00:00:00
A000701,P000404,TERM_DEPOSIT,2023-05-21,,OPEN,2026-01-15T00:00:00
A000702,P000138,TRANSACTION,2021-05-19,,OPEN,2026-01-15T00:00:00
A000703,P001604,CREDIT_CARD,2018-06-11,,DORMANT,2026-01-15T00:00:00
A000704,P000021,CREDIT_CARD,2021-11-12,,DORMANT,2026-01-15T00:00:00
A000705,P001589,CREDIT_CARD,2016-05-12,,OPEN,2026-01-15T00:00:00
A000706,P001537,TERM_DEPOSIT,2019-02-14,,OPEN,2026-01-15T00:00:00
A000707,P000116,SAVINGS,2023-03-02,,DORMANT,2026-01-15T00:00:00
A000708,P000431,TRANSACTION,2022-11-04,,OPEN,2026-02-15T09:00:00
A000709,P000354,SAVINGS,2025-01-30,,DORMANT,2026-01-15T00:00:00
A000710,P001576,TERM_DEPOSIT,2017-09-20,,OPEN,2026-02-15T09:00:00
A000711,P000481,TRANSACTION,2016-10-22,,OPEN,2026-01-15T00:00:00
A000712,P001879,SAVINGS,2023-07-13,,OPEN,2026-01-15T09:00:00
A000713,P000606,CREDIT_CARD,2025-06-08,,OPEN,2026-01-15T00:00:00
A000714,P001637,HOME_LOAN,2025-03-13,,DORMANT,2026-01-15T00:00:00
A000715,P001878,TRANSACTION,2016-11-18,,OPEN,2026-01-15T00:00:00
A000716,P000333,SAVINGS,2024-12-09,,OPEN,2026-01-15T00:00:00
A000717,P000599,TRANSACTION,2018-07-15,,OPEN,2026-01-15T00:00:00
A000718,P000899,CREDIT_CARD,2016-01-30,,OPEN,2026-01-15T00:00:00
A000719,P001808,HOME_LOAN,2016-08-20,,OPEN,2026-01-15T00:00:00
A000720,P001962,TRANSACTION,2020-10-09,,OPEN,2026-01-15T00:00:00
A000721,P001315,CREDIT_CARD,2016-08-19,,DORMANT,2026-01-15T00:00:00
A000722,P000847,TRANSACTION,2022-05-11,,DORMANT,2026-01-15T00:00:00
A000723,P001230,SAVINGS,2018-12-25,,OPEN,2026-01-15T00:00:00
A000724,P000736,HOME_LOAN,2023-01-01,,OPEN,2026-01-15T00:00:00
A000725,P001885,CREDIT_CARD,2023-05-30,,OPEN,2026-01-15T00:00:00
A000726,P000960,SAVINGS,2024-03-25,,OPEN,2026-01-15T00:00:00
A000727,P001906,TRANSACTION,2022-02-25,,OPEN,2026-01-15T00:00:00
A000728,P001226,TRANSACTION,2023-12-11,,OPEN,2026-01-15T00:00:00
A000729,P001601,TERM_DEPOSIT,2016-12-16,2019-04-14,DORMANT,2026-01-15T09:00:00
A000730,P000577,TERM_DEPOSIT,2021-07-16,,OPEN,2026-01-15T00:00:00
A000731,P000301,SAVINGS,2020-04-09,,OPEN,2026-01-15T00:00:00
A000732,P000384,CREDIT_CARD,2020-07-07,,OPEN,2026-01-15T00:00:00
A000733,P000156,SAVINGS,2019-07-13,,OPEN,2026-01-15T00:00:00
A000734,P000176,TRANSACTION,2024-11-03,,OPEN,2026-01-15T00:00:00
A000735,P001978,HOME_LOAN,2024-08-15,,OPEN,2026-01-15T00:00:00
A000736,P000709,HOME_LOAN,2025-06-28,,OPEN,2026-01-15T00:00:00
A000737,P001521,HOME_LOAN,2021-04-18,,DORMANT,2026-01-15T00:00:00
A000738,P001824,TRANSACTION,2025-05-26,,OPEN,2026-01-15T00:00:00
A000739,P001767,CREDIT_CARD,2020-11-11,,DORMANT,2026-01-15T00:00:00
A000740,P001634,SAVINGS,2022-09-10,,OPEN,2026-01-15T00:00:00
A000741,P000212,HOME_LOAN,2019-04-02,,OPEN,2026-01-15T00:00:00
A000742,P001422,TERM_DEPOSIT,2019-01-05,,OPEN,2026-01-15T00:00:00
A000743,P001505,TRANSACTION,2023-12-18,,OPEN,2026-01-15T00:00:00
A000744,P000359,SAVINGS,2020-06-02,,OPEN,2026-01-15T00:00:00
A000745,P001532,TERM_DEPOSIT,2020-06-09,,DORMANT,2026-01-15T00:00:00
A000746,P000930,SAVINGS,2023-02-27,,OPEN,2026-01-15T00:00:00
A000747,P001755,TERM_DEPOSIT,2024-02-16,,OPEN,2026-01-15T00:00:00
A000748,P000769,SAVINGS,2024-04-13,,OPEN,2026-01-15T00:00:00
A000749,P001403,TERM_DEPOSIT,2021-09-25,,OPEN,2026-01-15T00:00:00
A000750,P000783,SAVINGS,2019-05-01,,DORMANT,2026-01-15T00:00:00
A000751,P000003,HOME_LOAN,2023-10-09,,OPEN,2026-01-15T00:00:00
A000752,P001999,TERM_DEPOSIT,2016-10-20,,OPEN,2026-01-15T00:00:00
A000753,P001796,TRANSACTION,2022-08-29,,OPEN,2026-01-15T00:00:00
A000754,P001062,CREDIT_CARD,2022-07-17,2026-01-15,CLOSED,2026-01-15T09:00:00
A000755,P001889,TERM_DEPOSIT,2020-04-03,,OPEN,2026-01-15T00:00:00
A000756,P000042,SAVINGS,2025-10-29,,OPEN,2026-01-15T00:00:00
A000757,P001257,CREDIT_CARD,2025-11-04,,DORMANT,2026-01-15T00:00:00
A000758,P000715,TRANSACTION,2017-05-15,,OPEN,2026-01-15T00:00:00
A000759,P000641,SAVINGS,2019-02-04,,OPEN,2026-01-15T00:00:00
A000760,P001017,TERM_DEPOSIT,2017-02-14,,OPEN,2026-01-15T00:00:00
A000761,P000372,CREDIT_CARD,2018-12-18,,OPEN,2026-01-15T00:00:00
A000762,P000428,SAVINGS,2021-03-03,,OPEN,2026-01-15T00:00:00
A000763,P000648,CREDIT_CARD,2016-02-13,,OPEN,2026-01-15T00:00:00
A000764,P000926,CREDIT_CARD,2023-05-06,,OPEN,2026-01-15T00:00:00
A000765,P000349,SAVINGS,2020-08-22,,OPEN,2026-01-15T00:00:00
A000766,P000035,CREDIT_CARD,2021-12-08,,OPEN,2026-01-15T00:00:00
A000767,P000715,HOME_LOAN,2025-01-21,2026-02-15,CLOSED,2026-02-15T09:00:00
A000768,P001238,SAVINGS,2025-01-08,,OPEN,2026-01-15T00:00:00
A000769,P001172,SAVINGS,2025-08-25,,OPEN,2026-01-15T00:00:00
A000770,P000239,TRANSACTION,2024-04-07,,OPEN,2026-01-15T00:00:00
A000771,P001955,CREDIT_CARD,2022-05-05,,DORMANT,2026-01-15T00:00:00
A000772,P001211,TERM_DEPOSIT,2023-07-06,,OPEN,2026-01-15T00:00:00
A000773,P001435,HOME_LOAN,2022-06-02,,OPEN,2026-01-15T00:00:00
A000774,P000500,CREDIT_CARD,2021-06-13,,OPEN,2026-01-15T00:00:00
A000775,P000315,CREDIT_CARD,2018-06-19,,OPEN,2026-01-15T00:00:00
A000776,P001480,TERM_DEPOSIT,2024-01-11,,DORMANT,2026-01-15T00:00:00
A000777,P000368,TRANSACTION,2018-07-06,,OPEN,2026-01-15T00:00:00
A000778,P000686,TERM_DEPOSIT,2021-02-13,,OPEN,2026-01-15T00:00:00
A000779,P001323,HOME_LOAN,2018-12-20,,OPEN,2026-01-15T00:00:00
A000780,P000419,TRANSACTION,2022-02-24,,OPEN,2026-01-15T00:00:00
A000781,P001557,TRANSACTION,2023-06-17,2026-02-15,CLOSED,2026-02-15T09:00:00
A000782,P001094,SAVINGS,2025-06-21,,OPEN,2026-01-15T00:00:00
A000783,P000131,TRANSACTION,2018-01-22,,DORMANT,2026-01-15T00:00:00
A000784,P000193,SAVINGS,2023-12-23,,DORMANT,2026-01-15T00:00:00
A000785,P001534,TERM_DEPOSIT,2017-03-10,,OPEN,2026-01-15T00:00:00
A000786,P001809,TRANSACTION,2020-03-23,,OPEN,2026-01-15T00:00:00
A000787,P000314,CREDIT_CARD,2017-12-25,2026-01-15,CLOSED,2026-01-15T09:00:00
A000788,P001022,CREDIT_CARD,2019-11-13,,OPEN,2026-01-15T00:00:00
A000789,P000212,HOME_LOAN,2022-08-14,,DORMANT,2026-01-15T00:00:00
A000790,P000536,HOME_LOAN,2024-09-23,,OPEN,2026-01-15T00:00:00
A000791,P000633,TERM_DEPOSIT,2019-12-08,,OPEN,2026-01-15T00:00:00
A000792,P001713,TRANSACTION,2017-07-19,,OPEN,2026-01-15T00:00:00
A000793,P000363,HOME_LOAN,2025-06-25,,OPEN,2026-01-15T00:00:00
A000794,P001019,CREDIT_CARD,2020-04-28,,DORMANT,2026-01-15T00:00:00
A000795,P000500,TERM_DEPOSIT,2018-10-20,,OPEN,2026-01-15T00:00:00
A000796,P001508,CREDIT_CARD,2020-02-13,2026-02-15,CLOSED,2026-02-15T09:00:00
A000797,P001936,CREDIT_CARD,2018-10-22,,OPEN,2026-01-15T00:00:00
A000798,P001526,TRANSACTION,2017-07-24,,OPEN,2026-01-15T00:00:00
A000799,P000264,SAVINGS,2019-04-12,,OPEN,2026-01-15T00:00:00
A000800,P000228,HOME_LOAN,2022-08-21,,OPEN,2026-01-15T00:00:00
A000801,P000893,SAVINGS,2024-05-18,,OPEN,2026-01-15T00:00:00
A000802,P000374,TRANSACTION,2023-12-14,,OPEN,2026-01-15T09:00:00
A000803,P000093,TERM_DEPOSIT,2022-07-14,,OPEN,2026-01-15T00:00:00
A000804,P001089,SAVINGS,2024-02-17,,OPEN,2026-01-15T00:00:00
A000805,P000576,CREDIT_CARD,2017-01-13,2022-06-16,CLOSED,2026-01-15T00:00:00
A000806,P001163,TRANSACTION,2020-03-24,,DORMANT,2026-01-15T00:00:00
A000807,P001259,CREDIT_CARD,2024-12-13,,OPEN,2026-01-15T00:00:00
A000808,P000832,HOME_LOAN,2024-03-28,,DORMANT,2026-01-15T00:00:00
A000809,P001255,TERM_DEPOSIT,2019-02-15,,OPEN,2026-01-15T00:00:00
A000810,P000197,SAVINGS,2019-07-05,,DORMANT,2026-02-15T09:00:00
A000811,P000227,HOME_LOAN,2020-03-13,,OPEN,2026-02-15T09:00:00
A000812,P001792,CREDIT_CARD,2025-09-26,,OPEN,2026-01-15T00:00:00
A000813,P001510,SAVINGS,2021-03-23,,OPEN,2026-01-15T00:00:00
A000814,P000011,TERM_DEPOSIT,2018-01-15,,OPEN,2026-01-15T00:00:00
A000815,P001104,TERM_DEPOSIT,2023-10-03,,OPEN,2026-01-15T00:00:00
A000816,P000386,TRANSACTION,2023-10-16,,OPEN,2026-01-15T00:00:00
A000817,P000095,TERM_DEPOSIT,2025-12-01,,OPEN,2026-01-15T00:00:00
A000818,P000500,HOME_LOAN,2016-11-17,,OPEN,2026-01-15T09:00:00
A000819,P000003,TERM_DEPOSIT,2023-04-29,,OPEN,2026-01-15T00:00:00
A000820,P001894,CREDIT_CARD,2019-10-04,,OPEN,2026-01-15T00:00:00
A000821,P000350,HOME_LOAN,2016-07-06,,DORMANT,2026-01-15T00:00:00
A000822,P000122,CREDIT_CARD,2017-05-10,,DORMANT,2026-02-15T09:00:00
A000823,P000885,SAVINGS,2021-06-30,,OPEN,2026-01-15T00:00:00
A000824,P000893,SAVINGS,2016-09-25,,OPEN,2026-01-15T00:00:00
A000825,P001728,HOME_LOAN,2016-05-04,,OPEN,2026-01-15T00:00:00
A000826,P001027,HOME_LOAN,2023-08-22,,DORMANT,2026-01-15T00:00:00
A000827,P001807,SAVINGS,2021-08-21,,OPEN,2026-01-15T00:00:00
A000828,P000834,TRANSACTION,2023-07-22,,DORMANT,2026-01-15T00:00:00
A000829,P000233,HOME_LOAN,2020-04-15,,OPEN,2026-01-15T00:00:00
A000830,P001572,CREDIT_CARD,2016-11-10,,OPEN,2026-01-15T00:00:00
A000831,P000214,SAVINGS,2023-12-22,,OPEN,2026-01-15T00:00:00
A000832,P001976,TRANSACTION,2021-02-03,,OPEN,2026-01-15T00:00:00
A000833,P000388,SAVINGS,2025-12-13,2029-11-01,CLOSED,2026-01-15T00:00:00
A000834,P000411,SAVINGS,2020-04-15,,OPEN,2026-01-15T09:00:00
A000835,P000203,HOME_LOAN,2017-12-02,,OPEN,2026-01-15T00:00:00
A000836,P001988,SAVINGS,2016-06-08,,OPEN,2026-01-15T00:00:00
A000837,P000944,HOME_LOAN,2022-01-16,,DORMANT,2026-01-15T00:00:00
A000838,P001082,CREDIT_CARD,2017-10-16,,DORMANT,2026-02-15T09:00:00
A000839,P001565,TRANSACTION,2022-04-24,,OPEN,2026-01-15T00:00:00
A000840,P000987,CREDIT_CARD,2021-05-28,2023-09-24,CLOSED,2026-01-15T00:00:00
A000841,P000865,TERM_DEPOSIT,2024-11-22,,OPEN,2026-01-15T00:00:00
A000842,P000012,HOME_LOAN,2016-09-13,,OPEN,2026-01-15T00:00:00
A000843,P001339,TERM_DEPOSIT,2020-02-06,,OPEN,2026-01-15T00:00:00
A000844,P001272,SAVINGS,2023-03-09,,OPEN,2026-01-15T00:00:00
A000845,P001958,CREDIT_CARD,2020-09-20,,OPEN,2026-01-15T00:00:00
A000846,P001030,TRANSACTION,2024-08-25,,OPEN,2026-01-15T00:00:00
A000847,P000858,HOME_LOAN,2022-01-03,2026-12-15,CLOSED,2026-01-15T00:00:00
A000848,P001108,TERM_DEPOSIT,2019-12-24,,OPEN,2026-01-15T00:00:00
A000849,P000364,TRANSACTION,2022-01-13,,OPEN,2026-01-15T00:00:00
A000850,P000308,CREDIT_CARD,2017-12-05,,DORMANT,2026-01-15T00:00:00
A000851,P001952,CREDIT_CARD,2021-09-25,,OPEN,2026-01-15T00:00:00
A000852,P000349,HOME_LOAN,2019-12-22,,DORMANT,2026-02-15T09:00:00
A000853,P001698,TRANSACTION,2016-03-15,,OPEN,2026-01-15T00:00:00
A000854,P000418,TERM_DEPOSIT,2024-05-29,,OPEN,2026-01-15T00:00:00
A000855,P001158,SAVINGS,2019-01-16,,OPEN,2026-01-15T00:00:00
A000856,P001233,TERM_DEPOSIT,2022-02-09,,OPEN,2026-01-15T00:00:00
A000857,P001303,TRANSACTION,2018-06-07,,OPEN,2026-01-15T00:00:00
A000858,P000610,SAVINGS,2017-05-23,,OPEN,2026-01-15T00:00:00
A000859,P000046,CREDIT_CARD,2019-06-19,,DORMANT,2026-01-15T00:00:00
A000860,P000292,HOME_LOAN,2022-12-14,,OPEN,2026-01-15T00:00:00
A000861,P000623,TRANSACTION,2021-05-04,,OPEN,2026-01-15T00:00:00
A000862,P001267,CREDIT_CARD,2017-05-21,,OPEN,2026-01-15T00:00:00
A000863,P000007,HOME_LOAN,2020-07-11,,OPEN,2026-01-15T00:00:00
A000864,P000628,CREDIT_CARD,2017-03-11,,OPEN,2026-01-15T00:00:00
A000865,P001404,HOME_LOAN,2023-02-06,,OPEN,2026-01-15T00:00:00
A000866,P000830,TERM_DEPOSIT,2016-06-02,,OPEN,2026-02-15T09:00:00
A000867,P000396,HOME_LOAN,2025-02-11,2029-10-10,CLOSED,2026-01-15T00:00:00
A000868,P000230,CREDIT_CARD,2020-04-22,,DORMANT,2026-01-15T00:00:00
A000869,P001718,CREDIT_CARD,2020-10-11,,OPEN,2026-01-15T00:00:00
A000870,P000703,SAVINGS,2020-02-21,,DORMANT,2026-01-15T09:00:00
A000871,P001098,HOME_LOAN,2021-06-28,,OPEN,2026-01-15T00:00:00
A000872,P000599,HOME_LOAN,2024-10-05,2027-12-02,DORMANT,2026-02-15T09:00:00
A000873,P000647,TRANSACTION,2025-08-24,,OPEN,2026-01-15T00:00:00
A000874,P001357,HOME_LOAN,2017-01-27,,OPEN,2026-01-15T00:00:00
A000875,P000020,TERM_DEPOSIT,2016-12-01,,DORMANT,2026-01-15T09:00:00
A000876,P001817,TRANSACTION,2024-01-16,,OPEN,2026-01-15T00:00:00
A000877,P001968,CREDIT_CARD,2024-02-14,,OPEN,2026-01-15T00:00:00
A000878,P000593,HOME_LOAN,2025-07-09,,DORMANT,2026-01-15T09:00:00
A000879,P000037,HOME_LOAN,2019-03-18,,DORMANT,2026-01-15T00:00:00
A000880,P001707,TERM_DEPOSIT,2023-12-14,,DORMANT,2026-02-15T09:00:00
A000881,P001577,SAVINGS,2021-12-09,,OPEN,2026-01-15T00:00:00
A000882,P001105,HOME_LOAN,2025-12-14,,OPEN,2026-01-15T00:00:00
A000883,P001363,TRANSACTION,2019-09-24,,OPEN,2026-01-15T00:00:00
A000884,P001365,HOME_LOAN,2022-04-05,,OPEN,2026-01-15T00:00:00
A000885,P001218,CREDIT_CARD,2019-10-12,,OPEN,2026-01-15T00:00:00
A000886,P001522,TRANSACTION,2023-01-09,,DORMANT,2026-01-15T00:00:00
A000887,P001772,SAVINGS,2019-10-03,,OPEN,2026-01-15T00:00:00
A000888,P001966,CREDIT_CARD,2025-10-18,,OPEN,2026-01-15T00:00:00
A000889,P000026,TRANSACTION,2017-02-13,,OPEN,2026-01-15T00:00:00
A000890,P001391,TERM_DEPOSIT,2025-12-14,2026-02-15,CLOSED,2026-02-15T09:00:00
A000891,P001390,CREDIT_CARD,2017-11-19,,OPEN,2026-01-15T00:00:00
A000892,P001780,HOME_LOAN,2024-10-25,2026-01-15,CLOSED,2026-01-15T09:00:00
A000893,P000035,TERM_DEPOSIT,2021-12-20,,DORMANT,2026-02-15T09:00:00
A000894,P001142,TERM_DEPOSIT,2021-08-13,,OPEN,2026-01-15T00:00:00
A000895,P001690,CREDIT_CARD,2017-05-10,,OPEN,2026-01-15T00:00:00
A000896,P001837,TERM_DEPOSIT,2019-11-21,,OPEN,2026-01-15T00:00:00
A000897,P000106,HOME_LOAN,2021-02-11,,OPEN,2026-01-15T00:00:00
A000898,P001476,TRANSACTION,2017-06-04,,OPEN,2026-01-15T00:00:00
A000899,P000966,SAVINGS,2018-08-18,,OPEN,2026-01-15T00:00:00
A000900,P001645,TRANSACTION,2021-04-24,,DORMANT,2026-01-15T00:00:00
A000901,P001536,SAVINGS,2025-08-11,,OPEN,2026-01-15T00:00:00
A000902,P001408,TRANSACTION,2021-03-01,,OPEN,2026-01-15T00:00:00
A000903,P001881,TERM_DEPOSIT,2025-06-05,2026-01-15,CLOSED,2026-01-15T09:00:00
A000904,P000516,SAVINGS,2022-07-24,,DORMANT,2026-01-15T00:00:00
A000905,P000088,CREDIT_CARD,2019-03-20,,OPEN,2026-01-15T00:00:00
A000906,P000702,CREDIT_CARD,2020-07-13,,OPEN,2026-01-15T00:00:00
A000907,P000820,TERM_DEPOSIT,2019-09-11,,DORMANT,2026-01-15T00:00:00
A000908,P000079,CREDIT_CARD,2024-02-10,,OPEN,2026-01-15T00:00:00
A000909,P000258,TRANSACTION,2024-05-15,,OPEN,2026-01-15T00:00:00
A000910,P001251,HOME_LOAN,2022-05-01,,DORMANT,2026-01-15T00:00:00
A000911,P000280,TERM_DEPOSIT,2021-01-25,,DORMANT,2026-01-15T00:00:00
A000912,P000377,SAVINGS,2021-03-10,,OPEN,2026-01-15T00:00:00
A000913,P000679,SAVINGS,2024-07-23,,OPEN,2026-01-15T00:00:00
A000914,P001326,TERM_DEPOSIT,2023-07-18,,DORMANT,2026-01-15T00:00:00
A000915,P000529,CREDIT_CARD,2021-01-11,,OPEN,2026-01-15T00:00:00
A000916,P000796,TERM_DEPOSIT,2022-07-07,,OPEN,2026-01-15T00:00:00
A000917,P001608,TERM_DEPOSIT,2019-11-22,,OPEN,2026-01-15T00:00:00
A000918,P001230,CREDIT_CARD,2021-10-13,,OPEN,2026-01-15T00:00:00
A000919,P001736,SAVINGS,2022-04-20,,OPEN,2026-01-15T09:00:00
A000920,P000012,CREDIT_CARD,2019-12-20,,OPEN,2026-01-15T00:00:00
A000921,P000280,TERM_DEPOSIT,2016-08-24,,OPEN,2026-01-15T00:00:00
A000922,P000446,TRANSACTION,2022-03-23,,OPEN,2026-01-15T00:00:00
A000923,P001765,HOME_LOAN,2024-02-05,,DORMANT,2026-01-15T09:00:00
A000924,P000510,CREDIT_CARD,2025-04-30,,OPEN,2026-01-15T00:00:00
A000925,P001938,TRANSACTION,2024-07-11,,OPEN,2026-01-15T00:00:00
A000926,P001468,CREDIT_CARD,2016-03-19,,OPEN,2026-01-15T00:00:00
A000927,P001310,SAVINGS,2023-04-21,,DORMANT,2026-01-15T00:00:00
A000928,P001013,SAVINGS,2018-11-09,2021-05-28,OPEN,2026-02-15T09:00:00
A000929,P001315,HOME_LOAN,2017-04-19,,OPEN,2026-01-15T00:00:00
A000930,P000709,HOME_LOAN,2017-10-03,,OPEN,2026-01-15T00:00:00
A000931,P000657,HOME_LOAN,2022-05-12,,OPEN,2026-01-15T00:00:00
A000932,P001196,TERM_DEPOSIT,2022-04-26,,OPEN,2026-01-15T00:00:00
A000933,P000709,SAVINGS,2024-01-19,,OPEN,2026-01-15T00:00:00
A000934,P000207,CREDIT_CARD,2017-12-19,,DORMANT,2026-01-15T00:00:00
A000935,P000671,CREDIT_CARD,2024-08-30,2026-11-22,CLOSED,2026-01-15T00:00:00
A000936,P000136,TRANSACTION,2019-01-24,,OPEN,2026-01-15T00:00:00
A000937,P001083,TRANSACTION,2022-03-11,,DORMANT,2026-01-15T00:00:00
A000938,P000189,TERM_DEPOSIT,2021-11-20,,OPEN,2026-01-15T00:00:00
A000939,P000551,CREDIT_CARD,2020-12-07,,OPEN,2026-02-15T09:00:00
A000940,P001307,SAVINGS,2023-05-18,,OPEN,2026-01-15T00:00:00
A000941,P000609,CREDIT_CARD,2021-12-17,,OPEN,2026-01-15T00:00:00
A000942,P001522,TERM_DEPOSIT,2016-02-28,,DORMANT,2026-01-15T09:00:00
A000943,P001728,CREDIT_CARD,2024-09-13,,DORMANT,2026-01-15T00:00:00
A000944,P000614,HOME_LOAN,2024-08-16,,OPEN,2026-01-15T00:00:00
A000945,P000592,HOME_LOAN,2020-10-22,,OPEN,2026-01-15T00:00:00
A000946,P000473,CREDIT_CARD,2023-09-06,,OPEN,2026-01-15T00:00:00
A000947,P000455,SAVINGS,2020-03-26,,OPEN,2026-01-15T09:00:00
A000948,P000862,TRANSACTION,2024-07-23,,OPEN,2026-01-15T00:00:00
A000949,P001409,SAVINGS,2016-02-28,,OPEN,2026-01-15T00:00:00
A000950,P001067,HOME_LOAN,2023-04-10,,DORMANT,2026-01-15T00:00:00
A000951,P000076,HOME_LOAN,2023-12-01,,DORMANT,2026-02-15T09:00:00
A000952,P001821,SAVINGS,2020-08-21,,OPEN,2026-02-15T09:00:00
A000953,P000139,TERM_DEPOSIT,2016-11-07,,DORMANT,2026-01-15T00:00:00
A000954,P001112,CREDIT_CARD,2017-01-19,,OPEN,2026-01-15T00:00:00
A000955,P001694,HOME_LOAN,2023-10-04,,OPEN,2026-01-15T00:00:00
A000956,P001401,TRANSACTION,2021-01-31,,OPEN,2026-01-15T00:00:00
A000957,P000911,TERM_DEPOSIT,2022-06-12,,OPEN,2026-01-15T00:00:00
A000958,P001353,SAVINGS,2021-05-18,,OPEN,2026-01-15T00:00:00
A000959,P000988,HOME_LOAN,2022-04-15,,OPEN,2026-01-15T00:00:00
A000960,P001156,TRANSACTION,2025-05-26,,OPEN,2026-01-15T00:00:00
A000961,P000979,SAVINGS,2021-12-18,,OPEN,2026-01-15T00:00:00
A000962,P000781,CREDIT_CARD,2022-09-05,,DORMANT,2026-02-15T09:00:00
A000963,P000906,CREDIT_CARD,2024-12-23,,OPEN,2026-01-15T00:00:00
A000964,P000814,HOME_LOAN,2024-02-20,,OPEN,2026-01-15T00:00:00
A000965,P000459,SAVINGS,2025-03-24,2029-12-14,CLOSED,2026-01-15T00:00:00
A000966,P001238,HOME_LOAN,2021-07-08,,OPEN,2026-01-15T00:00:00
A000967,P001288,CREDIT_CARD,2023-01-29,,DORMANT,2026-01-15T00:00:00
A000968,P000699,TRANSACTION,2023-01-08,2026-08-08,CLOSED,2026-01-15T00:00:00
A000969,P001618,TRANSACTION,2019-05-16,,OPEN,2026-01-15T00:00:00
A000970,P000098,HOME_LOAN,2018-03-24,,OPEN,2026-01-15T00:00:00
A000971,P000982,SAVINGS,2019-04-13,,OPEN,2026-01-15T00:00:00
A000972,P001855,SAVINGS,2019-06-26,,OPEN,2026-01-15T00:00:00
A000973,P001451,TERM_DEPOSIT,2016-08-15,,DORMANT,2026-01-15T00:00:00
A000974,P000174,HOME_LOAN,2024-02-15,,OPEN,2026-02-15T09:00:00
A000975,P001069,TERM_DEPOSIT,2019-04-18,,OPEN,2026-01-15T00:00:00
A000976,P000603,CREDIT_CARD,2022-09-26,,OPEN,2026-01-15T00:00:00
A000977,P001053,HOME_LOAN,2022-11-08,,OPEN,2026-01-15T00:00:00
A000978,P001923,HOME_LOAN,2022-08-16,,OPEN,2026-01-15T00:00:00
A000979,P000759,CREDIT_CARD,2017-11-02,,DORMANT,2026-02-15T09:00:00
A000980,P001795,TERM_DEPOSIT,2024-01-17,,OPEN,2026-01-15T00:00:00
A000981,P001004,TERM_DEPOSIT,2016-09-20,,OPEN,2026-01-15T00:00:00
A000982,P000713,HOME_LOAN,2018-11-02,,OPEN,2026-01-15T00:00:00
A000983,P001519,TRANSACTION,2024-07-17,,DORMANT,2026-01-15T00:00:00
A000984,P000366,SAVINGS,2016-07-05,2026-01-15,CLOSED,2026-01-15T09:00:00
A000985,P001195,CREDIT_CARD,2025-02-27,,OPEN,2026-01-15T00:00:00
A000986,P001352,TRANSACTION,2017-10-05,,OPEN,2026-01-15T00:00:00
A000987,P001083,HOME_LOAN,2016-10-06,,DORMANT,2026-01-15T09:00:00
A000988,P001858,CREDIT_CARD,2023-11-09,,OPEN,2026-01-15T00:00:00
A000989,P001896,TERM_DEPOSIT,2025-01-15,,OPEN,2026-01-15T00:00:00
A000990,P000612,TERM_DEPOSIT,2017-07-17,,OPEN,2026-01-15T00:00:00
A000991,P001617,TERM_DEPOSIT,2022-04-10,,DORMANT,2026-01-15T00:00:00
A000992,P000871,CREDIT_CARD,2017-01-17,,DORMANT,2026-01-15T00:00:00
A000993,P001071,CREDIT_CARD,2017-06-06,,DORMANT,2026-01-15T00:00:00
A000994,P000373,SAVINGS,2020-02-03,,OPEN,2026-01-15T00:00:00
A000995,P001081,HOME_LOAN,2018-10-20,,OPEN,2026-01-15T00:00:00
A000996,P001738,HOME_LOAN,2022-02-16,,OPEN,2026-02-15T09:00:00
A000997,P001183,SAVINGS,2024-09-05,,OPEN,2026-02-15T09:00:00
A000998,P001006,HOME_LOAN,2019-02-14,2019-09-25,CLOSED,2026-01-15T00:00:00
A000999,P000689,HOME_LOAN,2022-11-16,,DORMANT,2026-01-15T00:00:00
A001000,P000046,HOME_LOAN,2025-10-31,,DORMANT,2026-01-15T00:00:00
A001001,P001978,HOME_LOAN,2018-08-06,,DORMANT,2026-01-15T00:00:00
A001002,P001706,TRANSACTION,2018-11-22,,OPEN,2026-01-15T09:00:00
A001003,P000096,TERM_DEPOSIT,2020-12-19,,OPEN,2026-01-15T00:00:00
A001004,P001764,CREDIT_CARD,2022-06-03,,OPEN,2026-01-15T00:00:00
A001005,P000452,TERM_DEPOSIT,2021-03-20,,OPEN,2026-01-15T00:00:00
A001006,P001345,TERM_DEPOSIT,2024-12-15,,OPEN,2026-01-15T00:00:00
A001007,P001537,TRANSACTION,2017-08-11,,OPEN,2026-01-15T00:00:00
A001008,P001968,TRANSACTION,2017-07-01,,OPEN,2026-01-15T00:00:00
A001009,P000652,SAVINGS,2017-05-03,,DORMANT,2026-01-15T09:00:00
A001010,P000040,TRANSACTION,2024-07-16,,OPEN,2026-01-15T00:00:00
A001011,P001612,HOME_LOAN,2024-08-04,,OPEN,2026-01-15T00:00:00
A001012,P001963,HOME_LOAN,2025-01-24,,OPEN,2026-01-15T00:00:00
A001013,P000971,TERM_DEPOSIT,2024-07-20,,DORMANT,2026-01-15T00:00:00
A001014,P000645,TERM_DEPOSIT,2024-06-14,,OPEN,2026-01-15T00:00:00
A001015,P000873,TRANSACTION,2024-08-07,,OPEN,2026-01-15T00:00:00
A001016,P001087,TERM_DEPOSIT,2019-07-11,,OPEN,2026-01-15T00:00:00
A001017,P000206,HOME_LOAN,2016-09-10,,OPEN,2026-01-15T00:00:00
A001018,P000580,TERM_DEPOSIT,2017-12-01,2026-02-15,CLOSED,2026-02-15T09:00:00
A001019,P000613,SAVINGS,2025-04-11,,DORMANT,2026-01-15T00:00:00
A001020,P000820,TRANSACTION,2017-12-11,,OPEN,2026-01-15T00:00:00
A001021,P001628,HOME_LOAN,2022-02-10,,DORMANT,2026-01-15T00:00:00
A001022,P001551,CREDIT_CARD,2020-05-24,,OPEN,2026-01-15T00:00:00
A001023,P000161,SAVINGS,2024-05-23,,DORMANT,2026-01-15T00:00:00
A001024,P001475,HOME_LOAN,2018-03-21,,OPEN,2026-01-15T00:00:00
A001025,P000428,TERM_DEPOSIT,2021-06-18,,OPEN,2026-01-15T00:00:00
A001026,P000123,TRANSACTION,2023-03-31,,OPEN,2026-01-15T00:00:00
A001027,P000658,CREDIT_CARD,2018-12-07,,OPEN,2026-01-15T00:00:00
A001028,P001957,TERM_DEPOSIT,2024-12-11,,DORMANT,2026-01-15T09:00:00
A001029,P000176,TERM_DEPOSIT,2020-11-28,,OPEN,2026-01-15T00:00:00
A001030,P000769,SAVINGS,2016-04-22,,OPEN,2026-01-15T00:00:00
A001031,P000380,TERM_DEPOSIT,2019-05-27,,OPEN,2026-01-15T00:00:00
A001032,P000236,TRANSACTION,2022-01-26,,OPEN,2026-01-15T00:00:00
A001033,P000804,HOME_LOAN,2021-09-13,,DORMANT,2026-01-15T09:00:00
A001034,P001716,HOME_LOAN,2025-06-25,,OPEN,2026-01-15T00:00:00
A001035,P000372,CREDIT_CARD,2023-04-09,,OPEN,2026-01-15T00:00:00
A001036,P001115,HOME_LOAN,2025-08-23,,DORMANT,2026-01-15T00:00:00
A001037,P001331,CREDIT_CARD,2021-03-25,2023-09-10,CLOSED,2026-01-15T00:00:00
A001038,P000510,TERM_DEPOSIT,2025-11-27,,OPEN,2026-01-15T00:00:00
A001039,P000773,TERM_DEPOSIT,2023-12-22,,OPEN,2026-01-15T00:00:00
A001040,P001443,CREDIT_CARD,2023-01-31,,OPEN,2026-01-15T00:00:00
A001041,P000214,HOME_LOAN,2025-02-06,,OPEN,2026-01-15T00:00:00
A001042,P001943,TERM_DEPOSIT,2018-02-23,,OPEN,2026-01-15T00:00:00
A001043,P000685,HOME_LOAN,2018-11-04,,DORMANT,2026-01-15T00:00:00
A001044,P001882,TERM_DEPOSIT,2016-03-06,,DORMANT,2026-01-15T00:00:00
A001045,P000087,TERM_DEPOSIT,2021-05-14,,DORMANT,2026-01-15T00:00:00
A001046,P001370,HOME_LOAN,2024-07-25,,OPEN,2026-02-15T09:00:00
A001047,P001004,SAVINGS,2019-10-30,,OPEN,2026-01-15T00:00:00
A001048,P000996,CREDIT_CARD,2025-11-13,,OPEN,2026-01-15T00:00:00
A001049,P001912,HOME_LOAN,2023-08-15,,OPEN,2026-01-15T00:00:00
A001050,P001297,TERM_DEPOSIT,2016-03-05,,OPEN,2026-01-15T00:00:00
A001051,P000237,HOME_LOAN,2018-05-17,,OPEN,2026-01-15T00:00:00
A001052,P001212,TERM_DEPOSIT,2017-06-29,,OPEN,2026-01-15T00:00:00
A001053,P000044,HOME_LOAN,2017-01-19,,OPEN,2026-01-15T00:00:00
A001054,P000091,CREDIT_CARD,2021-05-05,,OPEN,2026-01-15T00:00:00
A001055,P001423,HOME_LOAN,2020-05-28,,OPEN,2026-01-15T00:00:00
A001056,P001883,TRANSACTION,2018-12-07,2022-04-16,CLOSED,2026-01-15T00:00:00
A001057,P001098,TERM_DEPOSIT,2024-01-05,,OPEN,2026-01-15T00:00:00
A001058,P001567,TERM_DEPOSIT,2019-01-29,,OPEN,2026-01-15T00:00:00
A001059,P001967,TERM_DEPOSIT,2016-03-10,,OPEN,2026-01-15T00:00:00
A001060,P000485,TERM_DEPOSIT,2024-09-14,2026-01-15,CLOSED,2026-01-15T09:00:00
A001061,P000929,SAVINGS,2019-12-06,,OPEN,2026-01-15T00:00:00
A001062,P000928,TERM_DEPOSIT,2016-06-22,,OPEN,2026-01-15T00:00:00
A001063,P001982,CREDIT_CARD,2023-10-03,,OPEN,2026-01-15T00:00:00
A001064,P001146,TRANSACTION,2016-12-02,,OPEN,2026-01-15T00:00:00
A001065,P000785,TERM_DEPOSIT,2017-02-10,,DORMANT,2026-01-15T09:00:00
A001066,P001697,TRANSACTION,2017-04-05,2026-01-15,CLOSED,2026-01-15T09:00:00
A001067,P000426,HOME_LOAN,2023-09-07,,OPEN,2026-01-15T00:00:00
A001068,P001845,TRANSACTION,2020-04-23,2026-01-15,CLOSED,2026-01-15T09:00:00
A001069,P001123,CREDIT_CARD,2020-04-09,,OPEN,2026-01-15T00:00:00
A001070,P000735,HOME_LOAN,2020-12-27,,OPEN,2026-01-15T00:00:00
A001071,P000439,CREDIT_CARD,2023-06-19,,OPEN,2026-01-15T00:00:00
A001072,P000920,TRANSACTION,2022-10-10,,OPEN,2026-01-15T00:00:00
A001073,P000476,TRANSACTION,2016-08-28,,OPEN,2026-01-15T00:00:00
A001074,P001870,TRANSACTION,2019-03-05,,DORMANT,2026-01-15T09:00:00
A001075,P001691,CREDIT_CARD,2022-01-17,,OPEN,2026-01-15T00:00:00
A001076,P000261,CREDIT_CARD,2025-09-13,,OPEN,2026-01-15T00:00:00
A001077,P001612,SAVINGS,2024-06-19,,DORMANT,2026-01-15T09:00:00
A001078,P000138,SAVINGS,2025-07-08,,OPEN,2026-01-15T09:00:00
A001079,P001831,TRANSACTION,2016-04-15,,DORMANT,2026-01-15T00:00:00
A001080,P001336,TERM_DEPOSIT,2019-02-08,,OPEN,2026-01-15T00:00:00
A001081,P000014,TERM_DEPOSIT,2020-11-28,,OPEN,2026-01-15T00:00:00
A001082,P000040,TRANSACTION,2017-06-17,,OPEN,2026-01-15T00:00:00
A001083,P001412,HOME_LOAN,2018-01-10,,OPEN,2026-01-15T00:00:00
A001084,P000204,HOME_LOAN,2016-07-21,,OPEN,2026-01-15T00:00:00
A001085,P000760,SAVINGS,2023-07-19,,OPEN,2026-01-15T00:00:00
A001086,P000154,TRANSACTION,2016-07-15,,OPEN,2026-01-15T00:00:00
A001087,P001261,TERM_DEPOSIT,2018-12-28,,OPEN,2026-01-15T00:00:00
A001088,P001891,SAVINGS,2024-11-07,2025-10-28,CLOSED,2026-01-15T00:00:00
A001089,P001949,CREDIT_CARD,2017-07-17,,OPEN,2026-01-15T00:00:00
A001090,P001506,HOME_LOAN,2025-08-23,,OPEN,2026-02-15T09:00:00
A001091,P000798,TERM_DEPOSIT,2020-08-20,2026-01-15,CLOSED,2026-01-15T09:00:00
A001092,P000833,SAVINGS,2016-04-02,,DORMANT,2026-01-15T00:00:00
A001093,P000160,CREDIT_CARD,2023-11-27,,DORMANT,2026-01-15T09:00:00
A001094,P000295,SAVINGS,2016-07-08,,OPEN,2026-01-15T09:00:00
A001095,P001704,SAVINGS,2022-09-17,,OPEN,2026-01-15T00:00:00
A001096,P000220,HOME_LOAN,2024-01-10,,OPEN,2026-01-15T00:00:00
A001097,P000072,SAVINGS,2016-09-01,,OPEN,2026-01-15T09:00:00
A001098,P000883,TRANSACTION,2022-07-14,,OPEN,2026-01-15T09:00:00
A001099,P000102,CREDIT_CARD,2018-04-01,,OPEN,2026-01-15T00:00:00
A001100,P000817,CREDIT_CARD,2025-10-28,,OPEN,2026-01-15T00:00:00
A001101,P000114,SAVINGS,2018-03-04,,OPEN,2026-01-15T00:00:00
A001102,P001217,TERM_DEPOSIT,2017-03-23,,OPEN,2026-01-15T00:00:00
A001103,P000800,CREDIT_CARD,2017-03-21,,OPEN,2026-01-15T00:00:00
A001104,P001169,TERM_DEPOSIT,2017-11-13,,OPEN,2026-01-15T00:00:00
A001105,P001113,HOME_LOAN,2023-10-03,,OPEN,2026-01-15T00:00:00
A001106,P000952,CREDIT_CARD,2025-08-11,,OPEN,2026-01-15T00:00:00
A001107,P000122,TRANSACTION,2019-03-06,,OPEN,2026-01-15T09:00:00
A001108,P000683,HOME_LOAN,2020-05-29,,OPEN,2026-01-15T00:00:00
A001109,P000944,SAVINGS,2025-10-27,,OPEN,2026-01-15T00:00:00
A001110,P000388,TRANSACTION,2019-01-22,,OPEN,2026-01-15T00:00:00
A001111,P000328,TRANSACTION,2018-08-15,,OPEN,2026-01-15T00:00:00
A001112,P001665,CREDIT_CARD,2024-09-25,,OPEN,2026-01-15T00:00:00
A001113,P001043,CREDIT_CARD,2019-08-11,,OPEN,2026-01-15T00:00:00
A001114,P001015,SAVINGS,2025-02-10,,OPEN,2026-01-15T00:00:00
A001115,P001647,TERM_DEPOSIT,2023-11-17,,OPEN,2026-01-15T00:00:00
A001116,P001453,TERM_DEPOSIT,2022-05-31,,DORMANT,2026-01-15T00:00:00
A001117,P000229,CREDIT_CARD,2017-08-15,,OPEN,2026-01-15T00:00:00
A001118,P001120,TRANSACTION,2024-09-18,,OPEN,2026-01-15T00:00:00
A001119,P000931,TERM_DEPOSIT,2020-08-23,,DORMANT,2026-01-15T00:00:00
A001120,P000110,SAVINGS,2022-07-11,,OPEN,2026-01-15T00:00:00
A001121,P000617,TERM_DEPOSIT,2016-09-15,,OPEN,2026-01-15T00:00:00
A001122,P001848,SAVINGS,2016-05-08,,OPEN,2026-01-15T00:00:00
A001123,P000190,CREDIT_CARD,2023-11-25,,OPEN,2026-01-15T00:00:00
A001124,P000370,SAVINGS,2025-10-14,,OPEN,2026-01-15T00:00:00
A001125,P000168,SAVINGS,2019-05-15,,OPEN,2026-01-15T00:00:00
A001126,P001360,TRANSACTION,2017-09-29,,DORMANT,2026-01-15T00:00:00
A001127,P001519,CREDIT_CARD,2019-06-02,,OPEN,2026-01-15T00:00:00
A001128,P001809,SAVINGS,2017-01-05,,DORMANT,2026-01-15T00:00:00
A001129,P000426,SAVINGS,2021-09-29,,OPEN,2026-01-15T00:00:00
A001130,P000723,TERM_DEPOSIT,2021-03-29,,OPEN,2026-01-15T00:00:00
A001131,P000267,CREDIT_CARD,2024-11-25,,OPEN,2026-01-15T00:00:00
A001132,P000953,HOME_LOAN,2021-05-16,,OPEN,2026-01-15T00:00:00
A001133,P001141,TRANSACTION,2016-10-13,,OPEN,2026-01-15T00:00:00
A001134,P001941,TERM_DEPOSIT,2018-05-14,,OPEN,2026-01-15T00:00:00
A001135,P001196,HOME_LOAN,2016-09-06,,OPEN,2026-02-15T09:00:00
A001136,P000075,SAVINGS,2022-01-10,,OPEN,2026-01-15T00:00:00
A001137,P001366,TRANSACTION,2024-10-09,,OPEN,2026-01-15T00:00:00
A001138,P001099,HOME_LOAN,2022-05-17,2027-09-16,CLOSED,2026-01-15T00:00:00
A001139,P001649,CREDIT_CARD,2016-07-09,,OPEN,2026-01-15T00:00:00
A001140,P001551,TERM_DEPOSIT,2019-11-25,,DORMANT,2026-01-15T00:00:00
A001141,P001097,CREDIT_CARD,2017-09-29,,OPEN,2026-01-15T00:00:00
A001142,P000876,HOME_LOAN,2023-02-05,,OPEN,2026-01-15T00:00:00
A001143,P000438,CREDIT_CARD,2018-05-25,,OPEN,2026-01-15T00:00:00
A001144,P001859,TRANSACTION,2021-09-15,2024-09-03,CLOSED,2026-01-15T00:00:00
A001145,P000934,TERM_DEPOSIT,2020-01-25,,OPEN,2026-01-15T00:00:00
A001146,P000472,CREDIT_CARD,2025-09-11,,OPEN,2026-01-15T00:00:00
A001147,P001999,TRANSACTION,2016-10-02,,OPEN,2026-01-15T00:00:00
A001148,P000066,CREDIT_CARD,2019-08-18,,OPEN,2026-01-15T00:00:00
A001149,P001161,SAVINGS,2022-09-09,,OPEN,2026-01-15T00:00:00
A001150,P000089,TRANSACTION,2024-12-30,,OPEN,2026-01-15T00:00:00
A001151,P001487,HOME_LOAN,2021-06-07,,OPEN,2026-01-15T00:00:00
A001152,P001930,SAVINGS,2016-09-20,,OPEN,2026-01-15T00:00:00
A001153,P001495,SAVINGS,2021-07-21,,OPEN,2026-01-15T00:00:00
A001154,P000667,SAVINGS,2016-08-11,,OPEN,2026-01-15T00:00:00
A001155,P001044,CREDIT_CARD,2022-11-01,,OPEN,2026-01-15T00:00:00
A001156,P001946,TRANSACTION,2022-12-05,,OPEN,2026-01-15T00:00:00
A001157,P000458,HOME_LOAN,2020-04-21,,OPEN,2026-01-15T00:00:00
A001158,P000561,CREDIT_CARD,2020-01-16,,OPEN,2026-02-15T09:00:00
A001159,P001752,TRANSACTION,2023-11-10,,OPEN,2026-01-15T00:00:00
A001160,P000340,SAVINGS,2024-01-28,,OPEN,2026-01-15T00:00:00
A001161,P001405,SAVINGS,2017-08-15,,OPEN,2026-02-15T09:00:00
A001162,P001848,TERM_DEPOSIT,2016-03-30,2026-01-15,CLOSED,2026-01-15T09:00:00
A001163,P001559,SAVINGS,2025-12-10,,DORMANT,2026-01-15T00:00:00
A001164,P000037,HOME_LOAN,2025-12-08,,OPEN,2026-01-15T00:00:00
A001165,P001624,TERM_DEPOSIT,2020-02-21,,OPEN,2026-01-15T00:00:00
A001166,P000825,CREDIT_CARD,2017-08-14,,OPEN,2026-01-15T00:00:00
A001167,P001253,TRANSACTION,2023-04-11,,OPEN,2026-01-15T00:00:00
A001168,P001170,HOME_LOAN,2025-12-03,,OPEN,2026-01-15T00:00:00
A001169,P000243,CREDIT_CARD,2024-12-13,,OPEN,2026-01-15T00:00:00
A001170,P001187,TRANSACTION,2017-01-03,,OPEN,2026-01-15T00:00:00
A001171,P001518,SAVINGS,2021-08-25,,OPEN,2026-01-15T00:00:00
A001172,P001403,CREDIT_CARD,2016-10-04,,OPEN,2026-01-15T00:00:00
A001173,P001519,HOME_LOAN,2023-09-13,,DORMANT,2026-01-15T00:00:00
A001174,P001583,HOME_LOAN,2018-05-30,,OPEN,2026-01-15T00:00:00
A001175,P001467,HOME_LOAN,2017-10-23,,OPEN,2026-01-15T00:00:00
A001176,P001109,TERM_DEPOSIT,2025-06-16,,OPEN,2026-01-15T09:00:00
A001177,P001725,TRANSACTION,2022-08-05,,OPEN,2026-01-15T00:00:00
A001178,P001121,CREDIT_CARD,2016-05-17,,DORMANT,2026-02-15T09:00:00
A001179,P000795,SAVINGS,2020-07-29,2020-12-19,CLOSED,2026-01-15T00:00:00
A001180,P001222,HOME_LOAN,2025-05-23,,OPEN,2026-01-15T00:00:00
A001181,P000448,SAVINGS,2020-03-08,,OPEN,2026-01-15T00:00:00
A001182,P000198,SAVINGS,2021-02-01,,DORMANT,2026-01-15T09:00:00
A001183,P000196,HOME_LOAN,2020-12-17,,OPEN,2026-01-15T00:00:00
A001184,P000189,HOME_LOAN,2016-01-24,,OPEN,2026-01-15T00:00:00
A001185,P001421,TERM_DEPOSIT,2019-09-25,2026-01-15,CLOSED,2026-01-15T09:00:00
A001186,P001554,HOME_LOAN,2022-04-06,,OPEN,2026-01-15T00:00:00
A001187,P001992,TRANSACTION,2016-12-07,,OPEN,2026-01-15T00:00:00
A001188,P001648,TRANSACTION,2023-11-03,,OPEN,2026-01-15T00:00:00
A001189,P000663,SAVINGS,2025-03-11,,OPEN,2026-01-15T00:00:00
A001190,P000061,CREDIT_CARD,2022-11-05,,OPEN,2026-01-15T00:00:00
A001191,P001177,HOME_LOAN,2022-05-09,,OPEN,2026-01-15T00:00:00
A001192,P001191,TERM_DEPOSIT,2019-04-06,,DORMANT,2026-02-15T09:00:00
A001193,P000904,SAVINGS,2016-04-12,,OPEN,2026-01-15T00:00:00
A001194,P000119,HOME_LOAN,2017-12-05,,OPEN,2026-01-15T00:00:00
A001195,P001318,TRANSACTION,2024-05-30,,OPEN,2026-01-15T00:00:00
A001196,P001576,HOME_LOAN,2016-11-15,,OPEN,2026-01-15T00:00:00
A001197,P000311,SAVINGS,2024-12-06,2026-01-15,CLOSED,2026-01-15T09:00:00
A001198,P000914,HOME_LOAN,2018-08-22,,OPEN,2026-01-15T00:00:00
A001199,P000002,SAVINGS,2017-05-11,,OPEN,2026-01-15T00:00:00
A001200,P001087,TERM_DEPOSIT,2021-07-29,,OPEN,2026-01-15T00:00:00
A001201,P001017,TERM_DEPOSIT,2020-05-05,,DORMANT,2026-01-15T00:00:00
A001202,P000278,CREDIT_CARD,2018-03-27,,OPEN,2026-01-15T00:00:00
A001203,P000734,SAVINGS,2023-05-30,,OPEN,2026-01-15T00:00:00
A001204,P001947,SAVINGS,2021-05-06,,OPEN,2026-01-15T00:00:00
A001205,P000035,TRANSACTION,2022-02-05,2023-11-30,CLOSED,2026-01-15T00:00:00
A001206,P000193,HOME_LOAN,2024-12-24,,OPEN,2026-01-15T00:00:00
A001207,P000679,TRANSACTION,2024-05-24,,OPEN,2026-01-15T00:00:00
A001208,P000857,TRANSACTION,2019-10-21,,OPEN,2026-01-15T00:00:00
A001209,P001293,TERM_DEPOSIT,2018-11-30,,OPEN,2026-01-15T00:00:00
A001210,P000587,CREDIT_CARD,2022-01-29,,OPEN,2026-01-15T00:00:00
A001211,P000124,CREDIT_CARD,2024-09-04,,DORMANT,2026-01-15T00:00:00
A001212,P000113,TERM_DEPOSIT,2019-03-19,,OPEN,2026-01-15T00:00:00
A001213,P000110,TRANSACTION,2021-03-06,,OPEN,2026-01-15T00:00:00
A001214,P001069,SAVINGS,2024-07-11,,OPEN,2026-01-15T00:00:00
A001215,P000183,SAVINGS,2020-10-26,2026-01-15,CLOSED,2026-01-15T09:00:00
A001216,P000260,HOME_LOAN,2023-09-17,2027-12-30,CLOSED,2026-01-15T00:00:00
A001217,P000718,TRANSACTION,2018-12-05,,OPEN,2026-01-15T00:00:00
A001218,P001852,TERM_DEPOSIT,2024-07-22,,OPEN,2026-01-15T00:00:00
A001219,P000023,CREDIT_CARD,2019-12-28,,OPEN,2026-01-15T00:00:00
A001220,P001538,TERM_DEPOSIT,2017-09-17,,OPEN,2026-01-15T00:00:00
A001221,P001580,TERM_DEPOSIT,2023-06-11,2025-05-10,OPEN,2026-01-15T09:00:00
A001222,P001987,TERM_DEPOSIT,2021-09-05,,OPEN,2026-01-15T00:00:00
A001223,P000295,CREDIT_CARD,2018-08-12,,OPEN,2026-01-15T00:00:00
A001224,P001745,TERM_DEPOSIT,2021-04-05,2023-07-28,CLOSED,2026-01-15T00:00:00
A001225,P000219,HOME_LOAN,2016-09-14,2017-05-12,CLOSED,2026-01-15T00:00:00
A001226,P000749,CREDIT_CARD,2022-03-24,,OPEN,2026-01-15T00:00:00
A001227,P001281,SAVINGS,2017-11-23,2026-02-15,CLOSED,2026-02-15T09:00:00
A001228,P001731,SAVINGS,2017-10-02,,OPEN,2026-01-15T00:00:00
A001229,P001143,CREDIT_CARD,2023-01-19,,OPEN,2026-01-15T00:00:00
A001230,P000839,HOME_LOAN,2025-01-10,,DORMANT,2026-01-15T09:00:00
A001231,P000650,TRANSACTION,2024-01-24,,OPEN,2026-01-15T00:00:00
A001232,P001691,CREDIT_CARD,2017-07-22,,OPEN,2026-01-15T00:00:00
A001233,P000807,CREDIT_CARD,2018-06-20,2018-08-26,OPEN,2026-02-15T09:00:00
A001234,P000856,CREDIT_CARD,2020-03-31,,OPEN,2026-01-15T00:00:00
A001235,P001603,CREDIT_CARD,2022-01-08,,DORMANT,2026-01-15T00:00:00
A001236,P000565,TRANSACTION,2024-03-31,,DORMANT,2026-01-15T00:00:00
A001237,P001810,CREDIT_CARD,2018-12-28,,DORMANT,2026-01-15T00:00:00
A001238,P001045,TERM_DEPOSIT,2016-05-26,,OPEN,2026-01-15T00:00:00
A001239,P000969,CREDIT_CARD,2017-02-05,,OPEN,2026-01-15T00:00:00
A001240,P000326,HOME_LOAN,2016-08-26,,OPEN,2026-01-15T00:00:00
A001241,P000740,TRANSACTION,2025-04-14,,OPEN,2026-01-15T00:00:00
A001242,P001910,TRANSACTION,2025-07-20,,OPEN,2026-01-15T00:00:00
A001243,P001025,HOME_LOAN,2016-12-01,,OPEN,2026-01-15T00:00:00
A001244,P001993,SAVINGS,2020-07-16,2021-05-29,CLOSED,2026-01-15T00:00:00
A001245,P000556,SAVINGS,2023-04-28,,OPEN,2026-01-15T00:00:00
A001246,P001486,CREDIT_CARD,2022-07-06,,OPEN,2026-01-15T00:00:00
A001247,P000774,HOME_LOAN,2016-02-08,2026-02-15,CLOSED,2026-02-15T09:00:00
A001248,P000308,TRANSACTION,2024-04-01,,DORMANT,2026-01-15T00:00:00
A001249,P000886,TERM_DEPOSIT,2022-03-10,,OPEN,2026-01-15T09:00:00
A001250,P000729,SAVINGS,2019-03-07,,OPEN,2026-01-15T00:00:00
A001251,P001609,SAVINGS,2021-12-16,,OPEN,2026-01-15T00:00:00
A001252,P001351,TERM_DEPOSIT,2025-10-07,2030-06-03,CLOSED,2026-01-15T00:00:00
A001253,P000180,TRANSACTION,2022-10-14,,OPEN,2026-01-15T00:00:00
A001254,P001254,CREDIT_CARD,2024-10-28,,OPEN,2026-01-15T00:00:00
A001255,P001127,TRANSACTION,2017-04-12,,OPEN,2026-01-15T00:00:00
A001256,P000510,TRANSACTION,2020-01-02,,OPEN,2026-01-15T00:00:00
A001257,P000478,TERM_DEPOSIT,2016-05-07,,OPEN,2026-01-15T00:00:00
A001258,P001201,TERM_DEPOSIT,2023-06-07,,OPEN,2026-01-15T00:00:00
A001259,P001029,SAVINGS,2020-05-07,,DORMANT,2026-01-15T00:00:00
A001260,P001058,TERM_DEPOSIT,2017-11-03,,OPEN,2026-01-15T00:00:00
A001261,P001099,TRANSACTION,2019-05-19,2026-02-15,CLOSED,2026-02-15T09:00:00
A001262,P001773,TRANSACTION,2021-06-01,,OPEN,2026-01-15T00:00:00
A001263,P001672,TRANSACTION,2022-01-24,,DORMANT,2026-01-15T09:00:00
A001264,P000329,TERM_DEPOSIT,2025-06-20,,OPEN,2026-01-15T00:00:00
A001265,P001535,TERM_DEPOSIT,2022-06-22,,OPEN,2026-01-15T00:00:00
A001266,P000381,SAVINGS,2025-01-14,,DORMANT,2026-01-15T00:00:00
A001267,P001450,CREDIT_CARD,2016-04-12,,OPEN,2026-01-15T00:00:00
A001268,P001523,HOME_LOAN,2025-05-22,,OPEN,2026-01-15T00:00:00
A001269,P001937,SAVINGS,2021-03-16,,OPEN,2026-01-15T00:00:00
A001270,P001461,HOME_LOAN,2020-05-22,,OPEN,2026-01-15T00:00:00
A001271,P000119,SAVINGS,2021-08-22,,OPEN,2026-01-15T00:00:00
A001272,P001431,SAVINGS,2024-02-17,,OPEN,2026-01-15T00:00:00
A001273,P001127,HOME_LOAN,2024-10-12,,OPEN,2026-01-15T00:00:00
A001274,P001961,TRANSACTION,2018-12-22,,OPEN,2026-01-15T00:00:00
A001275,P000565,TRANSACTION,2025-01-22,,OPEN,2026-01-15T00:00:00
A001276,P001882,CREDIT_CARD,2025-10-23,,OPEN,2026-01-15T00:00:00
A001277,P000219,CREDIT_CARD,2016-11-02,,OPEN,2026-01-15T00:00:00
A001278,P001684,CREDIT_CARD,2017-07-30,,OPEN,2026-01-15T00:00:00
A001279,P000849,TRANSACTION,2017-06-01,,OPEN,2026-01-15T00:00:00
A001280,P001811,CREDIT_CARD,2017-03-16,,OPEN,2026-01-15T00:00:00
A001281,P001924,TERM_DEPOSIT,2024-03-19,,OPEN,2026-01-15T00:00:00
A001282,P001538,TRANSACTION,2018-04-17,,OPEN,2026-01-15T00:00:00
A001283,P000201,HOME_LOAN,2017-11-12,,OPEN,2026-01-15T00:00:00
A001284,P001302,CREDIT_CARD,2018-09-10,,OPEN,2026-01-15T00:00:00
A001285,P001776,TERM_DEPOSIT,2016-09-30,,OPEN,2026-01-15T00:00:00
A001286,P000157,SAVINGS,2025-11-08,,OPEN,2026-02-15T09:00:00
A001287,P000691,HOME_LOAN,2021-01-19,,OPEN,2026-01-15T00:00:00
A001288,P000046,CREDIT_CARD,2024-02-07,,OPEN,2026-01-15T00:00:00
A001289,P001384,CREDIT_CARD,2024-02-04,,OPEN,2026-01-15T00:00:00
A001290,P000965,SAVINGS,2020-02-06,,OPEN,2026-01-15T00:00:00
A001291,P001557,TRANSACTION,2017-03-21,,OPEN,2026-01-15T00:00:00
A001292,P000229,CREDIT_CARD,2017-12-10,,OPEN,2026-01-15T00:00:00
A001293,P001131,HOME_LOAN,2024-10-09,,OPEN,2026-02-15T09:00:00
A001294,P000962,SAVINGS,2024-09-18,,OPEN,2026-01-15T00:00:00
A001295,P001386,HOME_LOAN,2024-07-03,,DORMANT,2026-01-15T00:00:00
A001296,P001297,CREDIT_CARD,2016-02-07,,OPEN,2026-01-15T00:00:00
A001297,P001586,TRANSACTION,2023-02-21,,OPEN,2026-01-15T00:00:00
A001298,P000693,SAVINGS,2019-12-15,,OPEN,2026-01-15T00:00:00
A001299,P000858,HOME_LOAN,2025-07-04,,OPEN,2026-01-15T00:00:00
A001300,P001849,TRANSACTION,2016-04-11,,OPEN,2026-01-15T00:00:00
A001301,P001120,TRANSACTION,2023-12-02,,DORMANT,2026-02-15T09:00:00
A001302,P001124,TERM_DEPOSIT,2018-05-28,,OPEN,2026-01-15T00:00:00
A001303,P001775,HOME_LOAN,2017-03-01,2026-02-15,CLOSED,2026-02-15T09:00:00
A001304,P001333,TERM_DEPOSIT,2025-08-10,,OPEN,2026-01-15T00:00:00
A001305,P000397,SAVINGS,2018-06-16,,OPEN,2026-01-15T09:00:00
A001306,P001974,SAVINGS,2023-07-27,,DORMANT,2026-01-15T00:00:00
A001307,P000248,CREDIT_CARD,2024-02-21,2027-08-02,CLOSED,2026-01-15T00:00:00
A001308,P000787,HOME_LOAN,2025-07-14,,OPEN,2026-01-15T00:00:00
A001309,P001129,TERM_DEPOSIT,2018-06-17,,OPEN,2026-01-15T00:00:00
A001310,P000815,CREDIT_CARD,2016-06-18,,OPEN,2026-01-15T00:00:00
A001311,P000906,TERM_DEPOSIT,2025-09-26,,OPEN,2026-01-15T00:00:00
A001312,P001413,TRANSACTION,2025-03-20,,OPEN,2026-01-15T00:00:00
A001313,P001872,TERM_DEPOSIT,2023-03-15,,OPEN,2026-01-15T00:00:00
A001314,P001797,SAVINGS,2018-02-22,,OPEN,2026-01-15T00:00:00
A001315,P001506,TRANSACTION,2024-12-15,,OPEN,2026-01-15T00:00:00
A001316,P000610,SAVINGS,2016-07-21,,OPEN,2026-01-15T00:00:00
A001317,P000983,TRANSACTION,2021-08-09,,OPEN,2026-01-15T00:00:00
A001318,P000095,HOME_LOAN,2023-07-09,,OPEN,2026-01-15T00:00:00
A001319,P001601,SAVINGS,2017-05-12,,OPEN,2026-01-15T00:00:00
A001320,P001439,TRANSACTION,2022-10-18,,DORMANT,2026-01-15T00:00:00
A001321,P000454,HOME_LOAN,2019-01-03,,OPEN,2026-01-15T00:00:00
A001322,P001751,TERM_DEPOSIT,2024-06-04,,OPEN,2026-01-15T00:00:00
A001323,P000048,TRANSACTION,2020-04-25,,OPEN,2026-01-15T00:00:00
A001324,P001512,CREDIT_CARD,2022-07-31,,DORMANT,2026-02-15T09:00:00
A001325,P000152,TRANSACTION,2019-03-23,,DORMANT,2026-01-15T00:00:00
A001326,P000095,SAVINGS,2022-05-31,,DORMANT,2026-01-15T09:00:00
A001327,P000145,CREDIT_CARD,2024-10-29,,OPEN,2026-01-15T00:00:00
A001328,P001563,HOME_LOAN,2020-08-14,,OPEN,2026-01-15T00:00:00
A001329,P000827,SAVINGS,2021-08-10,,DORMANT,2026-01-15T09:00:00
A001330,P001916,HOME_LOAN,2023-05-15,,OPEN,2026-01-15T00:00:00
A001331,P000634,HOME_LOAN,2016-04-15,,OPEN,2026-01-15T00:00:00
A001332,P000667,TRANSACTION,2024-12-10,2026-01-15,CLOSED,2026-01-15T09:00:00
A001333,P001558,TERM_DEPOSIT,2016-10-05,,OPEN,2026-01-15T00:00:00
A001334,P001574,SAVINGS,2020-05-14,,OPEN,2026-01-15T00:00:00
A001335,P001655,HOME_LOAN,2020-06-16,,OPEN,2026-01-15T00:00:00
A001336,P001964,TRANSACTION,2017-02-17,,OPEN,2026-01-15T00:00:00
A001337,P001130,TERM_DEPOSIT,2022-05-16,,OPEN,2026-01-15T00:00:00
A001338,P001872,TRANSACTION,2022-05-12,2026-02-15,CLOSED,2026-02-15T09:00:00
A001339,P000156,CREDIT_CARD,2024-06-04,,OPEN,2026-01-15T00:00:00
A001340,P000201,SAVINGS,2020-06-07,,OPEN,2026-01-15T00:00:00
A001341,P001566,HOME_LOAN,2023-05-02,,OPEN,2026-01-15T00:00:00
A001342,P000699,TERM_DEPOSIT,2020-05-18,,OPEN,2026-01-15T00:00:00
A001343,P001749,TRANSACTION,2023-01-18,,OPEN,2026-01-15T00:00:00
A001344,P001225,CREDIT_CARD,2017-05-30,,OPEN,2026-01-15T00:00:00
A001345,P000785,TRANSACTION,2024-02-27,,OPEN,2026-01-15T00:00:00
A001346,P000599,CREDIT_CARD,2024-03-28,,OPEN,2026-01-15T00:00:00
A001347,P000757,TERM_DEPOSIT,2017-06-15,,OPEN,2026-01-15T00:00:00
A001348,P000959,SAVINGS,2021-03-21,,OPEN,2026-01-15T00:00:00
A001349,P000904,TRANSACTION,2025-07-19,,OPEN,2026-01-15T00:00:00
A001350,P000125,HOME_LOAN,2025-08-27,,OPEN,2026-01-15T00:00:00
A001351,P000786,TERM_DEPOSIT,2020-10-04,,OPEN,2026-01-15T00:00:00
A001352,P001088,SAVINGS,2017-06-30,,OPEN,2026-01-15T00:00:00
A001353,P000125,SAVINGS,2020-07-25,,OPEN,2026-01-15T00:00:00
A001354,P000628,SAVINGS,2024-11-11,,OPEN,2026-01-15T00:00:00
A001355,P000380,CREDIT_CARD,2020-01-06,,OPEN,2026-01-15T00:00:00
A001356,P001721,TERM_DEPOSIT,2022-08-20,,DORMANT,2026-01-15T00:00:00
A001357,P001445,CREDIT_CARD,2020-04-25,,DORMANT,2026-01-15T00:00:00
A001358,P000102,SAVINGS,2018-06-05,,OPEN,2026-01-15T00:00:00
A001359,P000531,CREDIT_CARD,2019-08-26,,OPEN,2026-01-15T00:00:00
A001360,P000302,CREDIT_CARD,2018-04-11,,OPEN,2026-01-15T00:00:00
A001361,P001707,TERM_DEPOSIT,2023-11-16,,OPEN,2026-01-15T00:00:00
A001362,P000877,TERM_DEPOSIT,2025-06-12,,DORMANT,2026-02-15T09:00:00
A001363,P001336,CREDIT_CARD,2024-06-07,,OPEN,2026-01-15T00:00:00
A001364,P000979,TRANSACTION,2018-04-19,,OPEN,2026-01-15T00:00:00
A001365,P000422,TERM_DEPOSIT,2016-04-26,,DORMANT,2026-01-15T00:00:00
A001366,P001980,CREDIT_CARD,2023-08-17,,OPEN,2026-01-15T00:00:00
A001367,P000283,TERM_DEPOSIT,2020-08-15,,OPEN,2026-02-15T09:00:00
A001368,P001829,HOME_LOAN,2019-03-11,,OPEN,2026-01-15T00:00:00
A001369,P001711,CREDIT_CARD,2021-02-14,,OPEN,2026-01-15T00:00:00
A001370,P001834,TRANSACTION,2019-02-24,,OPEN,2026-01-15T00:00:00
A001371,P001881,HOME_LOAN,2017-01-07,,OPEN,2026-02-15T09:00:00
A001372,P000478,SAVINGS,2021-07-19,,OPEN,2026-01-15T00:00:00
A001373,P001597,TERM_DEPOSIT,2025-04-25,,OPEN,2026-01-15T00:00:00
A001374,P000012,TERM_DEPOSIT,2017-03-29,,OPEN,2026-01-15T00:00:00
A001375,P001074,HOME_LOAN,2017-02-13,2026-01-15,CLOSED,2026-01-15T09:00:00
A001376,P000409,HOME_LOAN,2017-04-20,,OPEN,2026-01-15T00:00:00
A001377,P001959,TERM_DEPOSIT,2021-04-09,,OPEN,2026-01-15T00:00:00
A001378,P000878,TERM_DEPOSIT,2019-04-11,,DORMANT,2026-01-15T00:00:00
A001379,P000392,TERM_DEPOSIT,2017-04-02,,OPEN,2026-01-15T00:00:00
A001380,P001508,CREDIT_CARD,2021-05-06,,OPEN,2026-01-15T00:00:00
A001381,P000948,CREDIT_CARD,2020-05-08,2026-02-15,CLOSED,2026-02-15T09:00:00
A001382,P000521,SAVINGS,2017-12-28,,OPEN,2026-01-15T00:00:00
A001383,P001201,TRANSACTION,2021-01-24,,DORMANT,2026-01-15T00:00:00
A001384,P001079,TERM_DEPOSIT,2023-04-03,,DORMANT,2026-01-15T00:00:00
A001385,P000976,SAVINGS,2024-04-23,,DORMANT,2026-01-15T09:00:00
A001386,P001714,SAVINGS,2016-04-24,,OPEN,2026-01-15T00:00:00
A001387,P000369,TRANSACTION,2020-11-07,,OPEN,2026-01-15T00:00:00
A001388,P001932,SAVINGS,2018-01-15,,OPEN,2026-01-15T00:00:00
A001389,P001559,TRANSACTION,2020-07-21,,OPEN,2026-01-15T00:00:00
A001390,P000759,CREDIT_CARD,2016-08-02,,OPEN,2026-01-15T00:00:00
A001391,P001983,CREDIT_CARD,2021-03-08,,OPEN,2026-01-15T00:00:00
A001392,P000117,TERM_DEPOSIT,2024-10-06,,OPEN,2026-01-15T00:00:00
A001393,P001112,TERM_DEPOSIT,2024-03-11,,OPEN,2026-01-15T00:00:00
A001394,P001714,HOME_LOAN,2024-09-05,,OPEN,2026-01-15T00:00:00
A001395,P000476,TRANSACTION,2021-06-05,,OPEN,2026-01-15T00:00:00
A001396,P000212,CREDIT_CARD,2021-10-03,,OPEN,2026-01-15T00:00:00
A001397,P001197,SAVINGS,2019-06-22,,OPEN,2026-02-15T09:00:00
A001398,P000369,CREDIT_CARD,2023-11-11,,OPEN,2026-01-15T00:00:00
A001399,P000028,TRANSACTION,2019-08-01,,OPEN,2026-01-15T00:00:00
A001400,P000814,TERM_DEPOSIT,2022-12-22,,OPEN,2026-01-15T09:00:00
A001401,P000124,CREDIT_CARD,2020-05-27,,DORMANT,2026-01-15T00:00:00
A001402,P000146,CREDIT_CARD,2019-11-01,,OPEN,2026-01-15T00:00:00
A001403,P001555,TRANSACTION,2020-10-01,,DORMANT,2026-01-15T00:00:00
A001404,P000164,CREDIT_CARD,2023-07-16,,DORMANT,2026-01-15T00:00:00
A001405,P001594,TRANSACTION,2023-10-14,,OPEN,2026-01-15T00:00:00
A001406,P001927,TRANSACTION,2022-02-13,,OPEN,2026-01-15T00:00:00
A001407,P000427,SAVINGS,2022-09-11,,OPEN,2026-01-15T00:00:00
A001408,P000375,TERM_DEPOSIT,2021-04-29,,DORMANT,2026-01-15T00:00:00
A001409,P000458,TRANSACTION,2022-10-28,,OPEN,2026-01-15T00:00:00
A001410,P000327,HOME_LOAN,2016-04-13,,DORMANT,2026-01-15T00:00:00
A001411,P000887,SAVINGS,2022-11-01,,OPEN,2026-01-15T00:00:00
A001412,P000455,HOME_LOAN,2019-09-25,,DORMANT,2026-01-15T09:00:00
A001413,P001548,TERM_DEPOSIT,2025-08-05,,OPEN,2026-01-15T00:00:00
A001414,P001804,TERM_DEPOSIT,2023-01-16,,OPEN,2026-01-15T00:00:00
A001415,P001674,HOME_LOAN,2019-01-20,,OPEN,2026-01-15T00:00:00
A001416,P001236,SAVINGS,2022-04-25,,DORMANT,2026-02-15T09:00:00
A001417,P000260,CREDIT_CARD,2017-09-06,,OPEN,2026-01-15T00:00:00
A001418,P001552,CREDIT_CARD,2018-02-06,,OPEN,2026-01-15T00:00:00
A001419,P000178,SAVINGS,2023-12-09,,DORMANT,2026-02-15T09:00:00
A001420,P000793,SAVINGS,2019-07-16,,OPEN,2026-01-15T00:00:00
A001421,P000611,HOME_LOAN,2022-01-21,,OPEN,2026-01-15T00:00:00
A001422,P000256,CREDIT_CARD,2016-10-18,,OPEN,2026-01-15T00:00:00
A001423,P000809,TERM_DEPOSIT,2017-11-25,,OPEN,2026-01-15T00:00:00
A001424,P001767,SAVINGS,2016-09-19,,OPEN,2026-01-15T00:00:00
A001425,P000728,SAVINGS,2019-10-05,,OPEN,2026-01-15T00:00:00
A001426,P001276,HOME_LOAN,2019-05-14,,OPEN,2026-01-15T00:00:00
A001427,P001480,TRANSACTION,2021-10-08,,OPEN,2026-01-15T00:00:00
A001428,P000890,TERM_DEPOSIT,2020-04-15,,DORMANT,2026-01-15T00:00:00
A001429,P001532,CREDIT_CARD,2016-10-22,,OPEN,2026-01-15T00:00:00
A001430,P001733,TRANSACTION,2021-11-19,,OPEN,2026-01-15T00:00:00
A001431,P000020,TRANSACTION,2024-01-22,,OPEN,2026-01-15T00:00:00
A001432,P001729,SAVINGS,2019-08-16,2023-02-14,CLOSED,2026-01-15T00:00:00
A001433,P001580,TRANSACTION,2025-06-09,,OPEN,2026-02-15T09:00:00
A001434,P001934,TERM_DEPOSIT,2021-10-17,,OPEN,2026-01-15T00:00:00
A001435,P001269,TRANSACTION,2016-01-25,,DORMANT,2026-01-15T00:00:00
A001436,P001172,TRANSACTION,2022-10-29,,OPEN,2026-01-15T00:00:00
A001437,P001840,SAVINGS,2019-05-27,,OPEN,2026-01-15T00:00:00
A001438,P000506,SAVINGS,2022-01-19,2023-03-09,OPEN,2026-01-15T09:00:00
A001439,P000501,TERM_DEPOSIT,2025-11-20,2026-06-05,CLOSED,2026-01-15T00:00:00
A001440,P000766,TERM_DEPOSIT,2025-07-03,,OPEN,2026-01-15T00:00:00
A001441,P000121,TRANSACTION,2022-02-06,,DORMANT,2026-01-15T00:00:00
A001442,P000463,TERM_DEPOSIT,2019-01-10,,DORMANT,2026-01-15T00:00:00
A001443,P001470,TRANSACTION,2022-10-12,,OPEN,2026-01-15T00:00:00
A001444,P001189,HOME_LOAN,2023-06-05,,DORMANT,2026-01-15T00:00:00
A001445,P001147,TERM_DEPOSIT,2016-11-03,,OPEN,2026-01-15T00:00:00
A001446,P001277,SAVINGS,2018-03-01,,OPEN,2026-01-15T00:00:00
A001447,P000394,SAVINGS,2017-06-29,,OPEN,2026-01-15T00:00:00
A001448,P000807,SAVINGS,2022-08-28,,DORMANT,2026-01-15T00:00:00
A001449,P000014,HOME_LOAN,2019-04-27,,OPEN,2026-01-15T00:00:00
A001450,P001529,HOME_LOAN,2025-08-29,,OPEN,2026-01-15T00:00:00
A001451,P000258,TERM_DEPOSIT,2018-09-22,,OPEN,2026-01-15T00:00:00
A001452,P000331,HOME_LOAN,2017-07-09,,OPEN,2026-01-15T00:00:00
A001453,P000682,HOME_LOAN,2025-04-25,,OPEN,2026-01-15T00:00:00
A001454,P001791,HOME_LOAN,2021-07-22,,OPEN,2026-01-15T00:00:00
A001455,P001948,TRANSACTION,2019-03-21,,OPEN,2026-01-15T00:00:00
A001456,P001980,CREDIT_CARD,2024-08-21,,OPEN,2026-01-15T00:00:00
A001457,P000985,CREDIT_CARD,2021-06-16,,OPEN,2026-01-15T00:00:00
A001458,P000569,SAVINGS,2022-06-30,,DORMANT,2026-01-15T09:00:00
A001459,P000786,SAVINGS,2025-03-23,,DORMANT,2026-01-15T00:00:00
A001460,P000549,TRANSACTION,2019-04-14,,OPEN,2026-01-15T00:00:00
A001461,P000917,TERM_DEPOSIT,2019-08-11,,OPEN,2026-01-15T00:00:00
A001462,P000200,HOME_LOAN,2018-12-25,2019-11-21,CLOSED,2026-01-15T00:00:00
A001463,P000155,SAVINGS,2023-12-07,,OPEN,2026-01-15T00:00:00
A001464,P000475,CREDIT_CARD,2024-11-02,,OPEN,2026-01-15T00:00:00
A001465,P001750,TERM_DEPOSIT,2024-07-10,,DORMANT,2026-01-15T00:00:00
A001466,P001367,HOME_LOAN,2020-08-25,,OPEN,2026-01-15T00:00:00
A001467,P000515,CREDIT_CARD,2018-11-25,,DORMANT,2026-01-15T00:00:00
A001468,P000290,TRANSACTION,2024-10-21,,DORMANT,2026-01-15T00:00:00
A001469,P000918,SAVINGS,2018-12-31,2026-02-15,CLOSED,2026-02-15T09:00:00
A001470,P001214,SAVINGS,2025-08-30,,OPEN,2026-01-15T00:00:00
A001471,P001091,TERM_DEPOSIT,2018-07-24,,OPEN,2026-01-15T00:00:00
A001472,P000553,TRANSACTION,2022-06-04,,DORMANT,2026-01-15T00:00:00
A001473,P000216,TRANSACTION,2023-10-26,2026-01-15,CLOSED,2026-01-15T09:00:00
A001474,P001761,TERM_DEPOSIT,2021-12-28,,OPEN,2026-01-15T00:00:00
A001475,P000192,TERM_DEPOSIT,2021-12-25,,OPEN,2026-01-15T00:00:00
A001476,P000285,TRANSACTION,2023-08-10,,OPEN,2026-01-15T00:00:00
A001477,P000613,SAVINGS,2019-06-08,,OPEN,2026-01-15T00:00:00
A001478,P001059,CREDIT_CARD,2018-06-28,,DORMANT,2026-01-15T00:00:00
A001479,P000944,SAVINGS,2020-07-08,,DORMANT,2026-01-15T00:00:00
A001480,P001994,SAVINGS,2023-01-13,,OPEN,2026-01-15T00:00:00
A001481,P000514,SAVINGS,2021-10-05,,OPEN,2026-01-15T00:00:00
A001482,P001027,HOME_LOAN,2024-03-28,2025-09-22,CLOSED,2026-01-15T00:00:00
A001483,P001286,TERM_DEPOSIT,2018-01-07,2026-02-15,CLOSED,2026-02-15T09:00:00
A001484,P001620,TRANSACTION,2018-02-08,,DORMANT,2026-01-15T00:00:00
A001485,P001899,TRANSACTION,2019-05-03,,OPEN,2026-01-15T00:00:00
A001486,P000989,CREDIT_CARD,2022-07-26,,OPEN,2026-01-15T00:00:00
A001487,P001298,CREDIT_CARD,2025-06-30,,OPEN,2026-01-15T00:00:00
A001488,P001969,SAVINGS,2016-08-28,,OPEN,2026-01-15T00:00:00
A001489,P000348,HOME_LOAN,2016-01-31,,OPEN,2026-01-15T09:00:00
A001490,P000880,TERM_DEPOSIT,2019-05-08,2020-01-18,CLOSED,2026-01-15T00:00:00
A001491,P001930,TRANSACTION,2021-12-11,,DORMANT,2026-01-15T00:00:00
A001492,P001467,HOME_LOAN,2024-02-06,,OPEN,2026-01-15T00:00:00
A001493,P000887,TERM_DEPOSIT,2018-07-01,,OPEN,2026-01-15T00:00:00
A001494,P000683,HOME_LOAN,2025-04-26,,DORMANT,2026-01-15T00:00:00
A001495,P001505,HOME_LOAN,2017-02-24,,OPEN,2026-01-15T00:00:00
A001496,P001513,HOME_LOAN,2020-01-05,,OPEN,2026-01-15T00:00:00
A001497,P000656,CREDIT_CARD,2024-01-13,2028-03-07,CLOSED,2026-01-15T00:00:00
A001498,P000828,SAVINGS,2017-01-21,,OPEN,2026-01-15T00:00:00
A001499,P000545,CREDIT_CARD,2025-10-04,,OPEN,2026-02-15T09:00:00
A001500,P001197,SAVINGS,2020-07-20,,OPEN,2026-01-15T00:00:00
A001501,P000443,TERM_DEPOSIT,2021-11-23,,OPEN,2026-01-15T00:00:00
A001502,P001609,HOME_LOAN,2017-09-10,,OPEN,2026-01-15T00:00:00
A001503,P000325,SAVINGS,2021-07-26,,OPEN,2026-01-15T00:00:00
A001504,P000017,TRANSACTION,2023-11-26,,DORMANT,2026-01-15T00:00:00
A001505,P001493,CREDIT_CARD,2019-12-24,,OPEN,2026-01-15T00:00:00
A001506,P000614,CREDIT_CARD,2024-01-28,,OPEN,2026-01-15T00:00:00
A001507,P000386,HOME_LOAN,2024-01-12,,OPEN,2026-01-15T00:00:00
A001508,P000369,TRANSACTION,2017-06-07,,OPEN,2026-01-15T00:00:00
A001509,P000347,SAVINGS,2024-12-10,,DORMANT,2026-01-15T00:00:00
A001510,P000178,TERM_DEPOSIT,2023-03-16,,DORMANT,2026-01-15T00:00:00
A001511,P001216,TRANSACTION,2019-07-28,,OPEN,2026-01-15T00:00:00
A001512,P001438,CREDIT_CARD,2017-02-14,,OPEN,2026-01-15T00:00:00
A001513,P001420,CREDIT_CARD,2021-07-15,,OPEN,2026-01-15T00:00:00
A001514,P000816,TRANSACTION,2025-07-07,,OPEN,2026-01-15T00:00:00
A001515,P001826,TERM_DEPOSIT,2023-01-07,,DORMANT,2026-01-15T00:00:00
A001516,P001971,HOME_LOAN,2016-09-03,,DORMANT,2026-01-15T00:00:00
A001517,P000379,TRANSACTION,2021-11-28,,OPEN,2026-01-15T00:00:00
A001518,P001325,TRANSACTION,2020-08-10,,DORMANT,2026-01-15T00:00:00
A001519,P001258,TRANSACTION,2025-10-01,,OPEN,2026-01-15T00:00:00
A001520,P000172,HOME_LOAN,2025-05-26,,OPEN,2026-01-15T00:00:00
A001521,P001562,SAVINGS,2023-07-01,,OPEN,2026-01-15T00:00:00
A001522,P000275,SAVINGS,2019-12-02,,OPEN,2026-01-15T00:00:00
A001523,P000191,TRANSACTION,2022-08-14,,DORMANT,2026-01-15T00:00:00
A001524,P001745,TRANSACTION,2019-04-28,,DORMANT,2026-01-15T09:00:00
A001525,P001976,TRANSACTION,2018-03-02,,OPEN,2026-01-15T00:00:00
A001526,P000995,TRANSACTION,2020-01-11,,OPEN,2026-01-15T00:00:00
A001527,P000819,TRANSACTION,2022-05-14,,OPEN,2026-01-15T00:00:00
A001528,P001701,TRANSACTION,2018-04-11,,OPEN,2026-01-15T00:00:00
A001529,P001782,SAVINGS,2020-08-23,2022-12-31,CLOSED,2026-01-15T00:00:00
A001530,P001076,TERM_DEPOSIT,2022-10-21,,OPEN,2026-01-15T00:00:00
A001531,P000666,SAVINGS,2025-11-04,,OPEN,2026-01-15T00:00:00
A001532,P000555,CREDIT_CARD,2020-10-07,,OPEN,2026-01-15T00:00:00
A001533,P000871,SAVINGS,2024-12-12,,OPEN,2026-01-15T00:00:00
A001534,P000227,SAVINGS,2016-05-06,,DORMANT,2026-01-15T09:00:00
A001535,P001610,CREDIT_CARD,2016-03-26,2026-01-15,CLOSED,2026-01-15T09:00:00
A001536,P001918,HOME_LOAN,2024-09-03,,OPEN,2026-01-15T00:00:00
A001537,P000190,CREDIT_CARD,2023-01-21,,OPEN,2026-01-15T00:00:00
A001538,P000409,TRANSACTION,2022-08-07,,OPEN,2026-01-15T00:00:00
A001539,P001843,TERM_DEPOSIT,2021-08-06,,OPEN,2026-01-15T00:00:00
A001540,P000402,CREDIT_CARD,2024-08-27,,OPEN,2026-01-15T09:00:00
A001541,P001348,CREDIT_CARD,2023-12-16,,OPEN,2026-01-15T00:00:00
A001542,P001947,CREDIT_CARD,2020-02-03,,OPEN,2026-01-15T09:00:00
A001543,P001758,SAVINGS,2017-07-11,,OPEN,2026-01-15T00:00:00
A001544,P000598,SAVINGS,2017-02-05,,OPEN,2026-01-15T00:00:00
A001545,P001676,TERM_DEPOSIT,2018-12-19,2024-01-24,CLOSED,2026-01-15T00:00:00
A001546,P000969,TERM_DEPOSIT,2021-02-25,,DORMANT,2026-01-15T00:00:00
A001547,P001047,HOME_LOAN,2016-05-02,,OPEN,2026-01-15T00:00:00
A001548,P000177,CREDIT_CARD,2021-01-04,,OPEN,2026-01-15T00:00:00
A001549,P000386,SAVINGS,2019-01-04,,OPEN,2026-01-15T00:00:00
A001550,P000084,SAVINGS,2022-08-07,,OPEN,2026-01-15T00:00:00
A001551,P000911,TERM_DEPOSIT,2022-09-28,,OPEN,2026-01-15T00:00:00
A001552,P000159,CREDIT_CARD,2022-12-20,,OPEN,2026-01-15T00:00:00
A001553,P000707,CREDIT_CARD,2024-01-27,,OPEN,2026-01-15T00:00:00
A001554,P000402,HOME_LOAN,2017-03-15,,OPEN,2026-01-15T00:00:00
A001555,P000523,CREDIT_CARD,2016-09-20,,OPEN,2026-01-15T00:00:00
A001556,P000022,SAVINGS,2019-07-26,,OPEN,2026-01-15T00:00:00
A001557,P001582,HOME_LOAN,2021-12-07,,OPEN,2026-01-15T09:00:00
A001558,P000775,SAVINGS,2021-10-24,,OPEN,2026-01-15T00:00:00
A001559,P000084,TERM_DEPOSIT,2021-04-09,,OPEN,2026-01-15T00:00:00
A001560,P000405,HOME_LOAN,2018-03-30,,OPEN,2026-01-15T00:00:00
A001561,P000545,TRANSACTION,2021-02-03,,OPEN,2026-01-15T00:00:00
A001562,P001960,TRANSACTION,2018-08-21,,OPEN,2026-01-15T00:00:00
A001563,P001025,TERM_DEPOSIT,2019-04-13,,OPEN,2026-01-15T00:00:00
A001564,P000986,TERM_DEPOSIT,2018-12-10,2026-01-15,CLOSED,2026-01-15T09:00:00
A001565,P001487,TERM_DEPOSIT,2024-01-02,,OPEN,2026-01-15T00:00:00
A001566,P001208,HOME_LOAN,2023-05-01,,OPEN,2026-01-15T00:00:00
A001567,P000066,HOME_LOAN,2025-10-12,,DORMANT,2026-01-15T00:00:00
A001568,P001092,TRANSACTION,2017-03-14,,OPEN,2026-01-15T00:00:00
A001569,P000102,TERM_DEPOSIT,2023-01-09,,OPEN,2026-01-15T00:00:00
A001570,P001300,CREDIT_CARD,2020-06-24,,DORMANT,2026-01-15T00:00:00
A001571,P000454,CREDIT_CARD,2017-09-11,,OPEN,2026-01-15T00:00:00
A001572,P001070,TERM_DEPOSIT,2020-04-17,2022-01-01,CLOSED,2026-01-15T00:00:00
A001573,P000811,CREDIT_CARD,2023-07-31,,OPEN,2026-01-15T00:00:00
A001574,P000924,TERM_DEPOSIT,2025-01-13,,OPEN,2026-01-15T00:00:00
A001575,P001835,CREDIT_CARD,2016-02-09,,OPEN,2026-01-15T00:00:00
A001576,P001391,CREDIT_CARD,2016-06-09,,OPEN,2026-01-15T00:00:00
A001577,P001133,TRANSACTION,2017-06-29,,OPEN,2026-01-15T00:00:00
A001578,P001806,TRANSACTION,2021-11-01,,OPEN,2026-01-15T00:00:00
A001579,P001059,HOME_LOAN,2020-02-19,,OPEN,2026-01-15T00:00:00
A001580,P000122,SAVINGS,2019-07-22,,OPEN,2026-01-15T00:00:00
A001581,P001424,SAVINGS,2020-11-18,,OPEN,2026-01-15T00:00:00
A001582,P000022,HOME_LOAN,2019-06-29,,DORMANT,2026-01-15T00:00:00
A001583,P001428,CREDIT_CARD,2022-07-04,,DORMANT,2026-01-15T09:00:00
A001584,P001151,CREDIT_CARD,2018-09-03,,DORMANT,2026-01-15T00:00:00
A001585,P000483,TERM_DEPOSIT,2025-09-24,,OPEN,2026-01-15T00:00:00
A001586,P000877,TRANSACTION,2021-05-04,,OPEN,2026-01-15T00:00:00
A001587,P000466,SAVINGS,2022-03-05,,DORMANT,2026-01-15T00:00:00
A001588,P000870,HOME_LOAN,2020-12-23,,OPEN,2026-01-15T00:00:00
A001589,P000055,CREDIT_CARD,2020-04-01,,OPEN,2026-01-15T00:00:00
A001590,P001363,SAVINGS,2020-07-17,,OPEN,2026-01-15T00:00:00
A001591,P000964,TRANSACTION,2025-09-16,,DORMANT,2026-01-15T00:00:00
A001592,P000374,SAVINGS,2019-10-25,,OPEN,2026-02-15T09:00:00
A001593,P001756,CREDIT_CARD,2021-03-30,,OPEN,2026-01-15T00:00:00
A001594,P001589,TRANSACTION,2019-07-08,,OPEN,2026-01-15T00:00:00
A001595,P001048,CREDIT_CARD,2019-01-26,,OPEN,2026-01-15T00:00:00
A001596,P000882,TERM_DEPOSIT,2020-04-05,,OPEN,2026-01-15T00:00:00
A001597,P000674,HOME_LOAN,2023-07-07,,OPEN,2026-01-15T00:00:00
A001598,P000793,CREDIT_CARD,2016-11-23,,DORMANT,2026-01-15T00:00:00
A001599,P000849,SAVINGS,2017-07-14,2026-02-15,CLOSED,2026-02-15T09:00:00
A001600,P000346,HOME_LOAN,2022-07-18,,OPEN,2026-01-15T00:00:00
A001601,P001736,HOME_LOAN,2018-03-08,,OPEN,2026-01-15T00:00:00
A001602,P000818,TRANSACTION,2017-06-25,,OPEN,2026-01-15T00:00:00
A001603,P001635,TERM_DEPOSIT,2017-08-22,,DORMANT,2026-01-15T00:00:00
A001604,P001373,TERM_DEPOSIT,2016-06-12,,OPEN,2026-01-15T00:00:00
A001605,P001696,TRANSACTION,2019-07-23,,OPEN,2026-01-15T00:00:00
A001606,P000537,HOME_LOAN,2018-03-04,,OPEN,2026-01-15T00:00:00
A001607,P001566,TRANSACTION,2021-03-22,,OPEN,2026-01-15T00:00:00
A001608,P001398,CREDIT_CARD,2019-11-06,,DORMANT,2026-01-15T00:00:00
A001609,P000421,SAVINGS,2025-08-17,,OPEN,2026-01-15T00:00:00
A001610,P000142,CREDIT_CARD,2016-07-20,,OPEN,2026-01-15T00:00:00
A001611,P001906,TRANSACTION,2017-05-27,,OPEN,2026-01-15T00:00:00
A001612,P001658,HOME_LOAN,2020-08-21,,OPEN,2026-01-15T00:00:00
A001613,P001714,HOME_LOAN,2019-06-10,,OPEN,2026-01-15T00:00:00
A001614,P001378,HOME_LOAN,2016-07-19,,OPEN,2026-01-15T00:00:00
A001615,P000327,CREDIT_CARD,2016-10-21,,OPEN,2026-01-15T00:00:00
A001616,P000857,TERM_DEPOSIT,2024-08-12,,OPEN,2026-01-15T00:00:00
A001617,P001582,SAVINGS,2016-01-19,,OPEN,2026-01-15T00:00:00
A001618,P001510,TRANSACTION,2020-10-04,,OPEN,2026-01-15T00:00:00
A001619,P001700,TERM_DEPOSIT,2019-12-22,,OPEN,2026-01-15T00:00:00
A001620,P000829,HOME_LOAN,2019-02-10,,OPEN,2026-01-15T00:00:00
A001621,P000422,HOME_LOAN,2022-09-08,,OPEN,2026-01-15T00:00:00
A001622,P001361,SAVINGS,2019-12-15,,OPEN,2026-01-15T00:00:00
A001623,P000486,TERM_DEPOSIT,2024-12-25,,DORMANT,2026-02-15T09:00:00
A001624,P001310,HOME_LOAN,2022-07-27,,OPEN,2026-01-15T00:00:00
A001625,P000578,TERM_DEPOSIT,2018-03-13,,OPEN,2026-01-15T00:00:00
A001626,P000857,CREDIT_CARD,2017-04-08,,OPEN,2026-01-15T00:00:00
A001627,P001226,SAVINGS,2025-08-29,2026-03-07,CLOSED,2026-01-15T00:00:00
A001628,P001103,CREDIT_CARD,2019-01-16,,OPEN,2026-01-15T00:00:00
A001629,P000529,HOME_LOAN,2023-10-31,,OPEN,2026-01-15T00:00:00
A001630,P000556,SAVINGS,2020-01-05,,OPEN,2026-01-15T00:00:00
A001631,P001520,TERM_DEPOSIT,2019-08-31,,DORMANT,2026-01-15T00:00:00
A001632,P001662,TRANSACTION,2018-07-29,,OPEN,2026-01-15T00:00:00
A001633,P001784,TRANSACTION,2018-02-20,,OPEN,2026-01-15T00:00:00
A001634,P000228,CREDIT_CARD,2020-09-25,,OPEN,2026-02-15T09:00:00
A001635,P001899,TRANSACTION,2020-09-02,,OPEN,2026-01-15T00:00:00
A001636,P001953,TERM_DEPOSIT,2021-08-17,,OPEN,2026-01-15T00:00:00
A001637,P000233,TERM_DEPOSIT,2018-07-10,,OPEN,2026-01-15T00:00:00
A001638,P001187,TRANSACTION,2016-01-22,,OPEN,2026-01-15T00:00:00
A001639,P001742,TERM_DEPOSIT,2024-10-21,,OPEN,2026-01-15T00:00:00
A001640,P001886,SAVINGS,2016-01-24,,OPEN,2026-01-15T00:00:00
A001641,P000190,TERM_DEPOSIT,2016-06-05,,OPEN,2026-01-15T00:00:00
A001642,P000919,TRANSACTION,2025-12-10,,OPEN,2026-01-15T00:00:00
A001643,P001918,HOME_LOAN,2024-09-04,,OPEN,2026-01-15T00:00:00
A001644,P000611,TRANSACTION,2024-03-17,2026-02-15,CLOSED,2026-02-15T09:00:00
A001645,P000416,TRANSACTION,2020-12-15,,DORMANT,2026-01-15T00:00:00
A001646,P000064,HOME_LOAN,2020-03-16,,OPEN,2026-01-15T00:00:00
A001647,P001968,TRANSACTION,2018-10-11,,DORMANT,2026-01-15T00:00:00
A001648,P000307,HOME_LOAN,2020-11-12,,OPEN,2026-01-15T00:00:00
A001649,P000849,HOME_LOAN,2024-02-07,,OPEN,2026-01-15T00:00:00
A001650,P001577,TERM_DEPOSIT,2024-01-04,,DORMANT,2026-02-15T09:00:00
A001651,P001078,TERM_DEPOSIT,2016-08-14,,OPEN,2026-01-15T00:00:00
A001652,P001352,TRANSACTION,2017-07-10,,DORMANT,2026-01-15T09:00:00
A001653,P001039,HOME_LOAN,2020-10-29,,OPEN,2026-01-15T00:00:00
A001654,P000376,CREDIT_CARD,2022-02-27,2025-11-10,CLOSED,2026-01-15T00:00:00
A001655,P000858,HOME_LOAN,2022-11-14,,OPEN,2026-01-15T00:00:00
A001656,P001213,TRANSACTION,2025-12-08,,OPEN,2026-01-15T00:00:00
A001657,P001831,CREDIT_CARD,2017-11-23,2026-01-15,OPEN,2026-02-15T09:00:00
A001658,P001638,CREDIT_CARD,2016-05-01,,OPEN,2026-01-15T00:00:00
A001659,P000031,HOME_LOAN,2021-05-28,,OPEN,2026-01-15T00:00:00
A001660,P001721,TRANSACTION,2025-08-03,,OPEN,2026-01-15T00:00:00
A001661,P000934,TRANSACTION,2023-04-08,,OPEN,2026-01-15T00:00:00
A001662,P000358,CREDIT_CARD,2018-10-31,,OPEN,2026-01-15T00:00:00
A001663,P001807,TERM_DEPOSIT,2023-10-11,,OPEN,2026-01-15T00:00:00
A001664,P000667,HOME_LOAN,2022-10-24,,OPEN,2026-01-15T00:00:00
A001665,P000376,TERM_DEPOSIT,2021-09-06,,OPEN,2026-01-15T00:00:00
A001666,P001393,CREDIT_CARD,2022-03-19,2027-06-04,CLOSED,2026-01-15T00:00:00
A001667,P000022,TERM_DEPOSIT,2025-11-22,,OPEN,2026-01-15T00:00:00
A001668,P001347,SAVINGS,2016-11-14,,OPEN,2026-01-15T00:00:00
A001669,P001795,TERM_DEPOSIT,2022-08-13,,OPEN,2026-01-15T00:00:00
A001670,P000038,HOME_LOAN,2023-07-20,,OPEN,2026-01-15T00:00:00
A001671,P000319,SAVINGS,2024-12-13,,DORMANT,2026-01-15T00:00:00
A001672,P000018,SAVINGS,2020-10-25,,OPEN,2026-01-15T00:00:00
A001673,P001167,CREDIT_CARD,2019-10-11,2026-01-15,CLOSED,2026-01-15T09:00:00
A001674,P001898,TRANSACTION,2021-06-01,,DORMANT,2026-01-15T00:00:00
A001675,P001329,CREDIT_CARD,2023-02-27,,OPEN,2026-01-15T00:00:00
A001676,P001544,TERM_DEPOSIT,2025-12-13,,OPEN,2026-01-15T00:00:00
A001677,P000272,TERM_DEPOSIT,2023-03-30,,OPEN,2026-01-15T00:00:00
A001678,P000455,CREDIT_CARD,2025-06-27,,OPEN,2026-01-15T00:00:00
A001679,P000162,HOME_LOAN,2023-02-03,,OPEN,2026-01-15T00:00:00
A001680,P000752,TERM_DEPOSIT,2016-10-26,,OPEN,2026-01-15T00:00:00
A001681,P000497,CREDIT_CARD,2018-05-04,,OPEN,2026-01-15T00:00:00
A001682,P001721,HOME_LOAN,2016-09-07,,OPEN,2026-01-15T00:00:00
A001683,P000721,HOME_LOAN,2019-10-30,,OPEN,2026-01-15T00:00:00
A001684,P000509,HOME_LOAN,2020-11-22,2023-02-16,CLOSED,2026-01-15T00:00:00
A001685,P000819,CREDIT_CARD,2022-11-10,,DORMANT,2026-01-15T00:00:00
A001686,P001967,SAVINGS,2024-04-02,2025-09-16,CLOSED,2026-01-15T00:00:00
A001687,P000825,CREDIT_CARD,2021-02-28,,OPEN,2026-01-15T00:00:00
A001688,P001986,HOME_LOAN,2019-03-08,,OPEN,2026-01-15T00:00:00
A001689,P000150,SAVINGS,2021-05-21,,OPEN,2026-01-15T00:00:00
A001690,P001161,CREDIT_CARD,2021-10-11,,OPEN,2026-01-15T00:00:00
A001691,P001853,SAVINGS,2016-05-14,,DORMANT,2026-01-15T00:00:00
A001692,P001948,TERM_DEPOSIT,2024-06-12,,OPEN,2026-01-15T00:00:00
A001693,P000792,SAVINGS,2023-11-16,,OPEN,2026-01-15T00:00:00
A001694,P001154,HOME_LOAN,2024-02-06,2024-12-25,CLOSED,2026-01-15T00:00:00
A001695,P000815,TRANSACTION,2025-11-01,,OPEN,2026-01-15T00:00:00
A001696,P001165,HOME_LOAN,2020-11-14,,DORMANT,2026-01-15T00:00:00
A001697,P001827,TERM_DEPOSIT,2021-05-20,,OPEN,2026-01-15T00:00:00
A001698,P001208,HOME_LOAN,2021-09-24,,OPEN,2026-01-15T00:00:00
A001699,P001204,HOME_LOAN,2018-08-03,2026-02-15,CLOSED,2026-02-15T09:00:00
A001700,P001122,SAVINGS,2017-02-01,2018-06-17,OPEN,2026-02-15T09:00:00
A001701,P001504,CREDIT_CARD,2022-05-13,,OPEN,2026-01-15T00:00:00
A001702,P001138,HOME_LOAN,2016-04-04,2019-01-09,CLOSED,2026-01-15T00:00:00
A001703,P001251,SAVINGS,2017-12-30,,OPEN,2026-01-15T00:00:00
A001704,P000888,TRANSACTION,2021-10-14,,DORMANT,2026-01-15T09:00:00
A001705,P000521,HOME_LOAN,2022-08-01,,OPEN,2026-01-15T00:00:00
A001706,P001940,TERM_DEPOSIT,2024-01-09,,OPEN,2026-01-15T00:00:00
A001707,P000195,TERM_DEPOSIT,2019-02-21,2026-01-15,CLOSED,2026-01-15T09:00:00
A001708,P001527,SAVINGS,2023-09-19,,OPEN,2026-01-15T00:00:00
A001709,P000316,SAVINGS,2017-05-21,,OPEN,2026-01-15T00:00:00
A001710,P000009,TRANSACTION,2021-06-12,,OPEN,2026-01-15T00:00:00
A001711,P001336,CREDIT_CARD,2022-09-17,,OPEN,2026-01-15T00:00:00
A001712,P001263,TRANSACTION,2021-06-27,,OPEN,2026-01-15T00:00:00
A001713,P001335,SAVINGS,2017-01-27,,OPEN,2026-01-15T00:00:00
A001714,P000582,HOME_LOAN,2016-05-24,,OPEN,2026-01-15T00:00:00
A001715,P000242,TRANSACTION,2025-03-02,,OPEN,2026-01-15T00:00:00
A001716,P001177,CREDIT_CARD,2023-09-02,,OPEN,2026-01-15T00:00:00
A001717,P001301,HOME_LOAN,2022-05-10,,OPEN,2026-01-15T00:00:00
A001718,P001211,HOME_LOAN,2020-09-08,,OPEN,2026-01-15T00:00:00
A001719,P000670,CREDIT_CARD,2019-11-26,,OPEN,2026-01-15T00:00:00
A001720,P001609,SAVINGS,2022-08-17,,OPEN,2026-01-15T00:00:00
A001721,P000674,HOME_LOAN,2022-08-19,,DORMANT,2026-01-15T00:00:00
A001722,P000113,HOME_LOAN,2018-01-02,,OPEN,2026-01-15T00:00:00
A001723,P001703,SAVINGS,2023-11-29,,OPEN,2026-02-15T09:00:00
A001724,P000992,CREDIT_CARD,2025-08-12,,OPEN,2026-01-15T00:00:00
A001725,P001639,TRANSACTION,2021-02-27,,OPEN,2026-01-15T00:00:00
A001726,P001144,HOME_LOAN,2018-12-24,,DORMANT,2026-01-15T00:00:00
A001727,P001920,HOME_LOAN,2021-06-19,,OPEN,2026-01-15T00:00:00
A001728,P001886,TRANSACTION,2016-09-06,,OPEN,2026-01-15T00:00:00
A001729,P000757,CREDIT_CARD,2018-09-06,2021-11-02,CLOSED,2026-01-15T00:00:00
A001730,P000174,CREDIT_CARD,2024-06-25,,DORMANT,2026-01-15T00:00:00
A001731,P001286,TRANSACTION,2018-07-28,,OPEN,2026-01-15T00:00:00
A001732,P000837,TRANSACTION,2020-12-05,,OPEN,2026-01-15T00:00:00
A001733,P000682,CREDIT_CARD,2020-01-22,,OPEN,2026-01-15T00:00:00
A001734,P001334,TERM_DEPOSIT,2024-03-30,,OPEN,2026-01-15T00:00:00
A001735,P000634,SAVINGS,2016-06-07,2026-02-15,CLOSED,2026-02-15T09:00:00
A001736,P001005,TERM_DEPOSIT,2017-01-15,,DORMANT,2026-01-15T00:00:00
A001737,P000651,SAVINGS,2024-08-10,,OPEN,2026-01-15T00:00:00
A001738,P000987,HOME_LOAN,2025-02-22,,OPEN,2026-01-15T00:00:00
A001739,P000198,TRANSACTION,2022-06-02,,DORMANT,2026-01-15T00:00:00
A001740,P001015,SAVINGS,2025-05-18,,OPEN,2026-01-15T00:00:00
A001741,P001016,TERM_DEPOSIT,2018-10-03,2026-01-15,CLOSED,2026-01-15T09:00:00
A001742,P000176,HOME_LOAN,2025-04-06,,OPEN,2026-01-15T00:00:00
A001743,P001978,TRANSACTION,2017-06-01,,OPEN,2026-01-15T00:00:00
A001744,P001706,HOME_LOAN,2024-04-25,,OPEN,2026-01-15T00:00:00
A001745,P001223,TRANSACTION,2017-08-12,,OPEN,2026-02-15T09:00:00
A001746,P000991,SAVINGS,2019-05-03,,OPEN,2026-01-15T00:00:00
A001747,P000388,TERM_DEPOSIT,2023-08-09,,OPEN,2026-01-15T00:00:00
A001748,P000601,TERM_DEPOSIT,2017-10-02,,OPEN,2026-01-15T00:00:00
A001749,P000586,HOME_LOAN,2022-11-16,,OPEN,2026-01-15T09:00:00
A001750,P000554,CREDIT_CARD,2019-02-17,,OPEN,2026-01-15T00:00:00
A001751,P001535,HOME_LOAN,2021-02-14,,OPEN,2026-01-15T00:00:00
A001752,P001586,SAVINGS,2021-04-18,,DORMANT,2026-01-15T00:00:00
A001753,P001890,TRANSACTION,2022-06-04,2026-06-19,OPEN,2026-01-15T09:00:00
A001754,P000658,TRANSACTION,2016-07-28,,OPEN,2026-01-15T00:00:00
A001755,P000146,CREDIT_CARD,2017-03-29,,OPEN,2026-01-15T00:00:00
A001756,P001881,HOME_LOAN,2018-11-24,,OPEN,2026-01-15T00:00:00
A001757,P000731,TRANSACTION,2016-05-22,2026-02-15,CLOSED,2026-02-15T09:00:00
A001758,P001968,SAVINGS,2020-07-16,,DORMANT,2026-02-15T09:00:00
A001759,P000710,TRANSACTION,2016-04-09,,OPEN,2026-01-15T00:00:00
A001760,P000394,TERM_DEPOSIT,2022-12-15,,OPEN,2026-01-15T00:00:00
A001761,P000150,HOME_LOAN,2025-07-18,,OPEN,2026-01-15T00:00:00
A001762,P000002,TERM_DEPOSIT,2017-01-17,,OPEN,2026-01-15T00:00:00
A001763,P000161,TRANSACTION,2022-01-28,2026-01-15,CLOSED,2026-01-15T09:00:00
A001764,P000925,TERM_DEPOSIT,2022-05-12,,DORMANT,2026-01-15T00:00:00
A001765,P001268,CREDIT_CARD,2022-12-01,,OPEN,2026-02-15T09:00:00
A001766,P001233,TRANSACTION,2018-06-16,,OPEN,2026-01-15T00:00:00
A001767,P001007,CREDIT_CARD,2021-06-29,,OPEN,2026-01-15T00:00:00
A001768,P000023,HOME_LOAN,2025-12-05,,OPEN,2026-01-15T00:00:00
A001769,P001640,TRANSACTION,2023-03-16,,DORMANT,2026-01-15T00:00:00
A001770,P001828,TERM_DEPOSIT,2017-12-02,,OPEN,2026-01-15T00:00:00
A001771,P000037,SAVINGS,2024-08-23,,OPEN,2026-01-15T00:00:00
A001772,P001457,HOME_LOAN,2019-03-09,,DORMANT,2026-01-15T00:00:00
A001773,P001647,HOME_LOAN,2024-04-13,,OPEN,2026-01-15T00:00:00
A001774,P001205,CREDIT_CARD,2025-09-09,,OPEN,2026-01-15T00:00:00
A001775,P001571,TRANSACTION,2021-07-18,,OPEN,2026-01-15T00:00:00
A001776,P001874,HOME_LOAN,2023-04-14,,OPEN,2026-01-15T00:00:00
A001777,P001942,TERM_DEPOSIT,2019-09-28,,OPEN,2026-01-15T00:00:00
A001778,P001523,TRANSACTION,2018-11-30,2022-10-11,CLOSED,2026-01-15T00:00:00
A001779,P000025,SAVINGS,2020-12-21,,OPEN,2026-01-15T00:00:00
A001780,P001245,TERM_DEPOSIT,2021-07-26,,OPEN,2026-01-15T00:00:00
A001781,P000782,TERM_DEPOSIT,2024-12-11,2028-12-27,CLOSED,2026-01-15T00:00:00
A001782,P000423,SAVINGS,2021-01-20,,OPEN,2026-01-15T00:00:00
A001783,P001476,CREDIT_CARD,2017-11-10,,OPEN,2026-01-15T00:00:00
A001784,P001909,SAVINGS,2024-06-23,,OPEN,2026-01-15T00:00:00
A001785,P000614,TERM_DEPOSIT,2019-03-06,2024-02-08,CLOSED,2026-01-15T00:00:00
A001786,P001038,TRANSACTION,2025-09-23,,OPEN,2026-01-15T00:00:00
A001787,P000884,CREDIT_CARD,2017-05-31,,OPEN,2026-01-15T00:00:00
A001788,P001976,HOME_LOAN,2025-06-25,,OPEN,2026-01-15T00:00:00
A001789,P001984,TRANSACTION,2019-09-12,,OPEN,2026-01-15T00:00:00
A001790,P001391,TRANSACTION,2019-04-09,,OPEN,2026-01-15T00:00:00
A001791,P000189,HOME_LOAN,2019-03-28,,OPEN,2026-01-15T00:00:00
A001792,P001418,TERM_DEPOSIT,2016-07-20,,OPEN,2026-01-15T00:00:00
A001793,P000188,SAVINGS,2016-04-02,,OPEN,2026-01-15T00:00:00
A001794,P000297,CREDIT_CARD,2018-04-29,,DORMANT,2026-01-15T00:00:00
A001795,P000686,HOME_LOAN,2021-09-18,,OPEN,2026-01-15T00:00:00
A001796,P001148,TRANSACTION,2022-11-13,,OPEN,2026-01-15T00:00:00
A001797,P000817,SAVINGS,2022-02-11,2026-01-15,DORMANT,2026-02-15T09:00:00
A001798,P000228,HOME_LOAN,2023-11-14,,OPEN,2026-01-15T00:00:00
A001799,P000604,CREDIT_CARD,2018-08-08,,OPEN,2026-01-15T00:00:00
A001800,P000325,SAVINGS,2017-01-01,,OPEN,2026-01-15T00:00:00
A001801,P001230,CREDIT_CARD,2025-10-03,,OPEN,2026-01-15T00:00:00
A001802,P000977,TERM_DEPOSIT,2018-05-10,,OPEN,2026-01-15T00:00:00
A001803,P000606,CREDIT_CARD,2021-11-19,,OPEN,2026-01-15T00:00:00
A001804,P001617,TRANSACTION,2017-10-24,,OPEN,2026-01-15T00:00:00
A001805,P001826,SAVINGS,2016-04-10,,DORMANT,2026-02-15T09:00:00
A001806,P000163,CREDIT_CARD,2018-10-11,,DORMANT,2026-01-15T00:00:00
A001807,P000799,TRANSACTION,2017-07-17,,OPEN,2026-01-15T00:00:00
A001808,P000694,SAVINGS,2016-09-24,,OPEN,2026-01-15T00:00:00
A001809,P001794,CREDIT_CARD,2019-06-30,,DORMANT,2026-01-15T09:00:00
A001810,P000835,SAVINGS,2016-12-11,,DORMANT,2026-02-15T09:00:00
A001811,P000508,TERM_DEPOSIT,2016-03-04,,OPEN,2026-01-15T00:00:00
A001812,P000769,TRANSACTION,2018-01-28,,OPEN,2026-01-15T00:00:00
A001813,P000027,SAVINGS,2021-11-19,,OPEN,2026-01-15T09:00:00
A001814,P001515,HOME_LOAN,2017-07-23,,OPEN,2026-01-15T00:00:00
A001815,P000765,CREDIT_CARD,2022-08-01,,OPEN,2026-01-15T00:00:00
A001816,P000918,TRANSACTION,2016-11-04,,OPEN,2026-01-15T00:00:00
A001817,P001058,CREDIT_CARD,2023-07-15,,DORMANT,2026-01-15T00:00:00
A001818,P001664,TRANSACTION,2025-06-01,,OPEN,2026-01-15T00:00:00
A001819,P000811,CREDIT_CARD,2021-07-19,,OPEN,2026-01-15T00:00:00
A001820,P000017,TERM_DEPOSIT,2023-04-14,,OPEN,2026-01-15T00:00:00
A001821,P001087,TRANSACTION,2025-06-19,,OPEN,2026-01-15T00:00:00
A001822,P000544,TRANSACTION,2018-09-14,,OPEN,2026-01-15T00:00:00
A001823,P000247,TRANSACTION,2018-12-18,,OPEN,2026-01-15T00:00:00
A001824,P000089,HOME_LOAN,2016-04-27,,OPEN,2026-01-15T00:00:00
A001825,P000120,SAVINGS,2024-08-19,2028-05-18,CLOSED,2026-01-15T00:00:00
A001826,P000277,TRANSACTION,2025-08-20,,OPEN,2026-01-15T00:00:00
A001827,P000323,SAVINGS,2019-02-20,,OPEN,2026-01-15T00:00:00
A001828,P001550,TERM_DEPOSIT,2017-05-09,,DORMANT,2026-01-15T00:00:00
A001829,P001223,TERM_DEPOSIT,2019-08-02,,OPEN,2026-01-15T00:00:00
A001830,P001176,SAVINGS,2023-05-14,,DORMANT,2026-01-15T00:00:00
A001831,P001276,HOME_LOAN,2021-07-23,,OPEN,2026-01-15T00:00:00
A001832,P001767,CREDIT_CARD,2021-02-18,,OPEN,2026-01-15T00:00:00
A001833,P001940,CREDIT_CARD,2022-01-18,,DORMANT,2026-01-15T00:00:00
A001834,P000527,TERM_DEPOSIT,2022-08-25,,OPEN,2026-01-15T00:00:00
A001835,P000280,TRANSACTION,2018-11-22,,OPEN,2026-01-15T00:00:00
A001836,P001140,HOME_LOAN,2022-05-20,2026-01-15,CLOSED,2026-01-15T09:00:00
A001837,P001895,TERM_DEPOSIT,2022-10-20,,OPEN,2026-01-15T00:00:00
A001838,P000254,HOME_LOAN,2023-06-08,,OPEN,2026-01-15T00:00:00
A001839,P000247,HOME_LOAN,2025-10-11,,OPEN,2026-01-15T00:00:00
A001840,P001288,TERM_DEPOSIT,2019-04-14,,OPEN,2026-01-15T00:00:00
A001841,P001815,TERM_DEPOSIT,2020-01-09,,OPEN,2026-01-15T00:00:00
A001842,P000831,SAVINGS,2017-05-31,,OPEN,2026-01-15T00:00:00
A001843,P001626,TERM_DEPOSIT,2016-03-27,,OPEN,2026-01-15T00:00:00
A001844,P001262,CREDIT_CARD,2024-04-14,,OPEN,2026-01-15T00:00:00
A001845,P000834,CREDIT_CARD,2025-05-16,,OPEN,2026-02-15T09:00:00
A001846,P001662,CREDIT_CARD,2025-10-28,,OPEN,2026-01-15T00:00:00
A001847,P001721,SAVINGS,2024-10-22,,DORMANT,2026-01-15T00:00:00
A001848,P000062,CREDIT_CARD,2022-06-27,,OPEN,2026-01-15T00:00:00
A001849,P001768,SAVINGS,2025-11-04,,OPEN,2026-01-15T00:00:00
A001850,P001887,CREDIT_CARD,2017-06-18,,OPEN,2026-01-15T00:00:00
A001851,P000723,TRANSACTION,2025-10-12,,OPEN,2026-01-15T00:00:00
A001852,P000055,TRANSACTION,2021-11-08,,OPEN,2026-01-15T00:00:00
A001853,P001394,TRANSACTION,2021-10-05,2022-04-21,CLOSED,2026-01-15T00:00:00
A001854,P001486,TRANSACTION,2021-01-04,,OPEN,2026-01-15T00:00:00
A001855,P000192,TERM_DEPOSIT,2021-03-19,,OPEN,2026-01-15T00:00:00
A001856,P001078,CREDIT_CARD,2021-03-19,,OPEN,2026-01-15T00:00:00
A001857,P000264,SAVINGS,2019-07-18,,OPEN,2026-01-15T00:00:00
A001858,P000428,SAVINGS,2023-02-03,,OPEN,2026-01-15T00:00:00
A001859,P000905,HOME_LOAN,2019-05-03,,OPEN,2026-01-15T00:00:00
A001860,P000768,TERM_DEPOSIT,2022-12-26,,OPEN,2026-01-15T00:00:00
A001861,P000437,TRANSACTION,2017-10-02,,OPEN,2026-01-15T00:00:00
A001862,P001422,CREDIT_CARD,2018-05-02,,DORMANT,2026-01-15T00:00:00
A001863,P001480,CREDIT_CARD,2019-06-01,,OPEN,2026-01-15T00:00:00
A001864,P001505,TRANSACTION,2024-07-30,,OPEN,2026-01-15T00:00:00
A001865,P001074,HOME_LOAN,2017-06-15,,OPEN,2026-01-15T00:00:00
A001866,P001975,TERM_DEPOSIT,2019-12-31,,OPEN,2026-01-15T00:00:00
A001867,P001189,SAVINGS,2016-06-15,,OPEN,2026-01-15T00:00:00
A001868,P001812,TRANSACTION,2021-02-21,,OPEN,2026-01-15T00:00:00
A001869,P001804,TERM_DEPOSIT,2019-10-01,,DORMANT,2026-01-15T09:00:00
A001870,P000540,HOME_LOAN,2017-12-16,,OPEN,2026-01-15T00:00:00
A001871,P001955,TRANSACTION,2020-10-19,,OPEN,2026-01-15T00:00:00
A001872,P000100,SAVINGS,2021-10-06,,OPEN,2026-01-15T00:00:00
A001873,P001421,CREDIT_CARD,2023-03-28,2028-02-25,CLOSED,2026-01-15T00:00:00
A001874,P000181,HOME_LOAN,2020-08-23,,DORMANT,2026-01-15T00:00:00
A001875,P000012,TRANSACTION,2022-12-26,,OPEN,2026-01-15T00:00:00
A001876,P000052,HOME_LOAN,2019-08-22,,OPEN,2026-01-15T00:00:00
A001877,P000495,SAVINGS,2021-12-03,,OPEN,2026-01-15T00:00:00
A001878,P000294,HOME_LOAN,2023-11-01,,DORMANT,2026-01-15T00:00:00
A001879,P001610,SAVINGS,2018-02-15,,OPEN,2026-01-15T00:00:00
A001880,P001762,CREDIT_CARD,2023-08-08,,OPEN,2026-01-15T00:00:00
A001881,P000381,HOME_LOAN,2022-09-19,,OPEN,2026-01-15T00:00:00
A001882,P001562,SAVINGS,2024-06-18,,OPEN,2026-01-15T00:00:00
A001883,P001646,CREDIT_CARD,2016-10-24,,OPEN,2026-01-15T00:00:00
A001884,P001215,SAVINGS,2021-09-28,,OPEN,2026-02-15T09:00:00
A001885,P000969,SAVINGS,2023-01-24,,OPEN,2026-01-15T00:00:00
A001886,P000326,SAVINGS,2018-12-26,,DORMANT,2026-01-15T00:00:00
A001887,P000692,SAVINGS,2017-11-16,,OPEN,2026-01-15T00:00:00
A001888,P001404,SAVINGS,2025-06-08,,OPEN,2026-01-15T00:00:00
A001889,P000514,TRANSACTION,2025-09-19,,OPEN,2026-01-15T00:00:00
A001890,P000386,SAVINGS,2025-03-24,,DORMANT,2026-01-15T09:00:00
A001891,P001057,TERM_DEPOSIT,2017-06-04,,OPEN,2026-01-15T00:00:00
A001892,P001969,TERM_DEPOSIT,2022-09-02,2026-02-15,CLOSED,2026-02-15T09:00:00
A001893,P001238,HOME_LOAN,2020-05-30,,OPEN,2026-01-15T00:00:00
A001894,P001245,TRANSACTION,2020-01-26,,OPEN,2026-01-15T00:00:00
A001895,P000678,TERM_DEPOSIT,2016-12-28,,OPEN,2026-01-15T00:00:00
A001896,P001725,TERM_DEPOSIT,2016-04-17,,OPEN,2026-02-15T09:00:00
A001897,P001836,CREDIT_CARD,2018-03-22,,OPEN,2026-01-15T00:00:00
A001898,P000906,TERM_DEPOSIT,2025-04-25,,DORMANT,2026-01-15T00:00:00
A001899,P001247,HOME_LOAN,2021-01-24,,OPEN,2026-01-15T00:00:00
A001900,P001964,SAVINGS,2025-03-07,,OPEN,2026-01-15T00:00:00
A001901,P001467,CREDIT_CARD,2024-07-25,,OPEN,2026-01-15T00:00:00
A001902,P000503,SAVINGS,2017-02-11,,OPEN,2026-01-15T00:00:00
A001903,P001584,CREDIT_CARD,2018-05-29,,OPEN,2026-01-15T00:00:00
A001904,P000308,SAVINGS,2018-12-12,,OPEN,2026-01-15T00:00:00
A001905,P000956,SAVINGS,2020-06-07,,OPEN,2026-01-15T00:00:00
A001906,P000848,HOME_LOAN,2023-09-04,,DORMANT,2026-01-15T00:00:00
A001907,P001955,CREDIT_CARD,2018-02-10,2020-07-11,CLOSED,2026-01-15T00:00:00
A001908,P000057,CREDIT_CARD,2022-08-11,,OPEN,2026-01-15T00:00:00
A001909,P000740,TRANSACTION,2025-12-02,,OPEN,2026-01-15T00:00:00
A001910,P000070,TERM_DEPOSIT,2023-04-16,,OPEN,2026-01-15T00:00:00
A001911,P001277,HOME_LOAN,2019-01-26,,OPEN,2026-01-15T00:00:00
A001912,P001290,TERM_DEPOSIT,2017-01-11,,OPEN,2026-01-15T00:00:00
A001913,P000076,CREDIT_CARD,2025-01-03,,OPEN,2026-01-15T00:00:00
A001914,P001490,TRANSACTION,2017-02-01,,OPEN,2026-01-15T00:00:00
A001915,P000553,TRANSACTION,2024-06-23,,DORMANT,2026-01-15T09:00:00
A001916,P000889,CREDIT_CARD,2018-05-21,,OPEN,2026-01-15T00:00:00
A001917,P001036,SAVINGS,2017-03-12,,OPEN,2026-01-15T00:00:00
A001918,P000282,TERM_DEPOSIT,2021-02-27,,OPEN,2026-02-15T09:00:00
A001919,P001724,CREDIT_CARD,2019-07-30,,DORMANT,2026-01-15T00:00:00
A001920,P001725,TRANSACTION,2016-08-24,,OPEN,2026-01-15T00:00:00
A001921,P000390,HOME_LOAN,2023-03-19,,OPEN,2026-01-15T00:00:00
A001922,P001299,CREDIT_CARD,2018-07-13,2023-08-24,CLOSED,2026-01-15T00:00:00
A001923,P000843,TRANSACTION,2017-01-14,,OPEN,2026-01-15T00:00:00
A001924,P000547,TERM_DEPOSIT,2022-10-15,,OPEN,2026-01-15T00:00:00
A001925,P001200,SAVINGS,2019-04-15,2026-02-15,CLOSED,2026-02-15T09:00:00
A001926,P000445,HOME_LOAN,2024-10-15,,OPEN,2026-01-15T00:00:00
A001927,P001391,CREDIT_CARD,2018-02-13,,OPEN,2026-01-15T00:00:00
A001928,P001109,TERM_DEPOSIT,2017-07-25,,OPEN,2026-01-15T00:00:00
A001929,P001617,TRANSACTION,2016-07-07,2018-02-14,CLOSED,2026-01-15T00:00:00
A001930,P001036,CREDIT_CARD,2019-03-31,,DORMANT,2026-01-15T00:00:00
A001931,P001270,TERM_DEPOSIT,2025-07-29,,OPEN,2026-01-15T00:00:00
A001932,P001775,TERM_DEPOSIT,2016-10-31,,OPEN,2026-01-15T00:00:00
A001933,P001355,SAVINGS,2019-04-06,,DORMANT,2026-01-15T09:00:00
A001934,P001587,CREDIT_CARD,2024-05-10,,DORMANT,2026-01-15T00:00:00
A001935,P000269,SAVINGS,2022-08-20,,OPEN,2026-01-15T00:00:00
A001936,P000780,TRANSACTION,2019-05-04,,OPEN,2026-01-15T00:00:00
A001937,P001471,HOME_LOAN,2024-06-29,,OPEN,2026-01-15T00:00:00
A001938,P001803,HOME_LOAN,2019-05-23,,OPEN,2026-01-15T00:00:00
A001939,P001352,TRANSACTION,2016-12-04,,OPEN,2026-01-15T00:00:00
A001940,P001151,TERM_DEPOSIT,2022-04-07,,OPEN,2026-01-15T00:00:00
A001941,P000008,TRANSACTION,2023-05-28,,OPEN,2026-01-15T00:00:00
A001942,P000894,SAVINGS,2023-11-30,,OPEN,2026-01-15T00:00:00
A001943,P001672,HOME_LOAN,2024-06-01,,OPEN,2026-01-15T09:00:00
A001944,P000622,CREDIT_CARD,2020-01-02,,OPEN,2026-01-15T00:00:00
A001945,P001821,SAVINGS,2022-08-05,,OPEN,2026-01-15T00:00:00
A001946,P000944,HOME_LOAN,2022-02-19,,OPEN,2026-01-15T00:00:00
A001947,P001735,HOME_LOAN,2018-02-25,,OPEN,2026-01-15T00:00:00
A001948,P000289,SAVINGS,2017-04-11,,OPEN,2026-01-15T00:00:00
A001949,P001316,HOME_LOAN,2023-08-30,,OPEN,2026-01-15T00:00:00
A001950,P000675,HOME_LOAN,2018-09-06,,OPEN,2026-01-15T00:00:00
A001951,P000794,HOME_LOAN,2016-06-14,,OPEN,2026-01-15T00:00:00
A001952,P000157,SAVINGS,2025-05-28,,OPEN,2026-01-15T00:00:00
A001953,P001178,TERM_DEPOSIT,2018-02-18,,OPEN,2026-01-15T00:00:00
A001954,P001531,HOME_LOAN,2021-06-19,,OPEN,2026-01-15T00:00:00
A001955,P001781,TERM_DEPOSIT,2019-03-28,,OPEN,2026-01-15T00:00:00
A001956,P001391,TERM_DEPOSIT,2021-07-27,,OPEN,2026-01-15T00:00:00
A001957,P000908,HOME_LOAN,2020-03-07,,OPEN,2026-01-15T00:00:00
A001958,P001631,CREDIT_CARD,2022-12-09,,OPEN,2026-01-15T00:00:00
A001959,P001109,SAVINGS,2023-10-19,,OPEN,2026-02-15T09:00:00
A001960,P001757,CREDIT_CARD,2025-12-01,,DORMANT,2026-01-15T00:00:00
A001961,P001646,TRANSACTION,2024-03-25,,OPEN,2026-01-15T00:00:00
A001962,P000121,HOME_LOAN,2025-05-23,,DORMANT,2026-01-15T00:00:00
A001963,P000171,CREDIT_CARD,2016-02-03,,OPEN,2026-01-15T00:00:00
A001964,P000202,CREDIT_CARD,2021-06-19,,OPEN,2026-01-15T00:00:00
A001965,P000652,CREDIT_CARD,2022-05-05,,OPEN,2026-01-15T00:00:00
A001966,P001947,TERM_DEPOSIT,2018-04-14,,OPEN,2026-01-15T00:00:00
A001967,P001898,HOME_LOAN,2022-04-03,2026-01-15,CLOSED,2026-01-15T09:00:00
A001968,P001539,TERM_DEPOSIT,2021-06-28,,OPEN,2026-01-15T00:00:00
A001969,P001978,SAVINGS,2020-06-04,,OPEN,2026-01-15T00:00:00
A001970,P000562,TRANSACTION,2023-02-07,,OPEN,2026-01-15T00:00:00
A001971,P001072,CREDIT_CARD,2025-11-18,,OPEN,2026-01-15T00:00:00
A001972,P001657,CREDIT_CARD,2022-03-05,,OPEN,2026-01-15T00:00:00
A001973,P000271,TERM_DEPOSIT,2016-11-22,,OPEN,2026-01-15T00:00:00
A001974,P000146,CREDIT_CARD,2018-04-19,,OPEN,2026-01-15T00:00:00
A001975,P000665,TRANSACTION,2021-09-01,,OPEN,2026-01-15T00:00:00
A001976,P000525,TERM_DEPOSIT,2024-03-26,,OPEN,2026-01-15T00:00:00
A001977,P001049,HOME_LOAN,2023-01-16,,OPEN,2026-01-15T00:00:00
A001978,P000606,TRANSACTION,2019-02-06,,OPEN,2026-01-15T00:00:00
A001979,P001706,SAVINGS,2024-05-07,,OPEN,2026-01-15T09:00:00
A001980,P001868,HOME_LOAN,2023-09-13,,OPEN,2026-01-15T00:00:00
A001981,P001588,SAVINGS,2021-03-08,,OPEN,2026-01-15T00:00:00
A001982,P000962,TRANSACTION,2016-07-30,,OPEN,2026-01-15T00:00:00
A001983,P000040,SAVINGS,2017-10-09,,OPEN,2026-01-15T00:00:00
A001984,P001806,HOME_LOAN,2021-05-19,,OPEN,2026-01-15T00:00:00
A001985,P000548,SAVINGS,2022-08-13,,DORMANT,2026-01-15T00:00:00
A001986,P000842,TRANSACTION,2023-07-31,,DORMANT,2026-01-15T09:00:00
A001987,P001420,TERM_DEPOSIT,2024-01-06,,OPEN,2026-01-15T00:00:00
A001988,P001252,HOME_LOAN,2017-10-04,,OPEN,2026-01-15T00:00:00
A001989,P001246,TERM_DEPOSIT,2023-06-16,,OPEN,2026-01-15T00:00:00
A001990,P000551,HOME_LOAN,2017-08-02,,OPEN,2026-01-15T00:00:00
A001991,P000887,TRANSACTION,2025-10-28,,OPEN,2026-01-15T00:00:00
A001992,P001221,CREDIT_CARD,2016-09-21,,OPEN,2026-01-15T00:00:00
A001993,P001681,HOME_LOAN,2016-03-23,,DORMANT,2026-01-15T00:00:00
A001994,P001721,TERM_DEPOSIT,2016-02-13,,DORMANT,2026-01-15T09:00:00
A001995,P001137,TERM_DEPOSIT,2022-03-09,2022-12-18,CLOSED,2026-01-15T00:00:00
A001996,P001248,TERM_DEPOSIT,2023-08-10,,OPEN,2026-01-15T00:00:00
A001997,P000650,TRANSACTION,2020-01-20,,OPEN,2026-01-15T00:00:00
A001998,P001543,CREDIT_CARD,2020-10-03,,OPEN,2026-01-15T00:00:00
A001999,P000612,HOME_LOAN,2017-07-12,,OPEN,2026-01-15T00:00:00
A002000,P001020,SAVINGS,2025-10-19,,OPEN,2026-01-15T00:00:00
A002001,P000038,TERM_DEPOSIT,2019-07-14,,OPEN,2026-01-15T00:00:00
A002002,P001559,HOME_LOAN,2019-05-28,,DORMANT,2026-01-15T00:00:00
A002003,P000885,TRANSACTION,2025-06-15,,OPEN,2026-01-15T00:00:00
A002004,P000513,TERM_DEPOSIT,2024-01-26,,OPEN,2026-01-15T00:00:00
A002005,P001656,TRANSACTION,2024-04-23,,OPEN,2026-01-15T00:00:00
A002006,P000184,TERM_DEPOSIT,2016-12-21,,OPEN,2026-01-15T00:00:00
A002007,P001562,SAVINGS,2020-01-05,,OPEN,2026-01-15T00:00:00
A002008,P001250,TRANSACTION,2022-03-27,,OPEN,2026-01-15T00:00:00
A002009,P000639,SAVINGS,2020-09-14,,OPEN,2026-01-15T00:00:00
A002010,P001154,CREDIT_CARD,2025-07-02,,OPEN,2026-01-15T00:00:00
A002011,P000585,HOME_LOAN,2018-07-03,,OPEN,2026-01-15T00:00:00
A002012,P001248,TERM_DEPOSIT,2021-01-22,,OPEN,2026-01-15T00:00:00
A002013,P000136,HOME_LOAN,2024-09-07,,OPEN,2026-01-15T00:00:00
A002014,P001861,HOME_LOAN,2021-03-10,,OPEN,2026-01-15T00:00:00
A002015,P000007,HOME_LOAN,2017-11-13,,OPEN,2026-01-15T00:00:00
A002016,P000264,HOME_LOAN,2020-02-08,,OPEN,2026-01-15T00:00:00
A002017,P001064,CREDIT_CARD,2022-05-16,,OPEN,2026-01-15T00:00:00
A002018,P001920,TERM_DEPOSIT,2018-02-24,,OPEN,2026-01-15T00:00:00
A002019,P000325,SAVINGS,2024-10-08,,OPEN,2026-01-15T09:00:00
A002020,P000344,CREDIT_CARD,2018-09-16,,OPEN,2026-01-15T00:00:00
A002021,P000738,HOME_LOAN,2025-08-11,,OPEN,2026-01-15T00:00:00
A002022,P001549,TERM_DEPOSIT,2021-09-25,,OPEN,2026-01-15T00:00:00
A002023,P001717,CREDIT_CARD,2024-02-07,,OPEN,2026-01-15T00:00:00
A002024,P000429,TRANSACTION,2022-09-05,,DORMANT,2026-01-15T00:00:00
A002025,P000394,TRANSACTION,2016-06-08,2018-10-02,CLOSED,2026-02-15T09:00:00
A002026,P001209,SAVINGS,2021-06-10,,OPEN,2026-01-15T00:00:00
A002027,P001873,TRANSACTION,2018-08-04,2020-11-01,CLOSED,2026-01-15T00:00:00
A002028,P001084,TRANSACTION,2024-12-04,2027-09-19,CLOSED,2026-02-15T09:00:00
A002029,P000603,SAVINGS,2019-11-23,,OPEN,2026-01-15T00:00:00
A002030,P001682,TERM_DEPOSIT,2021-09-06,,DORMANT,2026-01-15T00:00:00
A002031,P001275,HOME_LOAN,2019-08-24,,OPEN,2026-01-15T00:00:00
A002032,P001911,CREDIT_CARD,2019-04-21,,DORMANT,2026-02-15T09:00:00
A002033,P000942,SAVINGS,2024-03-31,,OPEN,2026-01-15T00:00:00
A002034,P000243,CREDIT_CARD,2023-06-29,,OPEN,2026-01-15T00:00:00
A002035,P001186,TRANSACTION,2018-12-15,,OPEN,2026-01-15T00:00:00
A002036,P000466,CREDIT_CARD,2024-04-05,,DORMANT,2026-01-15T00:00:00
A002037,P000115,TRANSACTION,2018-05-05,,DORMANT,2026-01-15T00:00:00
A002038,P001562,CREDIT_CARD,2018-01-06,,DORMANT,2026-01-15T00:00:00
A002039,P001787,HOME_LOAN,2022-05-31,,DORMANT,2026-02-15T09:00:00
A002040,P000113,HOME_LOAN,2018-12-02,,OPEN,2026-01-15T00:00:00
A002041,P000914,HOME_LOAN,2022-10-24,,DORMANT,2026-01-15T00:00:00
A002042,P000144,CREDIT_CARD,2022-05-04,,OPEN,2026-01-15T00:00:00
A002043,P000642,SAVINGS,2021-03-29,,OPEN,2026-01-15T00:00:00
A002044,P001676,HOME_LOAN,2019-04-22,,OPEN,2026-01-15T00:00:00
A002045,P000081,CREDIT_CARD,2019-11-23,,OPEN,2026-01-15T00:00:00
A002046,P001053,TRANSACTION,2017-07-24,,OPEN,2026-01-15T00:00:00
A002047,P000656,CREDIT_CARD,2022-01-02,,DORMANT,2026-01-15T09:00:00
A002048,P001189,TERM_DEPOSIT,2019-03-16,2026-01-15,CLOSED,2026-01-15T09:00:00
A002049,P001246,CREDIT_CARD,2021-10-25,,OPEN,2026-01-15T00:00:00
A002050,P001126,SAVINGS,2024-01-30,,OPEN,2026-01-15T00:00:00
A002051,P001048,CREDIT_CARD,2020-04-16,,OPEN,2026-01-15T00:00:00
A002052,P000046,SAVINGS,2021-05-08,,OPEN,2026-01-15T00:00:00
A002053,P000816,TRANSACTION,2025-10-08,,OPEN,2026-01-15T00:00:00
A002054,P000817,TRANSACTION,2024-04-07,,OPEN,2026-02-15T09:00:00
A002055,P001293,HOME_LOAN,2023-12-09,,OPEN,2026-01-15T00:00:00
A002056,P000683,TRANSACTION,2025-08-24,,OPEN,2026-01-15T00:00:00
A002057,P001119,TRANSACTION,2019-10-28,,DORMANT,2026-02-15T09:00:00
A002058,P001325,HOME_LOAN,2024-03-23,,DORMANT,2026-01-15T09:00:00
A002059,P001735,TRANSACTION,2020-02-04,,OPEN,2026-01-15T00:00:00
A002060,P001670,TRANSACTION,2020-03-25,,OPEN,2026-01-15T00:00:00
A002061,P000014,CREDIT_CARD,2018-09-07,,DORMANT,2026-01-15T00:00:00
A002062,P001740,HOME_LOAN,2021-08-10,,OPEN,2026-01-15T00:00:00
A002063,P000096,CREDIT_CARD,2025-07-19,,DORMANT,2026-01-15T00:00:00
A002064,P000985,SAVINGS,2019-05-22,,OPEN,2026-01-15T00:00:00
A002065,P000793,HOME_LOAN,2019-05-08,,OPEN,2026-01-15T00:00:00
A002066,P000458,TERM_DEPOSIT,2019-02-26,,DORMANT,2026-01-15T00:00:00
A002067,P001904,CREDIT_CARD,2018-01-14,,OPEN,2026-01-15T00:00:00
A002068,P001847,CREDIT_CARD,2018-07-18,,OPEN,2026-01-15T00:00:00
A002069,P000647,TRANSACTION,2025-06-10,,OPEN,2026-01-15T00:00:00
A002070,P000942,HOME_LOAN,2021-03-29,,OPEN,2026-01-15T00:00:00
A002071,P001062,SAVINGS,2019-01-27,,OPEN,2026-01-15T00:00:00
A002072,P001414,CREDIT_CARD,2023-10-26,,OPEN,2026-01-15T00:00:00
A002073,P000905,SAVINGS,2025-10-23,,DORMANT,2026-01-15T00:00:00
A002074,P000349,SAVINGS,2017-08-31,,OPEN,2026-01-15T00:00:00
A002075,P000696,TRANSACTION,2024-11-01,,OPEN,2026-01-15T00:00:00
A002076,P000651,CREDIT_CARD,2018-04-27,,DORMANT,2026-02-15T09:00:00
A002077,P000732,SAVINGS,2018-05-18,,DORMANT,2026-01-15T00:00:00
A002078,P000979,HOME_LOAN,2018-09-28,,OPEN,2026-01-15T00:00:00
A002079,P001513,SAVINGS,2019-03-12,2026-02-15,CLOSED,2026-02-15T09:00:00
A002080,P001683,TERM_DEPOSIT,2020-03-02,,OPEN,2026-01-15T00:00:00
A002081,P000752,HOME_LOAN,2023-01-03,,OPEN,2026-01-15T00:00:00
A002082,P001990,TRANSACTION,2019-12-07,,OPEN,2026-01-15T00:00:00
A002083,P001818,CREDIT_CARD,2022-06-20,,OPEN,2026-01-15T00:00:00
A002084,P001436,TRANSACTION,2025-05-20,,OPEN,2026-01-15T00:00:00
A002085,P000464,TERM_DEPOSIT,2017-07-09,,OPEN,2026-01-15T00:00:00
A002086,P000820,HOME_LOAN,2016-06-01,,OPEN,2026-01-15T00:00:00
A002087,P001285,CREDIT_CARD,2020-12-24,,OPEN,2026-01-15T00:00:00
A002088,P001093,HOME_LOAN,2016-10-09,,DORMANT,2026-01-15T00:00:00
A002089,P001193,CREDIT_CARD,2025-02-14,,OPEN,2026-01-15T00:00:00
A002090,P001265,CREDIT_CARD,2016-02-10,,DORMANT,2026-01-15T00:00:00
A002091,P001807,SAVINGS,2019-12-06,,OPEN,2026-01-15T00:00:00
A002092,P000619,TERM_DEPOSIT,2023-05-11,,OPEN,2026-01-15T00:00:00
A002093,P000597,TERM_DEPOSIT,2021-12-15,,OPEN,2026-01-15T00:00:00
A002094,P001176,TERM_DEPOSIT,2021-05-04,2021-08-22,CLOSED,2026-01-15T00:00:00
A002095,P001678,CREDIT_CARD,2017-06-03,2021-08-27,CLOSED,2026-01-15T00:00:00
A002096,P000610,TRANSACTION,2016-05-10,,OPEN,2026-01-15T00:00:00
A002097,P001920,SAVINGS,2025-03-20,,OPEN,2026-01-15T00:00:00
A002098,P000447,CREDIT_CARD,2019-01-31,,OPEN,2026-01-15T00:00:00
A002099,P001778,TRANSACTION,2020-04-14,,OPEN,2026-01-15T00:00:00
A002100,P001020,TERM_DEPOSIT,2021-12-23,2026-02-15,CLOSED,2026-02-15T09:00:00
A002101,P000328,HOME_LOAN,2020-11-17,,OPEN,2026-01-15T00:00:00
A002102,P001356,CREDIT_CARD,2018-01-27,,OPEN,2026-01-15T00:00:00
A002103,P000805,HOME_LOAN,2023-05-05,,OPEN,2026-01-15T00:00:00
A002104,P001455,TRANSACTION,2017-04-12,,OPEN,2026-01-15T00:00:00
A002105,P000181,TERM_DEPOSIT,2024-06-05,,OPEN,2026-01-15T00:00:00
A002106,P001444,TERM_DEPOSIT,2019-09-09,,OPEN,2026-01-15T00:00:00
A002107,P001682,SAVINGS,2018-10-03,,OPEN,2026-01-15T00:00:00
A002108,P000185,CREDIT_CARD,2023-06-02,2026-01-15,CLOSED,2026-01-15T09:00:00
A002109,P000763,TRANSACTION,2016-05-17,2019-08-16,CLOSED,2026-01-15T00:00:00
A002110,P000520,HOME_LOAN,2022-01-25,,OPEN,2026-01-15T00:00:00
A002111,P001632,CREDIT_CARD,2023-03-09,,OPEN,2026-01-15T00:00:00
A002112,P001864,SAVINGS,2025-09-09,,DORMANT,2026-01-15T00:00:00
A002113,P000787,CREDIT_CARD,2022-08-06,,OPEN,2026-01-15T00:00:00
A002114,P000361,TRANSACTION,2018-01-03,,OPEN,2026-01-15T00:00:00
A002115,P001172,TERM_DEPOSIT,2022-02-01,,OPEN,2026-01-15T00:00:00
A002116,P000168,CREDIT_CARD,2019-11-07,,OPEN,2026-01-15T00:00:00
A002117,P001891,HOME_LOAN,2022-12-16,,OPEN,2026-01-15T00:00:00
A002118,P000905,TRANSACTION,2024-09-02,,OPEN,2026-01-15T00:00:00
A002119,P000330,SAVINGS,2022-03-08,,OPEN,2026-01-15T00:00:00
A002120,P000192,CREDIT_CARD,2025-02-04,,OPEN,2026-01-15T00:00:00
A002121,P001322,TERM_DEPOSIT,2019-08-18,,OPEN,2026-01-15T00:00:00
A002122,P001563,TERM_DEPOSIT,2024-11-06,,OPEN,2026-01-15T00:00:00
A002123,P000982,CREDIT_CARD,2016-07-25,,OPEN,2026-01-15T00:00:00
A002124,P001444,HOME_LOAN,2018-02-13,,DORMANT,2026-01-15T00:00:00
A002125,P000416,CREDIT_CARD,2023-02-05,,DORMANT,2026-01-15T00:00:00
A002126,P000052,SAVINGS,2016-11-12,,OPEN,2026-01-15T00:00:00
A002127,P001760,SAVINGS,2019-04-30,,DORMANT,2026-01-15T00:00:00
A002128,P001360,SAVINGS,2019-12-13,,OPEN,2026-01-15T00:00:00
A002129,P000058,SAVINGS,2023-09-14,,OPEN,2026-01-15T00:00:00
A002130,P001299,TERM_DEPOSIT,2021-03-13,2026-08-04,DORMANT,2026-02-15T09:00:00
A002131,P001486,HOME_LOAN,2017-07-23,,OPEN,2026-01-15T00:00:00
A002132,P000383,TRANSACTION,2021-08-25,,OPEN,2026-01-15T00:00:00
A002133,P000851,CREDIT_CARD,2019-09-15,,DORMANT,2026-01-15T00:00:00
A002134,P001228,CREDIT_CARD,2020-11-19,,OPEN,2026-01-15T00:00:00
A002135,P001950,TRANSACTION,2021-04-20,,OPEN,2026-02-15T09:00:00
A002136,P000641,CREDIT_CARD,2025-12-10,,OPEN,2026-01-15T00:00:00
A002137,P001661,TRANSACTION,2023-04-06,,OPEN,2026-01-15T00:00:00
A002138,P001716,SAVINGS,2024-06-14,,OPEN,2026-01-15T00:00:00
A002139,P000450,TERM_DEPOSIT,2024-06-17,,OPEN,2026-01-15T00:00:00
A002140,P000081,TRANSACTION,2019-01-29,,OPEN,2026-01-15T00:00:00
A002141,P001990,CREDIT_CARD,2023-08-14,,OPEN,2026-01-15T00:00:00
A002142,P000862,CREDIT_CARD,2019-10-01,,OPEN,2026-01-15T00:00:00
A002143,P000033,TRANSACTION,2021-12-11,2026-02-15,CLOSED,2026-02-15T09:00:00
A002144,P001258,TRANSACTION,2020-08-22,,DORMANT,2026-01-15T00:00:00
A002145,P000623,TERM_DEPOSIT,2022-04-15,,OPEN,2026-01-15T00:00:00
A002146,P000561,TERM_DEPOSIT,2016-10-29,,OPEN,2026-01-15T00:00:00
A002147,P000432,SAVINGS,2025-08-28,,OPEN,2026-01-15T00:00:00
A002148,P000128,CREDIT_CARD,2017-03-31,,DORMANT,2026-01-15T00:00:00
A002149,P001859,TERM_DEPOSIT,2022-07-20,,DORMANT,2026-01-15T00:00:00
A002150,P000286,CREDIT_CARD,2021-02-02,,DORMANT,2026-01-15T00:00:00
A002151,P001125,CREDIT_CARD,2016-11-01,,OPEN,2026-01-15T00:00:00
A002152,P000262,CREDIT_CARD,2023-03-14,,OPEN,2026-01-15T00:00:00
A002153,P001197,TERM_DEPOSIT,2023-07-07,,OPEN,2026-01-15T00:00:00
A002154,P000781,HOME_LOAN,2017-09-19,,OPEN,2026-01-15T09:00:00
A002155,P001193,SAVINGS,2018-11-08,,OPEN,2026-01-15T00:00:00
A002156,P001403,CREDIT_CARD,2018-10-16,,OPEN,2026-01-15T00:00:00
A002157,P000538,TRANSACTION,2021-09-30,,DORMANT,2026-01-15T00:00:00
A002158,P000053,SAVINGS,2022-08-11,,OPEN,2026-01-15T00:00:00
A002159,P001882,HOME_LOAN,2016-05-02,2018-04-24,CLOSED,2026-01-15T00:00:00
A002160,P001521,TERM_DEPOSIT,2025-12-06,2028-01-08,CLOSED,2026-01-15T00:00:00
A002161,P000426,TERM_DEPOSIT,2025-03-31,,OPEN,2026-01-15T00:00:00
A002162,P001399,TERM_DEPOSIT,2017-03-21,2026-01-15,CLOSED,2026-01-15T09:00:00
A002163,P000985,SAVINGS,2016-02-23,,OPEN,2026-01-15T00:00:00
A002164,P001097,SAVINGS,2023-12-08,,OPEN,2026-01-15T00:00:00
A002165,P000960,SAVINGS,2019-07-16,,OPEN,2026-01-15T00:00:00
A002166,P001894,TERM_DEPOSIT,2023-05-05,,OPEN,2026-01-15T00:00:00
A002167,P001513,TRANSACTION,2022-11-12,,OPEN,2026-02-15T09:00:00
A002168,P000598,HOME_LOAN,2021-10-07,,OPEN,2026-01-15T00:00:00
A002169,P000732,TRANSACTION,2016-08-28,,OPEN,2026-01-15T00:00:00
A002170,P001600,HOME_LOAN,2024-09-04,,OPEN,2026-01-15T00:00:00
A002171,P000955,HOME_LOAN,2020-10-28,,OPEN,2026-01-15T00:00:00
A002172,P000130,SAVINGS,2016-09-20,,OPEN,2026-01-15T00:00:00
A002173,P000592,TRANSACTION,2016-02-24,,OPEN,2026-01-15T00:00:00
A002174,P000499,CREDIT_CARD,2019-06-03,,OPEN,2026-01-15T00:00:00
A002175,P000870,TRANSACTION,2020-05-27,,OPEN,2026-01-15T00:00:00
A002176,P001430,HOME_LOAN,2020-03-13,,OPEN,2026-01-15T00:00:00
A002177,P000105,TRANSACTION,2016-12-09,,OPEN,2026-01-15T09:00:00
A002178,P001097,CREDIT_CARD,2024-11-02,,OPEN,2026-01-15T00:00:00
A002179,P000422,HOME_LOAN,2023-03-26,,DORMANT,2026-02-15T09:00:00
A002180,P001921,TRANSACTION,2025-01-05,,OPEN,2026-01-15T00:00:00
A002181,P000985,HOME_LOAN,2023-02-26,,OPEN,2026-01-15T00:00:00
A002182,P000212,TRANSACTION,2021-05-02,,OPEN,2026-01-15T00:00:00
A002183,P000158,HOME_LOAN,2020-07-05,,OPEN,2026-01-15T00:00:00
A002184,P001259,CREDIT_CARD,2020-11-04,,OPEN,2026-01-15T09:00:00
A002185,P000866,TERM_DEPOSIT,2018-11-19,,OPEN,2026-01-15T00:00:00
A002186,P000930,TRANSACTION,2024-07-07,,OPEN,2026-01-15T00:00:00
A002187,P001334,TRANSACTION,2021-05-26,,OPEN,2026-01-15T00:00:00
A002188,P001683,HOME_LOAN,2024-05-11,,DORMANT,2026-01-15T00:00:00
A002189,P001893,TRANSACTION,2018-08-06,,OPEN,2026-01-15T00:00:00
A002190,P000367,SAVINGS,2021-10-14,,DORMANT,2026-01-15T00:00:00
A002191,P000108,SAVINGS,2025-10-27,,OPEN,2026-01-15T00:00:00
A002192,P001963,HOME_LOAN,2023-10-09,,OPEN,2026-01-15T00:00:00
A002193,P001325,TERM_DEPOSIT,2021-02-12,,DORMANT,2026-01-15T00:00:00
A002194,P000668,SAVINGS,2018-02-28,,OPEN,2026-01-15T00:00:00
A002195,P000195,TRANSACTION,2024-01-28,,OPEN,2026-01-15T00:00:00
A002196,P000055,CREDIT_CARD,2022-09-19,,OPEN,2026-01-15T00:00:00
A002197,P000211,TERM_DEPOSIT,2021-05-17,,OPEN,2026-01-15T00:00:00
A002198,P001512,HOME_LOAN,2025-02-11,,OPEN,2026-01-15T00:00:00
A002199,P000195,CREDIT_CARD,2019-08-11,,OPEN,2026-01-15T00:00:00
A002200,P000421,HOME_LOAN,2021-03-14,2026-01-15,CLOSED,2026-01-15T09:00:00
A002201,P001746,SAVINGS,2024-05-19,,OPEN,2026-01-15T00:00:00
A002202,P000654,SAVINGS,2022-11-04,,OPEN,2026-01-15T00:00:00
A002203,P000267,SAVINGS,2016-03-19,2020-02-08,CLOSED,2026-01-15T00:00:00
A002204,P000773,SAVINGS,2023-12-26,,OPEN,2026-01-15T00:00:00
A002205,P001967,HOME_LOAN,2018-08-13,,OPEN,2026-01-15T00:00:00
A002206,P000154,TRANSACTION,2017-06-19,,OPEN,2026-01-15T00:00:00
A002207,P001094,TERM_DEPOSIT,2017-06-16,,OPEN,2026-01-15T00:00:00
A002208,P000206,SAVINGS,2023-08-13,,OPEN,2026-01-15T00:00:00
A002209,P000744,SAVINGS,2023-05-28,,OPEN,2026-01-15T00:00:00
A002210,P001992,TRANSACTION,2020-02-29,,OPEN,2026-01-15T00:00:00
A002211,P000498,HOME_LOAN,2017-01-10,,OPEN,2026-01-15T00:00:00
A002212,P001761,CREDIT_CARD,2023-02-09,,OPEN,2026-01-15T00:00:00
A002213,P000258,SAVINGS,2018-05-05,,OPEN,2026-01-15T00:00:00
A002214,P000818,TERM_DEPOSIT,2022-07-19,,OPEN,2026-01-15T00:00:00
A002215,P001248,CREDIT_CARD,2017-04-18,,DORMANT,2026-01-15T00:00:00
A002216,P000354,TERM_DEPOSIT,2021-02-27,,OPEN,2026-01-15T00:00:00
A002217,P000879,SAVINGS,2019-06-01,,OPEN,2026-01-15T00:00:00
A002218,P000111,HOME_LOAN,2022-12-16,,OPEN,2026-01-15T00:00:00
A002219,P001536,CREDIT_CARD,2021-12-17,,OPEN,2026-01-15T00:00:00
A002220,P001280,SAVINGS,2018-10-27,,OPEN,2026-01-15T00:00:00
A002221,P001126,TERM_DEPOSIT,2022-11-09,,OPEN,2026-01-15T00:00:00
A002222,P001700,SAVINGS,2023-12-21,,OPEN,2026-01-15T00:00:00
A002223,P001585,TRANSACTION,2021-12-18,,OPEN,2026-01-15T00:00:00
A002224,P000785,CREDIT_CARD,2022-03-17,,OPEN,2026-01-15T00:00:00
A002225,P001152,TRANSACTION,2021-10-19,,DORMANT,2026-01-15T00:00:00
A002226,P001837,CREDIT_CARD,2022-12-17,,OPEN,2026-01-15T00:00:00
A002227,P000504,HOME_LOAN,2024-03-11,,OPEN,2026-01-15T00:00:00
A002228,P000853,CREDIT_CARD,2025-04-12,,OPEN,2026-01-15T00:00:00
A002229,P000968,TERM_DEPOSIT,2022-08-05,,OPEN,2026-01-15T00:00:00
A002230,P001738,HOME_LOAN,2023-07-03,,OPEN,2026-01-15T09:00:00
A002231,P000590,CREDIT_CARD,2018-02-18,,OPEN,2026-01-15T00:00:00
A002232,P000554,CREDIT_CARD,2017-03-29,2019-11-03,CLOSED,2026-01-15T00:00:00
A002233,P000477,TERM_DEPOSIT,2017-11-21,,OPEN,2026-01-15T00:00:00
A002234,P001431,CREDIT_CARD,2023-08-16,,OPEN,2026-01-15T00:00:00
A002235,P001803,HOME_LOAN,2024-07-13,,OPEN,2026-01-15T00:00:00
A002236,P001531,SAVINGS,2019-10-11,,DORMANT,2026-01-15T00:00:00
A002237,P001796,CREDIT_CARD,2024-03-25,,OPEN,2026-01-15T00:00:00
A002238,P000308,TERM_DEPOSIT,2020-06-03,,DORMANT,2026-01-15T00:00:00
A002239,P000167,SAVINGS,2024-10-20,,OPEN,2026-01-15T00:00:00
A002240,P001320,CREDIT_CARD,2018-10-09,,OPEN,2026-01-15T00:00:00
A002241,P001120,SAVINGS,2023-10-04,,OPEN,2026-01-15T00:00:00
A002242,P001925,TERM_DEPOSIT,2022-04-29,,OPEN,2026-01-15T00:00:00
A002243,P001024,CREDIT_CARD,2021-05-09,,OPEN,2026-01-15T00:00:00
A002244,P000053,CREDIT_CARD,2023-03-13,,OPEN,2026-01-15T00:00:00
A002245,P001496,HOME_LOAN,2017-02-27,,DORMANT,2026-02-15T09:00:00
A002246,P000963,HOME_LOAN,2024-04-23,,OPEN,2026-01-15T00:00:00
A002247,P001246,HOME_LOAN,2018-10-18,,OPEN,2026-01-15T00:00:00
A002248,P000850,TRANSACTION,2017-02-17,,OPEN,2026-01-15T00:00:00
A002249,P001379,HOME_LOAN,2021-12-26,2026-01-15,CLOSED,2026-01-15T09:00:00
A002250,P001836,HOME_LOAN,2025-01-09,,OPEN,2026-01-15T00:00:00
A002251,P000945,TRANSACTION,2018-08-09,,OPEN,2026-01-15T00:00:00
A002252,P001018,SAVINGS,2025-08-19,,OPEN,2026-01-15T00:00:00
A002253,P000120,CREDIT_CARD,2020-08-23,,OPEN,2026-01-15T00:00:00
A002254,P001700,TRANSACTION,2018-03-18,,OPEN,2026-01-15T00:00:00
A002255,P001256,CREDIT_CARD,2024-11-21,,OPEN,2026-01-15T00:00:00
A002256,P001134,TRANSACTION,2016-10-28,,OPEN,2026-01-15T00:00:00
A002257,P000791,TERM_DEPOSIT,2019-09-22,,DORMANT,2026-01-15T00:00:00
A002258,P000269,TRANSACTION,2019-07-11,,OPEN,2026-01-15T00:00:00
A002259,P000402,HOME_LOAN,2022-10-04,,OPEN,2026-01-15T00:00:00
A002260,P001583,CREDIT_CARD,2017-05-06,,OPEN,2026-01-15T00:00:00
A002261,P001315,TERM_DEPOSIT,2021-07-05,,OPEN,2026-01-15T00:00:00
A002262,P001184,SAVINGS,2016-07-23,,OPEN,2026-01-15T00:00:00
A002263,P000607,TERM_DEPOSIT,2021-08-08,,DORMANT,2026-01-15T00:00:00
A002264,P001878,SAVINGS,2017-07-17,,OPEN,2026-01-15T00:00:00
A002265,P000284,HOME_LOAN,2019-04-04,,OPEN,2026-01-15T00:00:00
A002266,P001291,TERM_DEPOSIT,2016-04-23,,DORMANT,2026-01-15T00:00:00
A002267,P001680,HOME_LOAN,2025-10-31,,OPEN,2026-01-15T00:00:00
A002268,P001361,TRANSACTION,2023-01-07,,OPEN,2026-01-15T00:00:00
A002269,P001314,CREDIT_CARD,2018-06-21,,DORMANT,2026-02-15T09:00:00
A002270,P001471,TERM_DEPOSIT,2018-01-30,,DORMANT,2026-01-15T00:00:00
A002271,P001270,CREDIT_CARD,2019-08-07,,OPEN,2026-01-15T00:00:00
A002272,P000052,CREDIT_CARD,2020-11-23,2024-11-18,CLOSED,2026-01-15T00:00:00
A002273,P000673,SAVINGS,2019-10-14,,OPEN,2026-01-15T00:00:00
A002274,P000214,CREDIT_CARD,2019-03-26,,OPEN,2026-01-15T00:00:00
A002275,P001608,HOME_LOAN,2024-10-02,,OPEN,2026-01-15T00:00:00
A002276,P001589,SAVINGS,2025-08-26,,OPEN,2026-01-15T00:00:00
A002277,P001497,HOME_LOAN,2019-08-05,,OPEN,2026-01-15T00:00:00
A002278,P000166,SAVINGS,2025-07-31,,OPEN,2026-01-15T00:00:00
A002279,P001990,TERM_DEPOSIT,2023-06-03,2026-02-15,CLOSED,2026-02-15T09:00:00
A002280,P001363,CREDIT_CARD,2023-07-18,,OPEN,2026-01-15T00:00:00
A002281,P001638,SAVINGS,2016-08-13,,OPEN,2026-01-15T00:00:00
A002282,P001627,TRANSACTION,2018-04-09,,OPEN,2026-01-15T00:00:00
A002283,P001153,HOME_LOAN,2022-10-21,,OPEN,2026-01-15T00:00:00
A002284,P000181,TRANSACTION,2017-01-07,,OPEN,2026-01-15T00:00:00
A002285,P001010,HOME_LOAN,2025-02-28,,DORMANT,2026-01-15T00:00:00
A002286,P000514,HOME_LOAN,2023-07-14,,OPEN,2026-01-15T00:00:00
A002287,P000021,TERM_DEPOSIT,2024-12-08,,OPEN,2026-01-15T00:00:00
A002288,P001208,TRANSACTION,2019-06-23,,OPEN,2026-01-15T00:00:00
A002289,P001737,TERM_DEPOSIT,2017-04-22,,OPEN,2026-01-15T00:00:00
A002290,P000330,TRANSACTION,2018-08-08,,DORMANT,2026-01-15T00:00:00
A002291,P001701,CREDIT_CARD,2024-04-09,,OPEN,2026-01-15T00:00:00
A002292,P000243,CREDIT_CARD,2016-05-23,,DORMANT,2026-02-15T09:00:00
A002293,P001531,TRANSACTION,2019-11-09,2024-12-06,CLOSED,2026-01-15T00:00:00
A002294,P000504,TERM_DEPOSIT,2018-12-31,,OPEN,2026-01-15T00:00:00
A002295,P001731,SAVINGS,2024-05-04,,OPEN,2026-01-15T00:00:00
A002296,P001521,TERM_DEPOSIT,2023-01-25,,OPEN,2026-01-15T00:00:00
A002297,P001818,SAVINGS,2022-07-27,,OPEN,2026-01-15T00:00:00
A002298,P000404,TRANSACTION,2025-04-15,,OPEN,2026-01-15T09:00:00
A002299,P000979,HOME_LOAN,2021-03-10,,OPEN,2026-01-15T00:00:00
A002300,P001714,HOME_LOAN,2018-06-07,,OPEN,2026-01-15T00:00:00
A002301,P001113,CREDIT_CARD,2024-11-03,,OPEN,2026-01-15T00:00:00
A002302,P001612,CREDIT_CARD,2025-04-20,,OPEN,2026-01-15T00:00:00
A002303,P001809,TRANSACTION,2024-11-06,2026-01-15,CLOSED,2026-01-15T09:00:00
A002304,P000416,SAVINGS,2017-02-03,,OPEN,2026-01-15T00:00:00
A002305,P001193,TERM_DEPOSIT,2017-03-08,,OPEN,2026-01-15T00:00:00
A002306,P000277,TERM_DEPOSIT,2016-06-15,,DORMANT,2026-01-15T00:00:00
A002307,P000008,SAVINGS,2020-10-03,2026-02-15,CLOSED,2026-02-15T09:00:00
A002308,P001341,TRANSACTION,2020-02-13,,OPEN,2026-01-15T00:00:00
A002309,P000271,HOME_LOAN,2022-09-18,,OPEN,2026-01-15T00:00:00
A002310,P000612,TERM_DEPOSIT,2020-10-22,,DORMANT,2026-01-15T00:00:00
A002311,P001912,TRANSACTION,2024-06-05,,DORMANT,2026-01-15T00:00:00
A002312,P000436,CREDIT_CARD,2017-04-18,,DORMANT,2026-01-15T00:00:00
A002313,P000754,CREDIT_CARD,2020-08-13,,DORMANT,2026-01-15T00:00:00
A002314,P000877,SAVINGS,2021-09-10,,OPEN,2026-01-15T00:00:00
A002315,P001134,TRANSACTION,2019-03-05,,OPEN,2026-01-15T00:00:00
A002316,P001022,TERM_DEPOSIT,2025-07-16,,DORMANT,2026-01-15T00:00:00
A002317,P001346,CREDIT_CARD,2019-01-25,2019-12-01,DORMANT,2026-02-15T09:00:00
A002318,P000586,SAVINGS,2017-03-09,,OPEN,2026-01-15T00:00:00
A002319,P000243,TERM_DEPOSIT,2023-03-01,,OPEN,2026-01-15T00:00:00
A002320,P000155,SAVINGS,2022-10-10,,DORMANT,2026-01-15T00:00:00
A002321,P000446,TERM_DEPOSIT,2025-01-13,,DORMANT,2026-01-15T00:00:00
A002322,P001358,CREDIT_CARD,2025-05-20,,OPEN,2026-01-15T00:00:00
A002323,P000136,CREDIT_CARD,2018-07-15,,OPEN,2026-02-15T09:00:00
A002324,P000705,TERM_DEPOSIT,2019-10-25,,DORMANT,2026-02-15T09:00:00
A002325,P000359,CREDIT_CARD,2024-02-01,2028-05-24,DORMANT,2026-02-15T09:00:00
A002326,P000004,SAVINGS,2022-06-18,,DORMANT,2026-01-15T00:00:00
A002327,P000996,TRANSACTION,2018-11-11,,DORMANT,2026-01-15T09:00:00
A002328,P001111,HOME_LOAN,2018-01-09,,OPEN,2026-01-15T00:00:00
A002329,P001066,HOME_LOAN,2018-01-21,,OPEN,2026-01-15T00:00:00
A002330,P001238,TERM_DEPOSIT,2021-12-07,,OPEN,2026-01-15T00:00:00
A002331,P001944,HOME_LOAN,2020-04-11,,OPEN,2026-01-15T00:00:00
A002332,P000062,TERM_DEPOSIT,2023-06-26,2024-03-29,CLOSED,2026-01-15T00:00:00
A002333,P001435,TERM_DEPOSIT,2019-05-02,2021-12-03,CLOSED,2026-01-15T00:00:00
A002334,P001358,CREDIT_CARD,2020-11-23,,OPEN,2026-01-15T00:00:00
A002335,P001593,HOME_LOAN,2023-08-17,,OPEN,2026-01-15T00:00:00
A002336,P001744,SAVINGS,2022-08-21,,DORMANT,2026-01-15T00:00:00
A002337,P000176,CREDIT_CARD,2020-12-06,,OPEN,2026-01-15T00:00:00
A002338,P000272,TERM_DEPOSIT,2024-03-17,,OPEN,2026-01-15T00:00:00
A002339,P000530,CREDIT_CARD,2021-06-01,2026-01-15,CLOSED,2026-01-15T09:00:00
A002340,P000046,TRANSACTION,2016-02-28,,OPEN,2026-01-15T00:00:00
A002341,P001339,TERM_DEPOSIT,2025-01-11,,OPEN,2026-01-15T00:00:00
A002342,P000010,CREDIT_CARD,2024-09-17,,DORMANT,2026-01-15T00:00:00
A002343,P001968,CREDIT_CARD,2020-04-01,,DORMANT,2026-02-15T09:00:00
A002344,P000082,HOME_LOAN,2016-04-20,,OPEN,2026-01-15T00:00:00
A002345,P000210,TRANSACTION,2020-12-19,,OPEN,2026-01-15T00:00:00
A002346,P001664,CREDIT_CARD,2025-12-02,2028-05-17,OPEN,2026-02-15T09:00:00
A002347,P001376,TERM_DEPOSIT,2019-11-21,2026-02-15,CLOSED,2026-02-15T09:00:00
A002348,P000995,SAVINGS,2016-12-09,,OPEN,2026-01-15T00:00:00
A002349,P000966,CREDIT_CARD,2019-12-12,,OPEN,2026-01-15T00:00:00
A002350,P001474,TRANSACTION,2024-01-26,,OPEN,2026-01-15T00:00:00
A002351,P001623,SAVINGS,2024-08-05,,OPEN,2026-01-15T00:00:00
A002352,P001130,SAVINGS,2024-05-22,,OPEN,2026-01-15T00:00:00
A002353,P000317,TERM_DEPOSIT,2023-12-06,,OPEN,2026-01-15T00:00:00
A002354,P000964,TERM_DEPOSIT,2025-10-24,,OPEN,2026-01-15T00:00:00
A002355,P000394,TERM_DEPOSIT,2016-03-30,,OPEN,2026-01-15T00:00:00
A002356,P000608,TRANSACTION,2019-03-01,,OPEN,2026-01-15T00:00:00
A002357,P000079,HOME_LOAN,2025-12-11,,OPEN,2026-01-15T00:00:00
A002358,P001643,TRANSACTION,2022-12-15,,OPEN,2026-01-15T00:00:00
A002359,P001601,TRANSACTION,2023-05-27,,OPEN,2026-01-15T00:00:00
A002360,P000504,TERM_DEPOSIT,2018-01-22,,OPEN,2026-01-15T00:00:00
A002361,P001746,TERM_DEPOSIT,2018-06-24,,OPEN,2026-01-15T00:00:00
A002362,P001596,CREDIT_CARD,2023-10-13,,OPEN,2026-01-15T00:00:00
A002363,P001317,HOME_LOAN,2024-04-29,,OPEN,2026-01-15T00:00:00
A002364,P001690,TRANSACTION,2019-04-27,,OPEN,2026-01-15T00:00:00
A002365,P000592,TRANSACTION,2017-01-30,,DORMANT,2026-01-15T00:00:00
A002366,P001361,TERM_DEPOSIT,2018-10-15,,OPEN,2026-01-15T00:00:00
A002367,P000083,HOME_LOAN,2020-06-21,,OPEN,2026-01-15T00:00:00
A002368,P000492,TRANSACTION,2017-06-12,,OPEN,2026-01-15T00:00:00
A002369,P000035,TRANSACTION,2024-07-12,2026-01-15,CLOSED,2026-01-15T09:00:00
A002370,P000209,HOME_LOAN,2025-09-10,,DORMANT,2026-01-15T00:00:00
A002371,P001458,TERM_DEPOSIT,2022-09-25,,DORMANT,2026-01-15T00:00:00
A002372,P001255,TERM_DEPOSIT,2023-03-29,,OPEN,2026-01-15T00:00:00
A002373,P001611,HOME_LOAN,2016-03-08,,OPEN,2026-01-15T00:00:00
A002374,P001904,TERM_DEPOSIT,2017-06-05,,DORMANT,2026-02-15T09:00:00
A002375,P000839,CREDIT_CARD,2022-09-24,,OPEN,2026-01-15T00:00:00
A002376,P001287,SAVINGS,2022-09-25,,OPEN,2026-01-15T00:00:00
A002377,P000174,HOME_LOAN,2019-10-14,,OPEN,2026-01-15T00:00:00
A002378,P001249,SAVINGS,2018-05-26,,OPEN,2026-01-15T00:00:00
A002379,P001548,TERM_DEPOSIT,2025-09-15,,OPEN,2026-01-15T00:00:00
A002380,P001145,TRANSACTION,2020-05-18,2024-04-26,CLOSED,2026-01-15T00:00:00
A002381,P001198,TRANSACTION,2023-05-30,,OPEN,2026-01-15T00:00:00
A002382,P000454,HOME_LOAN,2018-06-22,,OPEN,2026-01-15T00:00:00
A002383,P000910,TERM_DEPOSIT,2017-10-28,,DORMANT,2026-01-15T00:00:00
A002384,P000824,HOME_LOAN,2023-04-10,,DORMANT,2026-01-15T00:00:00
A002385,P001667,TERM_DEPOSIT,2019-07-03,,OPEN,2026-01-15T00:00:00
A002386,P000705,CREDIT_CARD,2019-10-06,,OPEN,2026-01-15T00:00:00
A002387,P001171,TERM_DEPOSIT,2017-03-01,,OPEN,2026-01-15T00:00:00
A002388,P001115,TERM_DEPOSIT,2018-02-18,,OPEN,2026-01-15T00:00:00
A002389,P001508,TRANSACTION,2023-11-13,,DORMANT,2026-01-15T09:00:00
A002390,P001975,CREDIT_CARD,2016-08-09,,DORMANT,2026-01-15T09:00:00
A002391,P001412,TERM_DEPOSIT,2019-08-10,,OPEN,2026-01-15T00:00:00
A002392,P001064,HOME_LOAN,2021-12-06,,DORMANT,2026-01-15T00:00:00
A002393,P000030,CREDIT_CARD,2016-12-23,,OPEN,2026-01-15T00:00:00
A002394,P000795,TERM_DEPOSIT,2025-03-18,,OPEN,2026-01-15T00:00:00
A002395,P000478,CREDIT_CARD,2021-03-31,,OPEN,2026-01-15T00:00:00
A002396,P000909,TRANSACTION,2017-06-24,2026-01-15,CLOSED,2026-01-15T09:00:00
A002397,P000294,CREDIT_CARD,2025-01-11,,OPEN,2026-01-15T00:00:00
A002398,P000456,CREDIT_CARD,2021-04-24,,OPEN,2026-01-15T00:00:00
A002399,P000612,HOME_LOAN,2018-07-07,,OPEN,2026-01-15T00:00:00
A002400,P000732,SAVINGS,2019-10-09,,OPEN,2026-01-15T00:00:00
A002401,P000574,SAVINGS,2018-11-02,,OPEN,2026-01-15T00:00:00
A002402,P001261,HOME_LOAN,2020-08-03,,OPEN,2026-01-15T00:00:00
A002403,P001738,CREDIT_CARD,2024-02-27,,OPEN,2026-01-15T00:00:00
A002404,P000941,CREDIT_CARD,2022-08-23,,OPEN,2026-01-15T00:00:00
A002405,P000661,TRANSACTION,2016-04-26,,DORMANT,2026-01-15T00:00:00
A002406,P000377,SAVINGS,2019-12-31,,OPEN,2026-01-15T00:00:00
A002407,P000513,SAVINGS,2017-08-13,2026-02-15,CLOSED,2026-02-15T09:00:00
A002408,P000009,TRANSACTION,2023-07-30,,OPEN,2026-01-15T00:00:00
A002409,P001452,SAVINGS,2022-11-21,,OPEN,2026-01-15T00:00:00
A002410,P000677,TERM_DEPOSIT,2022-07-05,2026-01-15,CLOSED,2026-02-15T09:00:00
A002411,P000815,HOME_LOAN,2023-03-12,,DORMANT,2026-01-15T00:00:00
A002412,P000692,TERM_DEPOSIT,2024-09-30,,OPEN,2026-01-15T00:00:00
A002413,P001959,HOME_LOAN,2020-10-25,,OPEN,2026-01-15T00:00:00
A002414,P001708,CREDIT_CARD,2025-08-21,,OPEN,2026-01-15T00:00:00
A002415,P000030,SAVINGS,2019-08-24,,DORMANT,2026-01-15T00:00:00
A002416,P000926,TRANSACTION,2022-11-06,,OPEN,2026-01-15T00:00:00
A002417,P000436,SAVINGS,2023-04-12,2027-02-15,CLOSED,2026-01-15T00:00:00
A002418,P000692,HOME_LOAN,2024-05-04,,OPEN,2026-01-15T00:00:00
A002419,P001906,SAVINGS,2022-09-11,,OPEN,2026-01-15T00:00:00
A002420,P001310,HOME_LOAN,2016-06-12,,OPEN,2026-01-15T00:00:00
A002421,P000792,SAVINGS,2016-11-14,,OPEN,2026-01-15T00:00:00
A002422,P001867,SAVINGS,2025-06-11,,DORMANT,2026-02-15T09:00:00
A002423,P000376,HOME_LOAN,2019-03-05,,OPEN,2026-01-15T00:00:00
A002424,P000323,TRANSACTION,2019-03-26,,DORMANT,2026-02-15T09:00:00
A002425,P000321,HOME_LOAN,2020-07-07,,OPEN,2026-01-15T00:00:00
A002426,P000054,TERM_DEPOSIT,2024-05-27,,DORMANT,2026-01-15T00:00:00
A002427,P001109,SAVINGS,2024-12-25,,OPEN,2026-01-15T00:00:00
A002428,P000493,HOME_LOAN,2024-08-15,2026-01-15,CLOSED,2026-01-15T09:00:00
A002429,P000783,HOME_LOAN,2023-12-26,,DORMANT,2026-01-15T00:00:00
A002430,P001708,TRANSACTION,2023-08-10,,OPEN,2026-01-15T00:00:00
A002431,P000258,TERM_DEPOSIT,2021-07-08,,OPEN,2026-01-15T00:00:00
A002432,P000441,TRANSACTION,2017-07-13,,OPEN,2026-01-15T00:00:00
A002433,P000321,HOME_LOAN,2016-07-20,,OPEN,2026-01-15T00:00:00
A002434,P001597,TERM_DEPOSIT,2025-06-15,,OPEN,2026-01-15T00:00:00
A002435,P000092,CREDIT_CARD,2025-11-15,,OPEN,2026-01-15T00:00:00
A002436,P000099,TRANSACTION,2024-11-21,2026-02-15,CLOSED,2026-02-15T09:00:00
A002437,P000498,SAVINGS,2019-06-30,,DORMANT,2026-01-15T09:00:00
A002438,P001002,HOME_LOAN,2021-10-08,,OPEN,2026-01-15T00:00:00
A002439,P000126,TRANSACTION,2020-06-30,2026-01-15,CLOSED,2026-01-15T09:00:00
A002440,P000376,HOME_LOAN,2025-04-22,,OPEN,2026-01-15T00:00:00
A002441,P000203,CREDIT_CARD,2018-09-10,,OPEN,2026-01-15T09:00:00
A002442,P000697,CREDIT_CARD,2024-04-27,,OPEN,2026-01-15T00:00:00
A002443,P000575,CREDIT_CARD,2017-12-08,,OPEN,2026-01-15T00:00:00
A002444,P000754,TERM_DEPOSIT,2025-03-29,,OPEN,2026-01-15T00:00:00
A002445,P001489,CREDIT_CARD,2019-03-27,,OPEN,2026-01-15T00:00:00
A002446,P001662,SAVINGS,2019-06-18,2020-11-23,CLOSED,2026-01-15T00:00:00
A002447,P001596,TERM_DEPOSIT,2025-12-15,,OPEN,2026-01-15T00:00:00
A002448,P000444,SAVINGS,2017-10-22,,DORMANT,2026-01-15T00:00:00
A002449,P001970,CREDIT_CARD,2017-08-18,,OPEN,2026-01-15T00:00:00
A002450,P000953,HOME_LOAN,2018-08-29,,OPEN,2026-01-15T00:00:00
A002451,P000678,CREDIT_CARD,2017-05-05,,OPEN,2026-01-15T00:00:00
A002452,P000589,SAVINGS,2022-09-17,,OPEN,2026-01-15T00:00:00
A002453,P001515,TRANSACTION,2020-12-24,,OPEN,2026-01-15T00:00:00
A002454,P001550,TERM_DEPOSIT,2019-01-24,,OPEN,2026-01-15T00:00:00
A002455,P001432,TRANSACTION,2023-10-06,,DORMANT,2026-02-15T09:00:00
A002456,P001994,CREDIT_CARD,2025-01-22,,OPEN,2026-01-15T00:00:00
A002457,P001457,CREDIT_CARD,2021-02-28,2023-03-26,CLOSED,2026-01-15T00:00:00
A002458,P001349,CREDIT_CARD,2025-04-21,,OPEN,2026-01-15T00:00:00
A002459,P000856,TRANSACTION,2018-09-10,,DORMANT,2026-01-15T00:00:00
A002460,P001178,SAVINGS,2024-07-22,,OPEN,2026-01-15T00:00:00
A002461,P001434,TERM_DEPOSIT,2019-10-01,,OPEN,2026-01-15T00:00:00
A002462,P000833,TRANSACTION,2020-08-12,,OPEN,2026-01-15T00:00:00
A002463,P000122,SAVINGS,2017-01-07,,OPEN,2026-01-15T09:00:00
A002464,P001382,TRANSACTION,2024-06-24,,OPEN,2026-01-15T00:00:00
A002465,P001120,CREDIT_CARD,2021-07-30,,OPEN,2026-01-15T09:00:00
A002466,P001691,CREDIT_CARD,2025-09-09,2026-02-15,CLOSED,2026-02-15T09:00:00
A002467,P000686,SAVINGS,2018-11-12,,OPEN,2026-01-15T00:00:00
A002468,P001400,CREDIT_CARD,2024-06-10,,OPEN,2026-02-15T09:00:00
A002469,P001199,SAVINGS,2024-07-30,,OPEN,2026-01-15T00:00:00
A002470,P000775,HOME_LOAN,2025-02-26,,DORMANT,2026-01-15T09:00:00
A002471,P001049,TERM_DEPOSIT,2017-11-17,,OPEN,2026-01-15T00:00:00
A002472,P001019,TRANSACTION,2021-04-25,,OPEN,2026-01-15T00:00:00
A002473,P000311,HOME_LOAN,2025-01-10,,OPEN,2026-01-15T00:00:00
A002474,P000082,TRANSACTION,2022-06-19,,OPEN,2026-01-15T00:00:00
A002475,P001700,TERM_DEPOSIT,2017-08-03,,OPEN,2026-01-15T00:00:00
A002476,P001166,HOME_LOAN,2017-04-17,,DORMANT,2026-01-15T00:00:00
A002477,P000304,SAVINGS,2019-08-18,,DORMANT,2026-01-15T00:00:00
A002478,P000424,SAVINGS,2018-01-28,,OPEN,2026-01-15T00:00:00
A002479,P001227,HOME_LOAN,2023-01-18,,OPEN,2026-01-15T00:00:00
A002480,P001254,SAVINGS,2016-05-30,,OPEN,2026-01-15T00:00:00
A002481,P001546,HOME_LOAN,2024-07-15,2028-09-13,CLOSED,2026-01-15T00:00:00
A002482,P001349,HOME_LOAN,2023-01-25,,OPEN,2026-02-15T09:00:00
A002483,P001017,CREDIT_CARD,2023-09-12,,DORMANT,2026-01-15T00:00:00
A002484,P001807,TERM_DEPOSIT,2022-02-13,,OPEN,2026-01-15T00:00:00
A002485,P000285,TRANSACTION,2023-08-08,,DORMANT,2026-01-15T00:00:00
A002486,P000562,TRANSACTION,2024-11-25,,OPEN,2026-01-15T00:00:00
A002487,P000723,SAVINGS,2016-10-28,,OPEN,2026-01-15T00:00:00
A002488,P000599,SAVINGS,2018-02-08,,OPEN,2026-01-15T00:00:00
A002489,P001624,SAVINGS,2021-02-15,,OPEN,2026-01-15T00:00:00
A002490,P000130,SAVINGS,2016-03-09,2026-02-15,CLOSED,2026-02-15T09:00:00
A002491,P000572,TERM_DEPOSIT,2020-06-27,,OPEN,2026-02-15T09:00:00
A002492,P001654,SAVINGS,2022-02-01,,OPEN,2026-01-15T00:00:00
A002493,P000748,CREDIT_CARD,2020-06-23,2022-05-27,CLOSED,2026-01-15T00:00:00
A002494,P000961,CREDIT_CARD,2017-07-14,,OPEN,2026-01-15T00:00:00
A002495,P001047,TERM_DEPOSIT,2023-01-16,,OPEN,2026-01-15T00:00:00
A002496,P000337,TERM_DEPOSIT,2019-05-11,,OPEN,2026-01-15T00:00:00
A002497,P000589,TERM_DEPOSIT,2016-10-30,,DORMANT,2026-01-15T00:00:00
A002498,P000628,CREDIT_CARD,2016-08-24,,OPEN,2026-01-15T00:00:00
A002499,P000011,CREDIT_CARD,2018-12-12,,OPEN,2026-02-15T09:00:00
A002500,P001162,CREDIT_CARD,2019-06-22,,OPEN,2026-01-15T00:00:00
A002501,P001902,TERM_DEPOSIT,2022-04-17,,OPEN,2026-01-15T00:00:00
A002502,P001676,TRANSACTION,2016-04-30,,OPEN,2026-01-15T00:00:00
A002503,P000258,CREDIT_CARD,2016-03-30,,OPEN,2026-01-15T00:00:00
A002504,P001008,SAVINGS,2016-02-20,,OPEN,2026-01-15T00:00:00
A002505,P001514,TERM_DEPOSIT,2019-04-06,,DORMANT,2026-01-15T00:00:00
A002506,P000902,HOME_LOAN,2018-01-31,,OPEN,2026-01-15T00:00:00
A002507,P001402,TERM_DEPOSIT,2017-03-28,,OPEN,2026-01-15T00:00:00
A002508,P000268,HOME_LOAN,2016-03-29,,OPEN,2026-01-15T00:00:00
A002509,P001779,TERM_DEPOSIT,2024-09-21,,OPEN,2026-01-15T00:00:00
A002510,P001612,SAVINGS,2025-11-29,,OPEN,2026-01-15T00:00:00
A002511,P000945,HOME_LOAN,2022-09-05,,DORMANT,2026-01-15T00:00:00
A002512,P001750,TRANSACTION,2016-05-07,,DORMANT,2026-02-15T09:00:00
A002513,P001991,CREDIT_CARD,2022-09-28,2026-01-15,CLOSED,2026-01-15T09:00:00
A002514,P001757,SAVINGS,2017-11-07,,OPEN,2026-01-15T00:00:00
A002515,P001064,TERM_DEPOSIT,2021-10-08,,OPEN,2026-01-15T00:00:00
A002516,P000939,TRANSACTION,2018-02-17,,OPEN,2026-01-15T00:00:00
A002517,P001251,HOME_LOAN,2023-09-05,,OPEN,2026-01-15T00:00:00
A002518,P000927,HOME_LOAN,2024-06-16,,OPEN,2026-01-15T00:00:00
A002519,P001932,SAVINGS,2018-04-30,,DORMANT,2026-01-15T00:00:00
A002520,P000910,SAVINGS,2017-04-11,,OPEN,2026-01-15T00:00:00
A002521,P001162,TERM_DEPOSIT,2018-03-08,,OPEN,2026-01-15T00:00:00
A002522,P001889,CREDIT_CARD,2022-05-29,,OPEN,2026-01-15T00:00:00
A002523,P001494,CREDIT_CARD,2020-06-26,,OPEN,2026-01-15T00:00:00
A002524,P000833,SAVINGS,2025-10-29,,DORMANT,2026-02-15T09:00:00
A002525,P001767,HOME_LOAN,2018-06-08,,OPEN,2026-01-15T00:00:00
A002526,P000231,TRANSACTION,2021-03-06,,OPEN,2026-01-15T00:00:00
A002527,P001690,SAVINGS,2024-05-29,,DORMANT,2026-01-15T00:00:00
A002528,P001722,TRANSACTION,2025-08-28,,DORMANT,2026-01-15T00:00:00
A002529,P000598,HOME_LOAN,2017-11-19,,OPEN,2026-01-15T00:00:00
A002530,P001673,TERM_DEPOSIT,2022-12-13,,OPEN,2026-01-15T00:00:00
A002531,P001112,SAVINGS,2017-04-15,2018-08-07,CLOSED,2026-01-15T00:00:00
A002532,P001738,CREDIT_CARD,2017-07-08,,OPEN,2026-01-15T00:00:00
A002533,P000046,HOME_LOAN,2018-05-20,,OPEN,2026-01-15T00:00:00
A002534,P001415,HOME_LOAN,2024-02-04,,DORMANT,2026-01-15T00:00:00
A002535,P001482,TRANSACTION,2019-03-04,,OPEN,2026-01-15T00:00:00
A002536,P000017,TERM_DEPOSIT,2018-02-20,,OPEN,2026-01-15T00:00:00
A002537,P001242,TERM_DEPOSIT,2018-10-13,,OPEN,2026-01-15T00:00:00
A002538,P001227,SAVINGS,2021-01-30,,OPEN,2026-01-15T09:00:00
A002539,P000758,CREDIT_CARD,2025-09-09,,OPEN,2026-01-15T00:00:00
A002540,P001707,TRANSACTION,2022-10-27,,OPEN,2026-01-15T09:00:00
A002541,P000298,TERM_DEPOSIT,2024-09-07,2026-01-15,CLOSED,2026-01-15T09:00:00
A002542,P001775,TRANSACTION,2018-12-27,,OPEN,2026-01-15T00:00:00
A002543,P000766,TRANSACTION,2019-08-21,,DORMANT,2026-01-15T00:00:00
A002544,P001822,TRANSACTION,2016-09-16,,OPEN,2026-01-15T00:00:00
A002545,P000679,TERM_DEPOSIT,2025-02-02,,OPEN,2026-01-15T00:00:00
A002546,P000706,HOME_LOAN,2021-07-27,,OPEN,2026-01-15T00:00:00
A002547,P001450,TRANSACTION,2017-12-08,,OPEN,2026-01-15T00:00:00
A002548,P000443,HOME_LOAN,2019-11-23,,DORMANT,2026-01-15T00:00:00
A002549,P001308,TRANSACTION,2017-09-24,,OPEN,2026-01-15T00:00:00
A002550,P000139,TRANSACTION,2022-10-03,,OPEN,2026-01-15T00:00:00
A002551,P000495,TRANSACTION,2022-10-19,,OPEN,2026-01-15T00:00:00
A002552,P001830,HOME_LOAN,2022-01-19,,OPEN,2026-01-15T00:00:00
A002553,P000437,TERM_DEPOSIT,2022-02-23,,OPEN,2026-01-15T00:00:00
A002554,P001340,TRANSACTION,2023-10-26,,OPEN,2026-01-15T00:00:00
A002555,P000444,CREDIT_CARD,2022-11-18,,OPEN,2026-01-15T00:00:00
A002556,P000721,HOME_LOAN,2022-06-25,,OPEN,2026-01-15T00:00:00
A002557,P001278,TRANSACTION,2025-05-26,,OPEN,2026-01-15T00:00:00
A002558,P001057,TERM_DEPOSIT,2024-10-20,2026-02-15,CLOSED,2026-02-15T09:00:00
A002559,P000225,CREDIT_CARD,2021-09-06,,OPEN,2026-01-15T09:00:00
A002560,P001124,TERM_DEPOSIT,2016-07-13,,DORMANT,2026-01-15T00:00:00
A002561,P001898,HOME_LOAN,2025-07-22,,OPEN,2026-01-15T00:00:00
A002562,P000947,TRANSACTION,2025-07-17,,OPEN,2026-01-15T00:00:00
A002563,P001079,HOME_LOAN,2021-06-02,,DORMANT,2026-01-15T09:00:00
A002564,P000990,TRANSACTION,2018-09-19,,OPEN,2026-01-15T00:00:00
A002565,P000749,HOME_LOAN,2021-01-26,,OPEN,2026-01-15T00:00:00
A002566,P001636,HOME_LOAN,2021-08-05,,OPEN,2026-01-15T00:00:00
A002567,P001164,HOME_LOAN,2021-03-22,,OPEN,2026-01-15T00:00:00
A002568,P000789,CREDIT_CARD,2020-09-08,,DORMANT,2026-01-15T00:00:00
A002569,P001459,HOME_LOAN,2021-12-18,,OPEN,2026-01-15T00:00:00
A002570,P000327,CREDIT_CARD,2023-09-11,,DORMANT,2026-01-15T09:00:00
A002571,P000085,TERM_DEPOSIT,2025-03-23,,OPEN,2026-01-15T00:00:00
A002572,P001985,HOME_LOAN,2016-04-05,,OPEN,2026-01-15T00:00:00
A002573,P000523,TERM_DEPOSIT,2023-08-20,,OPEN,2026-01-15T00:00:00
A002574,P001204,TERM_DEPOSIT,2018-09-28,,OPEN,2026-01-15T00:00:00
A002575,P001445,SAVINGS,2021-03-24,,OPEN,2026-01-15T00:00:00
A002576,P000746,SAVINGS,2019-11-04,,OPEN,2026-01-15T00:00:00
A002577,P001215,HOME_LOAN,2023-03-09,,OPEN,2026-01-15T00:00:00
A002578,P000794,CREDIT_CARD,2024-02-17,,OPEN,2026-01-15T00:00:00
A002579,P000958,CREDIT_CARD,2018-07-25,,OPEN,2026-01-15T00:00:00
A002580,P000136,TERM_DEPOSIT,2022-03-15,,OPEN,2026-01-15T00:00:00
A002581,P001902,CREDIT_CARD,2019-11-29,,DORMANT,2026-01-15T00:00:00
A002582,P001238,SAVINGS,2021-02-28,,OPEN,2026-01-15T00:00:00
A002583,P001590,SAVINGS,2025-11-29,,DORMANT,2026-01-15T00:00:00
A002584,P001055,TERM_DEPOSIT,2025-11-20,2026-02-15,CLOSED,2026-02-15T09:00:00
A002585,P001691,CREDIT_CARD,2023-09-01,,OPEN,2026-01-15T00:00:00
A002586,P000786,CREDIT_CARD,2023-12-15,,OPEN,2026-01-15T00:00:00
A002587,P001325,SAVINGS,2019-04-26,,OPEN,2026-01-15T00:00:00
A002588,P001306,TERM_DEPOSIT,2023-02-06,,OPEN,2026-01-15T00:00:00
A002589,P000125,SAVINGS,2016-11-12,,OPEN,2026-01-15T00:00:00
A002590,P001060,TERM_DEPOSIT,2022-05-16,,OPEN,2026-01-15T00:00:00
A002591,P001983,SAVINGS,2022-08-06,,OPEN,2026-01-15T00:00:00
A002592,P000956,SAVINGS,2025-11-28,,DORMANT,2026-01-15T00:00:00
A002593,P001155,CREDIT_CARD,2025-11-15,,OPEN,2026-01-15T00:00:00
A002594,P001725,TRANSACTION,2024-07-22,,DORMANT,2026-01-15T00:00:00
A002595,P001697,SAVINGS,2018-10-18,,DORMANT,2026-01-15T09:00:00
A002596,P001729,SAVINGS,2019-09-24,,DORMANT,2026-01-15T00:00:00
A002597,P000960,CREDIT_CARD,2020-07-14,,OPEN,2026-01-15T00:00:00
A002598,P000237,TRANSACTION,2017-08-01,2022-09-03,CLOSED,2026-01-15T00:00:00
A002599,P000287,TERM_DEPOSIT,2017-06-09,,OPEN,2026-01-15T00:00:00
A002600,P000984,HOME_LOAN,2024-07-09,,OPEN,2026-01-15T00:00:00
A002601,P001597,HOME_LOAN,2021-08-02,,OPEN,2026-01-15T00:00:00
A002602,P001858,TRANSACTION,2025-04-09,,OPEN,2026-01-15T00:00:00
A002603,P001694,SAVINGS,2024-04-26,,OPEN,2026-01-15T00:00:00
A002604,P000288,SAVINGS,2017-12-04,,OPEN,2026-01-15T09:00:00
A002605,P001001,SAVINGS,2022-08-25,,OPEN,2026-01-15T00:00:00
A002606,P000714,CREDIT_CARD,2018-05-11,2023-04-13,CLOSED,2026-01-15T00:00:00
A002607,P000915,CREDIT_CARD,2016-09-29,,OPEN,2026-01-15T09:00:00
A002608,P001708,CREDIT_CARD,2024-11-27,,OPEN,2026-01-15T00:00:00
A002609,P001193,CREDIT_CARD,2024-08-11,,OPEN,2026-01-15T00:00:00
A002610,P001453,HOME_LOAN,2024-09-29,,OPEN,2026-01-15T00:00:00
A002611,P000816,CREDIT_CARD,2021-02-01,,OPEN,2026-01-15T00:00:00
A002612,P000606,TRANSACTION,2017-04-30,,OPEN,2026-01-15T00:00:00
A002613,P001395,CREDIT_CARD,2019-02-24,,OPEN,2026-01-15T00:00:00
A002614,P000398,TERM_DEPOSIT,2020-01-31,,DORMANT,2026-01-15T00:00:00
A002615,P000035,HOME_LOAN,2017-03-23,,OPEN,2026-01-15T09:00:00
A002616,P000330,TERM_DEPOSIT,2017-12-16,,OPEN,2026-01-15T00:00:00
A002617,P000777,TERM_DEPOSIT,2024-05-29,2025-09-02,CLOSED,2026-01-15T00:00:00
A002618,P000410,SAVINGS,2017-03-17,,OPEN,2026-01-15T00:00:00
A002619,P001186,TRANSACTION,2024-07-14,,DORMANT,2026-02-15T09:00:00
A002620,P001277,TRANSACTION,2017-06-08,,OPEN,2026-01-15T00:00:00
A002621,P001419,TERM_DEPOSIT,2020-10-25,,OPEN,2026-01-15T00:00:00
A002622,P000862,TRANSACTION,2020-08-06,,OPEN,2026-01-15T00:00:00
A002623,P001009,HOME_LOAN,2017-05-30,,OPEN,2026-01-15T00:00:00
A002624,P001934,TERM_DEPOSIT,2024-09-04,,OPEN,2026-01-15T00:00:00
A002625,P000196,TRANSACTION,2025-07-17,,OPEN,2026-01-15T00:00:00
A002626,P001697,SAVINGS,2025-03-08,,OPEN,2026-01-15T00:00:00
A002627,P001032,TRANSACTION,2021-04-05,2026-02-15,CLOSED,2026-02-15T09:00:00
A002628,P001147,HOME_LOAN,2024-06-13,,OPEN,2026-01-15T00:00:00
A002629,P000535,CREDIT_CARD,2017-11-29,,OPEN,2026-01-15T00:00:00
A002630,P001768,HOME_LOAN,2022-03-10,,OPEN,2026-01-15T00:00:00
A002631,P000652,TERM_DEPOSIT,2016-05-20,,OPEN,2026-01-15T00:00:00
A002632,P000423,TERM_DEPOSIT,2020-04-07,,OPEN,2026-01-15T00:00:00
A002633,P001229,SAVINGS,2020-06-10,,DORMANT,2026-01-15T09:00:00
A002634,P000825,CREDIT_CARD,2024-10-01,,OPEN,2026-01-15T00:00:00
A002635,P000516,CREDIT_CARD,2019-07-26,,DORMANT,2026-02-15T09:00:00
A002636,P001455,HOME_LOAN,2023-03-29,2028-08-01,CLOSED,2026-01-15T00:00:00
A002637,P000793,TERM_DEPOSIT,2021-04-29,2025-04-18,CLOSED,2026-01-15T00:00:00
A002638,P000319,TRANSACTION,2016-08-19,,OPEN,2026-01-15T00:00:00
A002639,P001930,CREDIT_CARD,2016-02-17,,OPEN,2026-01-15T00:00:00
A002640,P001346,CREDIT_CARD,2018-03-11,,OPEN,2026-01-15T00:00:00
A002641,P001594,HOME_LOAN,2021-03-19,,OPEN,2026-01-15T00:00:00
A002642,P001103,TERM_DEPOSIT,2024-05-14,,OPEN,2026-01-15T00:00:00
A002643,P001212,SAVINGS,2023-01-01,,DORMANT,2026-01-15T00:00:00
A002644,P000263,TERM_DEPOSIT,2017-11-17,,OPEN,2026-01-15T00:00:00
A002645,P000070,SAVINGS,2025-12-06,,OPEN,2026-01-15T00:00:00
A002646,P001360,TRANSACTION,2025-09-22,,OPEN,2026-01-15T09:00:00
A002647,P001528,CREDIT_CARD,2024-12-28,,OPEN,2026-01-15T00:00:00
A002648,P000176,HOME_LOAN,2017-02-06,,OPEN,2026-01-15T00:00:00
A002649,P000692,TERM_DEPOSIT,2025-09-09,,OPEN,2026-01-15T00:00:00
A002650,P001014,TRANSACTION,2023-08-16,,DORMANT,2026-01-15T00:00:00
A002651,P000415,TRANSACTION,2021-06-19,2026-07-23,CLOSED,2026-02-15T09:00:00
A002652,P000405,SAVINGS,2018-09-23,,OPEN,2026-01-15T00:00:00
A002653,P001730,SAVINGS,2022-05-15,,DORMANT,2026-01-15T00:00:00
A002654,P001561,SAVINGS,2021-09-06,,OPEN,2026-01-15T00:00:00
A002655,P001857,TRANSACTION,2016-11-08,,OPEN,2026-01-15T00:00:00
A002656,P001206,TRANSACTION,2025-04-28,,OPEN,2026-01-15T00:00:00
A002657,P001205,SAVINGS,2020-01-22,,DORMANT,2026-01-15T00:00:00
A002658,P001067,TRANSACTION,2025-03-21,,OPEN,2026-01-15T00:00:00
A002659,P001926,TERM_DEPOSIT,2017-10-21,2026-01-15,CLOSED,2026-01-15T09:00:00
A002660,P001980,TRANSACTION,2016-05-21,,DORMANT,2026-01-15T00:00:00
A002661,P001942,SAVINGS,2024-01-06,,OPEN,2026-01-15T00:00:00
A002662,P000570,TRANSACTION,2022-03-12,,OPEN,2026-01-15T00:00:00
A002663,P001931,HOME_LOAN,2022-03-15,,OPEN,2026-01-15T00:00:00
A002664,P001398,TRANSACTION,2017-06-25,,OPEN,2026-01-15T00:00:00
A002665,P000101,TERM_DEPOSIT,2018-12-27,,OPEN,2026-01-15T00:00:00
A002666,P000908,CREDIT_CARD,2018-01-15,,OPEN,2026-01-15T00:00:00
A002667,P001577,CREDIT_CARD,2021-03-13,,OPEN,2026-01-15T00:00:00
A002668,P001876,TRANSACTION,2021-07-17,,OPEN,2026-01-15T00:00:00
A002669,P000168,SAVINGS,2020-03-21,,OPEN,2026-01-15T00:00:00
A002670,P000878,HOME_LOAN,2024-06-03,,DORMANT,2026-01-15T09:00:00
A002671,P001771,HOME_LOAN,2025-03-18,,OPEN,2026-01-15T09:00:00
A002672,P001831,TERM_DEPOSIT,2022-07-24,,OPEN,2026-01-15T00:00:00
A002673,P000007,TERM_DEPOSIT,2017-05-02,,OPEN,2026-01-15T00:00:00
A002674,P001696,TRANSACTION,2017-11-28,,OPEN,2026-01-15T00:00:00
A002675,P001394,HOME_LOAN,2025-07-21,2031-01-10,CLOSED,2026-01-15T00:00:00
A002676,P001518,SAVINGS,2023-08-01,,OPEN,2026-01-15T00:00:00
A002677,P000886,CREDIT_CARD,2025-11-12,,DORMANT,2026-01-15T00:00:00
A002678,P001267,HOME_LOAN,2023-09-08,,OPEN,2026-01-15T00:00:00
A002679,P000193,HOME_LOAN,2022-09-15,2026-02-23,CLOSED,2026-01-15T00:00:00
A002680,P000286,CREDIT_CARD,2024-07-23,,DORMANT,2026-02-15T09:00:00
A002681,P000835,TERM_DEPOSIT,2019-02-28,,OPEN,2026-01-15T00:00:00
A002682,P001491,TRANSACTION,2018-09-12,,OPEN,2026-01-15T00:00:00
A002683,P000874,CREDIT_CARD,2021-05-30,,DORMANT,2026-01-15T09:00:00
A002684,P001042,CREDIT_CARD,2018-03-22,,DORMANT,2026-01-15T00:00:00
A002685,P001838,SAVINGS,2020-08-04,,OPEN,2026-01-15T00:00:00
A002686,P001659,SAVINGS,2018-07-31,,OPEN,2026-01-15T00:00:00
A002687,P000885,HOME_LOAN,2021-05-16,,DORMANT,2026-01-15T00:00:00
A002688,P001365,TERM_DEPOSIT,2020-01-23,,DORMANT,2026-01-15T00:00:00
A002689,P001340,CREDIT_CARD,2025-09-07,,OPEN,2026-01-15T00:00:00
A002690,P001310,SAVINGS,2016-02-07,,OPEN,2026-01-15T00:00:00
A002691,P000352,HOME_LOAN,2020-10-20,,DORMANT,2026-01-15T00:00:00
A002692,P000885,CREDIT_CARD,2024-03-06,,OPEN,2026-01-15T00:00:00
A002693,P001415,HOME_LOAN,2020-12-24,,OPEN,2026-01-15T00:00:00
A002694,P001408,SAVINGS,2025-11-01,,OPEN,2026-01-15T00:00:00
A002695,P000175,CREDIT_CARD,2020-12-09,,OPEN,2026-01-15T00:00:00
A002696,P000383,HOME_LOAN,2016-10-18,,OPEN,2026-01-15T00:00:00
A002697,P001826,HOME_LOAN,2018-10-10,,OPEN,2026-01-15T00:00:00
A002698,P000596,HOME_LOAN,2019-02-16,,OPEN,2026-01-15T00:00:00
A002699,P000651,HOME_LOAN,2019-06-01,,OPEN,2026-01-15T00:00:00
A002700,P000662,TERM_DEPOSIT,2019-12-15,,OPEN,2026-01-15T00:00:00
A002701,P000952,SAVINGS,2018-12-24,,OPEN,2026-01-15T00:00:00
A002702,P001235,CREDIT_CARD,2021-02-04,,OPEN,2026-01-15T00:00:00
A002703,P001124,SAVINGS,2021-09-11,2026-01-15,CLOSED,2026-01-15T09:00:00
A002704,P001519,HOME_LOAN,2019-09-18,,OPEN,2026-01-15T00:00:00
A002705,P001892,TRANSACTION,2025-09-07,,OPEN,2026-01-15T00:00:00
A002706,P000595,TRANSACTION,2017-12-28,,DORMANT,2026-01-15T00:00:00
A002707,P001826,CREDIT_CARD,2017-04-15,,OPEN,2026-01-15T00:00:00
A002708,P001193,SAVINGS,2022-04-06,,OPEN,2026-01-15T00:00:00
A002709,P001685,SAVINGS,2019-07-20,,OPEN,2026-02-15T09:00:00
A002710,P001767,TERM_DEPOSIT,2019-05-05,2024-05-14,CLOSED,2026-01-15T00:00:00
A002711,P000190,HOME_LOAN,2021-07-07,,OPEN,2026-01-15T00:00:00
A002712,P001327,TRANSACTION,2019-12-26,,OPEN,2026-01-15T00:00:00
A002713,P001076,CREDIT_CARD,2016-07-10,2016-11-27,CLOSED,2026-01-15T00:00:00
A002714,P000739,TRANSACTION,2025-05-01,,DORMANT,2026-01-15T00:00:00
A002715,P000376,TERM_DEPOSIT,2025-11-29,,DORMANT,2026-01-15T09:00:00
A002716,P001307,SAVINGS,2022-12-08,,OPEN,2026-01-15T00:00:00
A002717,P001149,CREDIT_CARD,2020-02-05,,DORMANT,2026-01-15T00:00:00
A002718,P000101,SAVINGS,2022-01-15,,OPEN,2026-01-15T00:00:00
A002719,P000289,HOME_LOAN,2018-10-03,,OPEN,2026-01-15T00:00:00
A002720,P000208,SAVINGS,2023-10-05,,OPEN,2026-01-15T00:00:00
A002721,P000130,HOME_LOAN,2022-02-23,,OPEN,2026-01-15T00:00:00
A002722,P000073,CREDIT_CARD,2021-07-27,,DORMANT,2026-01-15T00:00:00
A002723,P001544,TRANSACTION,2022-11-15,,OPEN,2026-01-15T00:00:00
A002724,P001230,TERM_DEPOSIT,2021-06-16,,DORMANT,2026-02-15T09:00:00
A002725,P000331,SAVINGS,2024-04-14,2029-03-21,CLOSED,2026-01-15T00:00:00
A002726,P000431,TRANSACTION,2023-11-03,,OPEN,2026-01-15T00:00:00
A002727,P000787,SAVINGS,2018-11-07,,OPEN,2026-01-15T00:00:00
A002728,P001950,CREDIT_CARD,2025-06-28,,OPEN,2026-01-15T00:00:00
A002729,P001925,SAVINGS,2018-10-17,,DORMANT,2026-02-15T09:00:00
A002730,P000353,CREDIT_CARD,2016-11-06,,OPEN,2026-01-15T00:00:00
A002731,P000284,TERM_DEPOSIT,2018-08-28,,OPEN,2026-01-15T00:00:00
A002732,P000924,TERM_DEPOSIT,2018-02-02,,DORMANT,2026-01-15T00:00:00
A002733,P001623,TERM_DEPOSIT,2023-04-12,,OPEN,2026-01-15T00:00:00
A002734,P000668,CREDIT_CARD,2025-09-06,,OPEN,2026-01-15T00:00:00
A002735,P001652,TERM_DEPOSIT,2017-03-11,,OPEN,2026-01-15T00:00:00
A002736,P001358,HOME_LOAN,2022-07-16,,OPEN,2026-01-15T00:00:00
A002737,P001389,CREDIT_CARD,2021-11-02,,DORMANT,2026-01-15T00:00:00
A002738,P000779,HOME_LOAN,2023-02-03,,OPEN,2026-01-15T00:00:00
A002739,P000741,TERM_DEPOSIT,2020-06-06,,OPEN,2026-01-15T00:00:00
A002740,P000448,TERM_DEPOSIT,2023-02-14,,DORMANT,2026-01-15T00:00:00
A002741,P000574,CREDIT_CARD,2022-04-04,,OPEN,2026-01-15T00:00:00
A002742,P001124,HOME_LOAN,2018-08-11,,OPEN,2026-01-15T00:00:00
A002743,P000724,HOME_LOAN,2018-07-12,,DORMANT,2026-01-15T00:00:00
A002744,P001787,TERM_DEPOSIT,2023-09-25,,OPEN,2026-01-15T00:00:00
A002745,P000607,HOME_LOAN,2020-04-11,,OPEN,2026-01-15T09:00:00
A002746,P001354,TERM_DEPOSIT,2017-08-24,,DORMANT,2026-01-15T00:00:00
A002747,P000878,SAVINGS,2018-08-13,,OPEN,2026-01-15T09:00:00
A002748,P001012,SAVINGS,2016-05-17,,OPEN,2026-01-15T00:00:00
A002749,P001699,TERM_DEPOSIT,2021-02-02,2024-02-27,CLOSED,2026-01-15T00:00:00
A002750,P000060,CREDIT_CARD,2022-06-13,,OPEN,2026-01-15T00:00:00
A002751,P000964,TRANSACTION,2020-08-28,,OPEN,2026-01-15T00:00:00
A002752,P000595,SAVINGS,2020-04-06,,DORMANT,2026-01-15T00:00:00
A002753,P001332,CREDIT_CARD,2024-03-05,2026-02-15,CLOSED,2026-02-15T09:00:00
A002754,P001148,SAVINGS,2017-04-23,,DORMANT,2026-01-15T00:00:00
A002755,P000515,TERM_DEPOSIT,2018-08-05,,DORMANT,2026-01-15T00:00:00
A002756,P001492,CREDIT_CARD,2023-03-24,2026-02-15,CLOSED,2026-02-15T09:00:00
A002757,P001774,HOME_LOAN,2019-04-07,,OPEN,2026-01-15T00:00:00
A002758,P001562,TERM_DEPOSIT,2025-08-09,,OPEN,2026-01-15T00:00:00
A002759,P000739,TRANSACTION,2022-05-19,,OPEN,2026-01-15T00:00:00
A002760,P000551,CREDIT_CARD,2019-04-12,,OPEN,2026-01-15T00:00:00
A002761,P001684,TRANSACTION,2020-10-05,,OPEN,2026-01-15T00:00:00
A002762,P000574,SAVINGS,2025-05-21,2026-01-15,CLOSED,2026-01-15T09:00:00
A002763,P000401,HOME_LOAN,2017-06-16,,OPEN,2026-01-15T00:00:00
A002764,P000915,SAVINGS,2025-06-12,,OPEN,2026-01-15T00:00:00
A002765,P000290,HOME_LOAN,2017-09-05,,OPEN,2026-01-15T00:00:00
A002766,P001614,TERM_DEPOSIT,2022-06-06,,OPEN,2026-01-15T00:00:00
A002767,P001404,TRANSACTION,2018-06-25,,OPEN,2026-01-15T00:00:00
A002768,P000058,TRANSACTION,2023-04-02,,OPEN,2026-01-15T00:00:00
A002769,P001145,TERM_DEPOSIT,2021-03-25,,OPEN,2026-01-15T00:00:00
A002770,P001385,SAVINGS,2024-09-22,2026-01-15,CLOSED,2026-01-15T09:00:00
A002771,P000009,TERM_DEPOSIT,2018-03-26,,OPEN,2026-01-15T00:00:00
A002772,P000378,HOME_LOAN,2022-02-09,,OPEN,2026-01-15T00:00:00
A002773,P000703,SAVINGS,2024-11-26,,OPEN,2026-01-15T00:00:00
A002774,P000950,HOME_LOAN,2025-03-26,,OPEN,2026-01-15T00:00:00
A002775,P001406,SAVINGS,2022-12-28,,OPEN,2026-01-15T09:00:00
A002776,P001006,HOME_LOAN,2016-09-18,,OPEN,2026-01-15T00:00:00
A002777,P000677,SAVINGS,2016-05-01,,DORMANT,2026-01-15T00:00:00
A002778,P001484,TRANSACTION,2025-01-28,,OPEN,2026-01-15T00:00:00
A002779,P001345,TERM_DEPOSIT,2024-09-15,,OPEN,2026-01-15T00:00:00
A002780,P001779,SAVINGS,2019-07-02,,OPEN,2026-01-15T00:00:00
A002781,P001812,CREDIT_CARD,2021-06-18,,OPEN,2026-01-15T00:00:00
A002782,P001129,CREDIT_CARD,2016-10-18,2026-02-15,CLOSED,2026-02-15T09:00:00
A002783,P001855,SAVINGS,2016-07-14,,OPEN,2026-01-15T00:00:00
A002784,P000227,TRANSACTION,2016-12-02,,OPEN,2026-01-15T00:00:00
A002785,P000457,HOME_LOAN,2020-02-02,,OPEN,2026-01-15T00:00:00
A002786,P001386,TERM_DEPOSIT,2023-10-20,,OPEN,2026-01-15T00:00:00
A002787,P001954,TRANSACTION,2022-01-19,,OPEN,2026-01-15T00:00:00
A002788,P000883,TRANSACTION,2023-01-18,,OPEN,2026-01-15T00:00:00
A002789,P001861,TRANSACTION,2017-01-03,,OPEN,2026-01-15T00:00:00
A002790,P000192,TRANSACTION,2019-05-28,,OPEN,2026-01-15T00:00:00
A002791,P001890,TERM_DEPOSIT,2020-08-12,,OPEN,2026-01-15T00:00:00
A002792,P000640,SAVINGS,2022-02-06,2026-01-15,CLOSED,2026-01-15T09:00:00
A002793,P000064,CREDIT_CARD,2018-03-28,,OPEN,2026-01-15T00:00:00
A002794,P001113,TRANSACTION,2024-06-09,,OPEN,2026-01-15T00:00:00
A002795,P000506,CREDIT_CARD,2021-04-19,,OPEN,2026-01-15T00:00:00
A002796,P001727,SAVINGS,2023-02-26,,OPEN,2026-01-15T00:00:00
A002797,P000650,CREDIT_CARD,2016-06-22,,OPEN,2026-01-15T00:00:00
A002798,P001472,SAVINGS,2021-10-04,2026-03-10,CLOSED,2026-01-15T00:00:00
A002799,P000207,SAVINGS,2021-03-10,,OPEN,2026-01-15T00:00:00
A002800,P001052,TERM_DEPOSIT,2017-07-06,,OPEN,2026-01-15T00:00:00
A002801,P001998,CREDIT_CARD,2020-01-24,,OPEN,2026-01-15T00:00:00
A002802,P001206,HOME_LOAN,2021-07-24,,OPEN,2026-01-15T00:00:00
A002803,P000479,TRANSACTION,2025-04-18,,OPEN,2026-01-15T00:00:00
A002804,P000492,TRANSACTION,2019-03-12,,DORMANT,2026-01-15T00:00:00
A002805,P001890,HOME_LOAN,2017-02-05,,DORMANT,2026-01-15T00:00:00
A002806,P000151,CREDIT_CARD,2019-04-04,,OPEN,2026-01-15T00:00:00
A002807,P000121,TERM_DEPOSIT,2017-08-10,,OPEN,2026-01-15T00:00:00
A002808,P000675,HOME_LOAN,2022-03-13,,OPEN,2026-01-15T00:00:00
A002809,P000292,SAVINGS,2016-09-30,,OPEN,2026-01-15T00:00:00
A002810,P000857,CREDIT_CARD,2018-05-14,,OPEN,2026-01-15T00:00:00
A002811,P000204,SAVINGS,2023-05-29,,OPEN,2026-01-15T00:00:00
A002812,P001600,SAVINGS,2017-06-06,,OPEN,2026-01-15T00:00:00
A002813,P001883,HOME_LOAN,2016-09-04,,OPEN,2026-01-15T00:00:00
A002814,P000631,HOME_LOAN,2020-01-04,2022-02-06,CLOSED,2026-01-15T00:00:00
A002815,P001346,TERM_DEPOSIT,2016-06-04,,DORMANT,2026-01-15T00:00:00
A002816,P000297,TERM_DEPOSIT,2018-09-01,,OPEN,2026-01-15T00:00:00
A002817,P000820,TERM_DEPOSIT,2019-02-22,,DORMANT,2026-01-15T00:00:00
A002818,P001391,SAVINGS,2021-11-07,,OPEN,2026-01-15T00:00:00
A002819,P001479,SAVINGS,2019-10-05,,OPEN,2026-01-15T00:00:00
A002820,P000271,CREDIT_CARD,2024-10-04,2026-01-15,CLOSED,2026-01-15T09:00:00
A002821,P000904,CREDIT_CARD,2021-11-26,,OPEN,2026-01-15T00:00:00
A002822,P001248,TRANSACTION,2020-09-22,,DORMANT,2026-02-15T09:00:00
A002823,P000599,HOME_LOAN,2024-09-21,,OPEN,2026-01-15T00:00:00
A002824,P001287,TERM_DEPOSIT,2025-09-08,,OPEN,2026-01-15T00:00:00
A002825,P001067,SAVINGS,2023-10-14,,DORMANT,2026-01-15T00:00:00
A002826,P000892,HOME_LOAN,2018-09-15,,OPEN,2026-01-15T00:00:00
A002827,P001629,TRANSACTION,2021-10-13,2026-02-15,CLOSED,2026-02-15T09:00:00
A002828,P001752,SAVINGS,2025-07-13,,OPEN,2026-01-15T00:00:00
A002829,P000990,CREDIT_CARD,2018-07-05,2019-05-04,CLOSED,2026-01-15T00:00:00
A002830,P000656,TRANSACTION,2018-05-10,,OPEN,2026-01-15T09:00:00
A002831,P001197,TRANSACTION,2021-05-20,,OPEN,2026-01-15T00:00:00
A002832,P001238,SAVINGS,2018-05-30,,DORMANT,2026-01-15T00:00:00
A002833,P001965,TERM_DEPOSIT,2021-08-03,,DORMANT,2026-01-15T00:00:00
A002834,P000925,SAVINGS,2016-11-20,,OPEN,2026-01-15T00:00:00
A002835,P000228,CREDIT_CARD,2016-05-06,,OPEN,2026-01-15T00:00:00
A002836,P000170,TRANSACTION,2024-05-17,,OPEN,2026-01-15T00:00:00
A002837,P000468,HOME_LOAN,2017-10-05,,OPEN,2026-01-15T00:00:00
A002838,P001215,HOME_LOAN,2024-03-19,,OPEN,2026-01-15T00:00:00
A002839,P001842,TRANSACTION,2023-03-14,,OPEN,2026-02-15T09:00:00
A002840,P000446,CREDIT_CARD,2017-02-19,,OPEN,2026-01-15T00:00:00
A002841,P000233,TRANSACTION,2021-01-29,,OPEN,2026-01-15T00:00:00
A002842,P001052,CREDIT_CARD,2021-12-07,,OPEN,2026-01-15T00:00:00
A002843,P001317,TERM_DEPOSIT,2020-06-29,,OPEN,2026-01-15T00:00:00
A002844,P001516,HOME_LOAN,2022-01-28,,DORMANT,2026-01-15T00:00:00
A002845,P000764,SAVINGS,2016-07-14,,OPEN,2026-01-15T00:00:00
A002846,P000650,TRANSACTION,2025-04-29,,OPEN,2026-01-15T00:00:00
A002847,P000363,TRANSACTION,2025-11-04,,OPEN,2026-01-15T09:00:00
A002848,P000772,HOME_LOAN,2024-06-28,,OPEN,2026-01-15T00:00:00
A002849,P001136,HOME_LOAN,2023-03-23,,OPEN,2026-01-15T00:00:00
A002850,P001525,TERM_DEPOSIT,2025-07-29,,DORMANT,2026-01-15T00:00:00
A002851,P000113,SAVINGS,2018-10-21,,OPEN,2026-01-15T00:00:00
A002852,P000818,CREDIT_CARD,2019-04-18,,OPEN,2026-01-15T00:00:00
A002853,P000486,TRANSACTION,2017-06-03,,OPEN,2026-01-15T00:00:00
A002854,P001599,SAVINGS,2022-11-28,,OPEN,2026-01-15T00:00:00
A002855,P001412,CREDIT_CARD,2022-11-24,,OPEN,2026-01-15T00:00:00
A002856,P001280,TRANSACTION,2018-05-05,,OPEN,2026-01-15T00:00:00
A002857,P000299,SAVINGS,2019-12-11,,OPEN,2026-01-15T00:00:00
A002858,P001034,TRANSACTION,2017-02-11,,OPEN,2026-01-15T00:00:00
A002859,P000498,HOME_LOAN,2025-06-17,,OPEN,2026-01-15T00:00:00
A002860,P000353,TRANSACTION,2018-07-03,,OPEN,2026-01-15T00:00:00
A002861,P000642,TRANSACTION,2025-06-01,,DORMANT,2026-01-15T09:00:00
A002862,P000768,TRANSACTION,2023-03-24,,DORMANT,2026-02-15T09:00:00
A002863,P000327,SAVINGS,2024-10-31,,OPEN,2026-01-15T00:00:00
A002864,P001096,HOME_LOAN,2025-12-05,,OPEN,2026-01-15T00:00:00
A002865,P000483,SAVINGS,2024-01-24,,OPEN,2026-01-15T00:00:00
A002866,P001515,SAVINGS,2025-08-09,,OPEN,2026-01-15T00:00:00
A002867,P001805,CREDIT_CARD,2018-04-11,,OPEN,2026-01-15T00:00:00
A002868,P001596,CREDIT_CARD,2020-02-04,,OPEN,2026-01-15T00:00:00
A002869,P000018,SAVINGS,2023-06-20,,OPEN,2026-01-15T00:00:00
A002870,P001367,TRANSACTION,2019-12-07,,OPEN,2026-01-15T09:00:00
A002871,P000980,SAVINGS,2018-09-08,,DORMANT,2026-01-15T09:00:00
A002872,P000025,CREDIT_CARD,2017-09-06,,OPEN,2026-01-15T00:00:00
A002873,P001446,TERM_DEPOSIT,2017-07-23,,OPEN,2026-01-15T00:00:00
A002874,P000987,SAVINGS,2018-09-10,,OPEN,2026-01-15T00:00:00
A002875,P000724,SAVINGS,2025-06-10,,OPEN,2026-01-15T00:00:00
A002876,P001468,TRANSACTION,2025-01-20,,OPEN,2026-01-15T00:00:00
A002877,P000970,TRANSACTION,2017-03-16,,OPEN,2026-01-15T00:00:00
A002878,P000494,TERM_DEPOSIT,2020-11-02,,OPEN,2026-01-15T00:00:00
A002879,P001626,TRANSACTION,2019-09-03,,OPEN,2026-01-15T00:00:00
A002880,P001091,HOME_LOAN,2017-01-18,2026-01-15,CLOSED,2026-01-15T09:00:00
A002881,P000443,CREDIT_CARD,2022-05-13,,OPEN,2026-01-15T00:00:00
A002882,P000165,TRANSACTION,2025-11-20,,OPEN,2026-01-15T00:00:00
A002883,P001543,TRANSACTION,2016-01-25,,OPEN,2026-01-15T00:00:00
A002884,P001316,TERM_DEPOSIT,2018-12-25,,OPEN,2026-01-15T00:00:00
A002885,P000744,CREDIT_CARD,2021-11-26,,OPEN,2026-01-15T00:00:00
A002886,P001263,CREDIT_CARD,2019-03-03,,OPEN,2026-01-15T00:00:00
A002887,P001684,TRANSACTION,2022-02-06,,OPEN,2026-01-15T00:00:00
A002888,P000876,CREDIT_CARD,2019-03-26,,OPEN,2026-02-15T09:00:00
A002889,P000913,TRANSACTION,2025-01-30,,OPEN,2026-01-15T00:00:00
A002890,P001026,HOME_LOAN,2018-03-30,,OPEN,2026-01-15T00:00:00
A002891,P001733,CREDIT_CARD,2021-04-21,,OPEN,2026-01-15T00:00:00
A002892,P000820,TRANSACTION,2023-04-06,,OPEN,2026-01-15T00:00:00
A002893,P001566,CREDIT_CARD,2024-06-14,,OPEN,2026-01-15T00:00:00
A002894,P000448,TRANSACTION,2017-04-03,,OPEN,2026-01-15T00:00:00
A002895,P000424,CREDIT_CARD,2021-10-14,,OPEN,2026-01-15T00:00:00
A002896,P001732,HOME_LOAN,2024-11-08,,OPEN,2026-01-15T00:00:00
A002897,P001685,TRANSACTION,2020-08-07,,OPEN,2026-01-15T00:00:00
A002898,P000445,TERM_DEPOSIT,2024-02-06,,OPEN,2026-01-15T00:00:00
A002899,P000140,TERM_DEPOSIT,2018-06-24,,OPEN,2026-01-15T00:00:00
A002900,P001814,CREDIT_CARD,2022-08-17,,OPEN,2026-01-15T00:00:00
A002901,P000419,SAVINGS,2023-12-27,,OPEN,2026-01-15T00:00:00
A002902,P001392,TRANSACTION,2025-12-13,,OPEN,2026-01-15T00:00:00
A002903,P000852,TRANSACTION,2025-02-26,,DORMANT,2026-01-15T00:00:00
A002904,P001282,TRANSACTION,2018-04-15,,OPEN,2026-01-15T00:00:00
A002905,P001047,SAVINGS,2021-10-04,,OPEN,2026-01-15T00:00:00
A002906,P001089,CREDIT_CARD,2024-09-11,,OPEN,2026-01-15T00:00:00
A002907,P000851,TERM_DEPOSIT,2023-08-21,,DORMANT,2026-01-15T00:00:00
A002908,P000512,CREDIT_CARD,2020-08-02,,OPEN,2026-01-15T00:00:00
A002909,P001157,CREDIT_CARD,2022-06-13,,OPEN,2026-01-15T00:00:00
A002910,P000989,TRANSACTION,2019-04-23,,OPEN,2026-01-15T00:00:00
A002911,P001144,SAVINGS,2023-07-14,,OPEN,2026-01-15T00:00:00
A002912,P001108,SAVINGS,2025-12-04,2026-02-15,CLOSED,2026-02-15T09:00:00
A002913,P001885,SAVINGS,2020-07-03,,OPEN,2026-01-15T00:00:00
A002914,P001413,TRANSACTION,2021-06-16,,OPEN,2026-01-15T00:00:00
A002915,P001997,SAVINGS,2017-05-17,,OPEN,2026-01-15T09:00:00
A002916,P001596,HOME_LOAN,2017-08-02,2018-05-21,CLOSED,2026-01-15T00:00:00
A002917,P000988,TRANSACTION,2018-07-18,,OPEN,2026-01-15T00:00:00
A002918,P000456,TERM_DEPOSIT,2021-08-29,,OPEN,2026-01-15T00:00:00
A002919,P000541,TRANSACTION,2025-03-28,,OPEN,2026-01-15T00:00:00
A002920,P001404,SAVINGS,2021-09-24,,OPEN,2026-01-15T00:00:00
A002921,P001112,CREDIT_CARD,2019-06-20,2026-02-15,CLOSED,2026-02-15T09:00:00
A002922,P000321,TERM_DEPOSIT,2024-01-19,,OPEN,2026-01-15T00:00:00
A002923,P000394,TRANSACTION,2020-07-30,,OPEN,2026-01-15T00:00:00
A002924,P000914,HOME_LOAN,2024-12-23,,OPEN,2026-01-15T00:00:00
A002925,P000820,TRANSACTION,2017-04-18,2022-03-19,CLOSED,2026-01-15T00:00:00
A002926,P001386,CREDIT_CARD,2016-09-06,,OPEN,2026-01-15T00:00:00
A002927,P001618,HOME_LOAN,2020-01-24,,OPEN,2026-01-15T00:00:00
A002928,P001180,CREDIT_CARD,2018-08-08,,OPEN,2026-01-15T00:00:00
A002929,P000919,HOME_LOAN,2022-10-07,,OPEN,2026-01-15T00:00:00
A002930,P000330,SAVINGS,2019-03-25,,OPEN,2026-01-15T00:00:00
A002931,P000226,TERM_DEPOSIT,2024-10-06,,OPEN,2026-01-15T00:00:00
A002932,P001619,TERM_DEPOSIT,2019-11-01,,DORMANT,2026-01-15T00:00:00
A002933,P001510,TRANSACTION,2021-04-11,,OPEN,2026-01-15T00:00:00
A002934,P001357,TRANSACTION,2019-10-05,,OPEN,2026-01-15T00:00:00
A002935,P001008,SAVINGS,2025-11-08,,OPEN,2026-01-15T00:00:00
A002936,P001749,TERM_DEPOSIT,2018-11-15,,DORMANT,2026-02-15T09:00:00
A002937,P000193,CREDIT_CARD,2021-05-27,,DORMANT,2026-01-15T00:00:00
A002938,P000344,HOME_LOAN,2023-09-19,,OPEN,2026-02-15T09:00:00
A002939,P000750,TERM_DEPOSIT,2020-10-15,2023-06-20,CLOSED,2026-01-15T00:00:00
A002940,P001775,CREDIT_CARD,2016-10-14,,OPEN,2026-01-15T00:00:00
A002941,P000624,HOME_LOAN,2024-10-19,,OPEN,2026-01-15T00:00:00
A002942,P001871,HOME_LOAN,2021-05-10,,OPEN,2026-01-15T00:00:00
A002943,P001175,SAVINGS,2020-04-09,,OPEN,2026-01-15T00:00:00
A002944,P001455,HOME_LOAN,2020-01-25,,DORMANT,2026-01-15T00:00:00
A002945,P001198,TRANSACTION,2018-09-09,,OPEN,2026-01-15T00:00:00
A002946,P001941,SAVINGS,2021-07-25,,OPEN,2026-01-15T00:00:00
A002947,P001563,SAVINGS,2018-02-19,,OPEN,2026-02-15T09:00:00
A002948,P001023,TRANSACTION,2018-10-01,,DORMANT,2026-01-15T00:00:00
A002949,P000712,SAVINGS,2021-03-08,2025-10-21,CLOSED,2026-01-15T00:00:00
A002950,P000235,CREDIT_CARD,2018-04-19,,OPEN,2026-01-15T00:00:00
A002951,P001415,SAVINGS,2023-06-22,,DORMANT,2026-01-15T00:00:00
A002952,P001643,SAVINGS,2021-03-26,,DORMANT,2026-01-15T00:00:00
A002953,P001763,HOME_LOAN,2025-02-05,,OPEN,2026-01-15T00:00:00
A002954,P000075,TRANSACTION,2022-04-07,,OPEN,2026-01-15T00:00:00
A002955,P001709,TRANSACTION,2022-06-24,,DORMANT,2026-02-15T09:00:00
A002956,P000334,HOME_LOAN,2023-03-29,,OPEN,2026-01-15T00:00:00
A002957,P000760,HOME_LOAN,2021-12-14,,OPEN,2026-01-15T00:00:00
A002958,P000460,TERM_DEPOSIT,2017-04-02,,OPEN,2026-01-15T00:00:00
A002959,P001981,SAVINGS,2018-03-02,,OPEN,2026-01-15T00:00:00
A002960,P001200,HOME_LOAN,2018-05-02,,OPEN,2026-01-15T00:00:00
A002961,P000313,CREDIT_CARD,2017-06-15,,DORMANT,2026-01-15T00:00:00
A002962,P001500,SAVINGS,2016-06-02,,OPEN,2026-01-15T00:00:00
A002963,P000297,TERM_DEPOSIT,2019-03-11,,OPEN,2026-01-15T00:00:00
A002964,P000700,TRANSACTION,2017-03-30,2019-11-11,CLOSED,2026-01-15T00:00:00
A002965,P001707,HOME_LOAN,2016-11-21,,OPEN,2026-01-15T00:00:00
A002966,P000660,HOME_LOAN,2018-02-07,,OPEN,2026-01-15T09:00:00
A002967,P001288,TERM_DEPOSIT,2016-02-01,,DORMANT,2026-01-15T00:00:00
A002968,P000862,SAVINGS,2016-08-17,,OPEN,2026-01-15T00:00:00
A002969,P000373,SAVINGS,2024-10-07,,DORMANT,2026-01-15T00:00:00
A002970,P000248,HOME_LOAN,2021-05-29,,DORMANT,2026-01-15T00:00:00
A002971,P001225,TERM_DEPOSIT,2021-07-12,,OPEN,2026-01-15T00:00:00
A002972,P001689,SAVINGS,2021-12-11,,OPEN,2026-01-15T00:00:00
A002973,P000515,TERM_DEPOSIT,2017-11-06,,OPEN,2026-01-15T00:00:00
A002974,P000797,SAVINGS,2023-05-04,,DORMANT,2026-01-15T09:00:00
A002975,P000496,TRANSACTION,2017-04-04,,OPEN,2026-01-15T00:00:00
A002976,P001224,CREDIT_CARD,2017-04-21,,DORMANT,2026-01-15T00:00:00
A002977,P000691,HOME_LOAN,2020-02-11,,OPEN,2026-01-15T00:00:00
A002978,P000877,TERM_DEPOSIT,2025-06-11,,OPEN,2026-01-15T00:00:00
A002979,P001186,HOME_LOAN,2021-11-23,,OPEN,2026-01-15T09:00:00
A002980,P000568,TRANSACTION,2020-09-30,,OPEN,2026-01-15T00:00:00
A002981,P001251,HOME_LOAN,2019-08-27,2024-09-03,CLOSED,2026-01-15T00:00:00
A002982,P000943,CREDIT_CARD,2023-12-27,,OPEN,2026-01-15T00:00:00
A002983,P000385,TERM_DEPOSIT,2018-10-29,,OPEN,2026-01-15T00:00:00
A002984,P001895,TRANSACTION,2018-08-30,,DORMANT,2026-01-15T00:00:00
A002985,P000131,TRANSACTION,2021-04-07,,OPEN,2026-01-15T00:00:00
A002986,P001972,HOME_LOAN,2016-02-14,,OPEN,2026-01-15T00:00:00
A002987,P000878,CREDIT_CARD,2020-09-06,,OPEN,2026-01-15T00:00:00
A002988,P000278,TRANSACTION,2025-08-21,,OPEN,2026-01-15T00:00:00
A002989,P001447,TERM_DEPOSIT,2020-08-03,,OPEN,2026-01-15T00:00:00
A002990,P000369,TERM_DEPOSIT,2025-11-01,,OPEN,2026-01-15T00:00:00
A002991,P001323,SAVINGS,2024-06-21,,OPEN,2026-01-15T00:00:00
A002992,P000553,TRANSACTION,2017-09-19,,DORMANT,2026-01-15T00:00:00
A002993,P001801,SAVINGS,2018-03-29,,OPEN,2026-01-15T00:00:00
A002994,P000843,SAVINGS,2016-11-13,,DORMANT,2026-01-15T00:00:00
A002995,P000888,TERM_DEPOSIT,2023-11-20,,OPEN,2026-01-15T00:00:00
A002996,P000192,HOME_LOAN,2022-07-02,,DORMANT,2026-01-15T00:00:00
A002997,P000634,TERM_DEPOSIT,2024-11-02,,OPEN,2026-01-15T00:00:00
A002998,P001558,HOME_LOAN,2022-12-13,,OPEN,2026-01-15T00:00:00
A002999,P000318,TRANSACTION,2016-03-04,,DORMANT,2026-01-15T00:00:00
A000108,P000226,TRANSACTION,2016-12-12,,DORMANT,2026-02-15T09:00:00
A000226,P000644,TERM_DEPOSIT,2018-10-07,,OPEN,2026-01-15T00:00:00
A000236,P000759,TERM_DEPOSIT,2018-09-13,,OPEN,2026-01-15T00:00:00
A000527,P000006,TRANSACTION,2023-11-06,,OPEN,2026-01-15T00:00:00
A000739,P001767,CREDIT_CARD,2020-11-11,,DORMANT,2026-01-15T00:00:00
A000890,P001391,TERM_DEPOSIT,2025-12-14,2026-02-15,CLOSED,2026-02-15T09:00:00
A001049,P001912,HOME_LOAN,2023-08-15,,OPEN,2026-01-15T00:00:00
A001085,P000760,SAVINGS,2023-07-19,,OPEN,2026-01-15T00:00:00
A001257,P000478,TERM_DEPOSIT,2016-05-07,,OPEN,2026-01-15T00:00:00
A001276,P001882,CREDIT_CARD,2025-10-23,,OPEN,2026-01-15T00:00:00
A001806,P000163,CREDIT_CARD,2018-10-11,,DORMANT,2026-01-15T00:00:00
A002214,P000818,TERM_DEPOSIT,2022-07-19,,OPEN,2026-01-15T00:00:00
A002474,P000082,TRANSACTION,2022-06-19,,OPEN,2026-01-15T00:00:00
A002885,P000744,CREDIT_CARD,2021-11-26,,OPEN,2026-01-15T00:00:00
A002919,P000541,TRANSACTION,2025-03-28,,OPEN,2026-01-15T00:00:00
